slug,name,group,status,prototype,symbol,prompt
ganpati-pooja,Ganpati Pooja,Service Discovery / Mega Menu,redesign,prototypes/ganpati-pooja.svg,"modak sweet with a small curved trunk-like swirl and a tilak dot above, symbol of Ganesha","Design the ""Ganpati Pooja"" icon for VaranasiPooja.com. Subject: modak sweet with a small curved trunk-like swirl and a tilak dot above, symbol of Ganesha. Composition: one clear symbol, perfectly centred, balanced negative space, readable at 24px and 512px. Premium devotional icon, flat vector, single symbol centred on a 512x512 transparent artboard with 48px safe padding. Monoline style: 20px uniform stroke, round caps and joins, filled accents only where noted. Colour: gold gradient #F3D48A to #B08A4C for strokes, kumkum red #C0392B only for tilak/bindu/small accents, ivory #FFF8E8 for highlights. No text, no letters, no background tile, no glow, no drop shadow, no 3D, no photorealism, no human faces or deity bodies/idols - deities shown only through their symbols. No diya/flame unless the subject is about lamp, aarti, havan or fire. Geometric, symmetric, crisp at 24px, consistent optical weight with the whole set. Avoid: text, letters, numbers, watermark, background square or tile, glossy glass, bevel, 3D render, photorealism, drop shadow, outer glow, gradient mesh noise, sketchy or hand-drawn lines, uneven stroke widths, human faces, deity bodies or idols, weapons shown violently, brand logos, clutter."
shiv-pooja,Shiv Pooja,Service Discovery / Mega Menu,redesign,prototypes/shiv-pooja.svg,Shiva lingam on its yoni base with three horizontal tripundra lines and a red bindu,"Design the ""Shiv Pooja"" icon for VaranasiPooja.com. Subject: Shiva lingam on its yoni base with three horizontal tripundra lines and a red bindu. Composition: one clear symbol, perfectly centred, balanced negative space, readable at 24px and 512px. Premium devotional icon, flat vector, single symbol centred on a 512x512 transparent artboard with 48px safe padding. Monoline style: 20px uniform stroke, round caps and joins, filled accents only where noted. Colour: gold gradient #F3D48A to #B08A4C for strokes, kumkum red #C0392B only for tilak/bindu/small accents, ivory #FFF8E8 for highlights. No text, no letters, no background tile, no glow, no drop shadow, no 3D, no photorealism, no human faces or deity bodies/idols - deities shown only through their symbols. No diya/flame unless the subject is about lamp, aarti, havan or fire. Geometric, symmetric, crisp at 24px, consistent optical weight with the whole set. Avoid: text, letters, numbers, watermark, background square or tile, glossy glass, bevel, 3D render, photorealism, drop shadow, outer glow, gradient mesh noise, sketchy or hand-drawn lines, uneven stroke widths, human faces, deity bodies or idols, weapons shown violently, brand logos, clutter."
guardian-protector,Guardian Protector,Service Discovery / Mega Menu,redesign,prototypes/guardian-protector.svg,"trishul crossed with a small shield, protective guardian emblem","Design the ""Guardian Protector"" icon for VaranasiPooja.com. Subject: trishul crossed with a small shield, protective guardian emblem. Composition: one clear symbol, perfectly centred, balanced negative space, readable at 24px and 512px. Premium devotional icon, flat vector, single symbol centred on a 512x512 transparent artboard with 48px safe padding. Monoline style: 20px uniform stroke, round caps and joins, filled accents only where noted. Colour: gold gradient #F3D48A to #B08A4C for strokes, kumkum red #C0392B only for tilak/bindu/small accents, ivory #FFF8E8 for highlights. No text, no letters, no background tile, no glow, no drop shadow, no 3D, no photorealism, no human faces or deity bodies/idols - deities shown only through their symbols. No diya/flame unless the subject is about lamp, aarti, havan or fire. Geometric, symmetric, crisp at 24px, consistent optical weight with the whole set. Avoid: text, letters, numbers, watermark, background square or tile, glossy glass, bevel, 3D render, photorealism, drop shadow, outer glow, gradient mesh noise, sketchy or hand-drawn lines, uneven stroke widths, human faces, deity bodies or idols, weapons shown violently, brand logos, clutter."
pitru-karya,Pitru Karya,Service Discovery / Mega Menu,redesign,prototypes/pitru-karya.svg,three rice pinda balls on a leaf plate with a single kusha grass blade,"Design the ""Pitru Karya"" icon for VaranasiPooja.com. Subject: three rice pinda balls on a leaf plate with a single kusha grass blade. Composition: one clear symbol, perfectly centred, balanced negative space, readable at 24px and 512px. Premium devotional icon, flat vector, single symbol centred on a 512x512 transparent artboard with 48px safe padding. Monoline style: 20px uniform stroke, round caps and joins, filled accents only where noted. Colour: gold gradient #F3D48A to #B08A4C for strokes, kumkum red #C0392B only for tilak/bindu/small accents, ivory #FFF8E8 for highlights. No text, no letters, no background tile, no glow, no drop shadow, no 3D, no photorealism, no human faces or deity bodies/idols - deities shown only through their symbols. No diya/flame unless the subject is about lamp, aarti, havan or fire. Geometric, symmetric, crisp at 24px, consistent optical weight with the whole set. Avoid: text, letters, numbers, watermark, background square or tile, glossy glass, bevel, 3D render, photorealism, drop shadow, outer glow, gradient mesh noise, sketchy or hand-drawn lines, uneven stroke widths, human faces, deity bodies or idols, weapons shown violently, brand logos, clutter."
grah-shanti,Grah Shanti,Service Discovery / Mega Menu,redesign,prototypes/grah-shanti.svg,central sun disc surrounded by a ring of nine small planet dots,"Design the ""Grah Shanti"" icon for VaranasiPooja.com. Subject: central sun disc surrounded by a ring of nine small planet dots. Composition: one clear symbol, perfectly centred, balanced negative space, readable at 24px and 512px. Premium devotional icon, flat vector, single symbol centred on a 512x512 transparent artboard with 48px safe padding. Monoline style: 20px uniform stroke, round caps and joins, filled accents only where noted. Colour: gold gradient #F3D48A to #B08A4C for strokes, kumkum red #C0392B only for tilak/bindu/small accents, ivory #FFF8E8 for highlights. No text, no letters, no background tile, no glow, no drop shadow, no 3D, no photorealism, no human faces or deity bodies/idols - deities shown only through their symbols. No diya/flame unless the subject is about lamp, aarti, havan or fire. Geometric, symmetric, crisp at 24px, consistent optical weight with the whole set. Avoid: text, letters, numbers, watermark, background square or tile, glossy glass, bevel, 3D render, photorealism, drop shadow, outer glow, gradient mesh noise, sketchy or hand-drawn lines, uneven stroke widths, human faces, deity bodies or idols, weapons shown violently, brand logos, clutter."
devi-pooja,Devi Pooja,Service Discovery / Mega Menu,redesign,prototypes/devi-pooja.svg,lotus flower with a red bindu and a small crown/mukut outline above,"Design the ""Devi Pooja"" icon for VaranasiPooja.com. Subject: lotus flower with a red bindu and a small crown/mukut outline above. Composition: one clear symbol, perfectly centred, balanced negative space, readable at 24px and 512px. Premium devotional icon, flat vector, single symbol centred on a 512x512 transparent artboard with 48px safe padding. Monoline style: 20px uniform stroke, round caps and joins, filled accents only where noted. Colour: gold gradient #F3D48A to #B08A4C for strokes, kumkum red #C0392B only for tilak/bindu/small accents, ivory #FFF8E8 for highlights. No text, no letters, no background tile, no glow, no drop shadow, no 3D, no photorealism, no human faces or deity bodies/idols - deities shown only through their symbols. No diya/flame unless the subject is about lamp, aarti, havan or fire. Geometric, symmetric, crisp at 24px, consistent optical weight with the whole set. Avoid: text, letters, numbers, watermark, background square or tile, glossy glass, bevel, 3D render, photorealism, drop shadow, outer glow, gradient mesh noise, sketchy or hand-drawn lines, uneven stroke widths, human faces, deity bodies or idols, weapons shown violently, brand logos, clutter."
sanskar-life-events,Sanskar Life Events,Service Discovery / Mega Menu,redesign,prototypes/sanskar-life-events.svg,sacred thread (janeu) loop crossing a small kalash,"Design the ""Sanskar Life Events"" icon for VaranasiPooja.com. Subject: sacred thread (janeu) loop crossing a small kalash. Composition: one clear symbol, perfectly centred, balanced negative space, readable at 24px and 512px. Premium devotional icon, flat vector, single symbol centred on a 512x512 transparent artboard with 48px safe padding. Monoline style: 20px uniform stroke, round caps and joins, filled accents only where noted. Colour: gold gradient #F3D48A to #B08A4C for strokes, kumkum red #C0392B only for tilak/bindu/small accents, ivory #FFF8E8 for highlights. No text, no letters, no background tile, no glow, no drop shadow, no 3D, no photorealism, no human faces or deity bodies/idols - deities shown only through their symbols. No diya/flame unless the subject is about lamp, aarti, havan or fire. Geometric, symmetric, crisp at 24px, consistent optical weight with the whole set. Avoid: text, letters, numbers, watermark, background square or tile, glossy glass, bevel, 3D render, photorealism, drop shadow, outer glow, gradient mesh noise, sketchy or hand-drawn lines, uneven stroke widths, human faces, deity bodies or idols, weapons shown violently, brand logos, clutter."
ganga-kashi-rituals,Ganga Kashi Rituals,Service Discovery / Mega Menu,redesign,prototypes/ganga-kashi-rituals.svg,temple shikhara above three flowing river wave lines,"Design the ""Ganga Kashi Rituals"" icon for VaranasiPooja.com. Subject: temple shikhara above three flowing river wave lines. Composition: one clear symbol, perfectly centred, balanced negative space, readable at 24px and 512px. Premium devotional icon, flat vector, single symbol centred on a 512x512 transparent artboard with 48px safe padding. Monoline style: 20px uniform stroke, round caps and joins, filled accents only where noted. Colour: gold gradient #F3D48A to #B08A4C for strokes, kumkum red #C0392B only for tilak/bindu/small accents, ivory #FFF8E8 for highlights. No text, no letters, no background tile, no glow, no drop shadow, no 3D, no photorealism, no human faces or deity bodies/idols - deities shown only through their symbols. No diya/flame unless the subject is about lamp, aarti, havan or fire. Geometric, symmetric, crisp at 24px, consistent optical weight with the whole set. Avoid: text, letters, numbers, watermark, background square or tile, glossy glass, bevel, 3D render, photorealism, drop shadow, outer glow, gradient mesh noise, sketchy or hand-drawn lines, uneven stroke widths, human faces, deity bodies or idols, weapons shown violently, brand logos, clutter."
online-pooja-services,Online Pooja Services,Service Discovery / Mega Menu,redesign,prototypes/online-pooja-services.svg,smartphone outline with a small temple bell inside the screen,"Design the ""Online Pooja Services"" icon for VaranasiPooja.com. Subject: smartphone outline with a small temple bell inside the screen. Composition: one clear symbol, perfectly centred, balanced negative space, readable at 24px and 512px. Premium devotional icon, flat vector, single symbol centred on a 512x512 transparent artboard with 48px safe padding. Monoline style: 20px uniform stroke, round caps and joins, filled accents only where noted. Colour: gold gradient #F3D48A to #B08A4C for strokes, kumkum red #C0392B only for tilak/bindu/small accents, ivory #FFF8E8 for highlights. No text, no letters, no background tile, no glow, no drop shadow, no 3D, no photorealism, no human faces or deity bodies/idols - deities shown only through their symbols. No diya/flame unless the subject is about lamp, aarti, havan or fire. Geometric, symmetric, crisp at 24px, consistent optical weight with the whole set. Avoid: text, letters, numbers, watermark, background square or tile, glossy glass, bevel, 3D render, photorealism, drop shadow, outer glow, gradient mesh noise, sketchy or hand-drawn lines, uneven stroke widths, human faces, deity bodies or idols, weapons shown violently, brand logos, clutter."
astrology-services,Astrology Services,Service Discovery / Mega Menu,redesign,prototypes/astrology-services.svg,circular zodiac wheel with twelve ticks and a central star,"Design the ""Astrology Services"" icon for VaranasiPooja.com. Subject: circular zodiac wheel with twelve ticks and a central star. Composition: one clear symbol, perfectly centred, balanced negative space, readable at 24px and 512px. Premium devotional icon, flat vector, single symbol centred on a 512x512 transparent artboard with 48px safe padding. Monoline style: 20px uniform stroke, round caps and joins, filled accents only where noted. Colour: gold gradient #F3D48A to #B08A4C for strokes, kumkum red #C0392B only for tilak/bindu/small accents, ivory #FFF8E8 for highlights. No text, no letters, no background tile, no glow, no drop shadow, no 3D, no photorealism, no human faces or deity bodies/idols - deities shown only through their symbols. No diya/flame unless the subject is about lamp, aarti, havan or fire. Geometric, symmetric, crisp at 24px, consistent optical weight with the whole set. Avoid: text, letters, numbers, watermark, background square or tile, glossy glass, bevel, 3D render, photorealism, drop shadow, outer glow, gradient mesh noise, sketchy or hand-drawn lines, uneven stroke widths, human faces, deity bodies or idols, weapons shown violently, brand logos, clutter."
book-now,Book Now,"CTA, Contact & Support",redesign,prototypes/book-now.svg,calendar page with a bold check mark and a small lotus corner,"Design the ""Book Now"" icon for VaranasiPooja.com. Subject: calendar page with a bold check mark and a small lotus corner. Composition: one clear symbol, perfectly centred, balanced negative space, readable at 24px and 512px. Premium devotional icon, flat vector, single symbol centred on a 512x512 transparent artboard with 48px safe padding. Monoline style: 20px uniform stroke, round caps and joins, filled accents only where noted. Colour: gold gradient #F3D48A to #B08A4C for strokes, kumkum red #C0392B only for tilak/bindu/small accents, ivory #FFF8E8 for highlights. No text, no letters, no background tile, no glow, no drop shadow, no 3D, no photorealism, no human faces or deity bodies/idols - deities shown only through their symbols. No diya/flame unless the subject is about lamp, aarti, havan or fire. Geometric, symmetric, crisp at 24px, consistent optical weight with the whole set. Avoid: text, letters, numbers, watermark, background square or tile, glossy glass, bevel, 3D render, photorealism, drop shadow, outer glow, gradient mesh noise, sketchy or hand-drawn lines, uneven stroke widths, human faces, deity bodies or idols, weapons shown violently, brand logos, clutter."
booking-token,Booking Token,"CTA, Contact & Support",redesign,prototypes/booking-token.svg,ticket stub with a perforated edge and a small lotus mark,"Design the ""Booking Token"" icon for VaranasiPooja.com. Subject: ticket stub with a perforated edge and a small lotus mark. Composition: one clear symbol, perfectly centred, balanced negative space, readable at 24px and 512px. Premium devotional icon, flat vector, single symbol centred on a 512x512 transparent artboard with 48px safe padding. Monoline style: 20px uniform stroke, round caps and joins, filled accents only where noted. Colour: gold gradient #F3D48A to #B08A4C for strokes, kumkum red #C0392B only for tilak/bindu/small accents, ivory #FFF8E8 for highlights. No text, no letters, no background tile, no glow, no drop shadow, no 3D, no photorealism, no human faces or deity bodies/idols - deities shown only through their symbols. No diya/flame unless the subject is about lamp, aarti, havan or fire. Geometric, symmetric, crisp at 24px, consistent optical weight with the whole set. Avoid: text, letters, numbers, watermark, background square or tile, glossy glass, bevel, 3D render, photorealism, drop shadow, outer glow, gradient mesh noise, sketchy or hand-drawn lines, uneven stroke widths, human faces, deity bodies or idols, weapons shown violently, brand logos, clutter."
phone-call,Phone Call,"CTA, Contact & Support",redesign,prototypes/phone-call.svg,classic telephone handset with two small call waves,"Design the ""Phone Call"" icon for VaranasiPooja.com. Subject: classic telephone handset with two small call waves. Composition: one clear symbol, perfectly centred, balanced negative space, readable at 24px and 512px. Premium devotional icon, flat vector, single symbol centred on a 512x512 transparent artboard with 48px safe padding. Monoline style: 20px uniform stroke, round caps and joins, filled accents only where noted. Colour: gold gradient #F3D48A to #B08A4C for strokes, kumkum red #C0392B only for tilak/bindu/small accents, ivory #FFF8E8 for highlights. No text, no letters, no background tile, no glow, no drop shadow, no 3D, no photorealism, no human faces or deity bodies/idols - deities shown only through their symbols. No diya/flame unless the subject is about lamp, aarti, havan or fire. Geometric, symmetric, crisp at 24px, consistent optical weight with the whole set. Avoid: text, letters, numbers, watermark, background square or tile, glossy glass, bevel, 3D render, photorealism, drop shadow, outer glow, gradient mesh noise, sketchy or hand-drawn lines, uneven stroke widths, human faces, deity bodies or idols, weapons shown violently, brand logos, clutter."
whatsapp,WhatsApp,"CTA, Contact & Support",redesign,prototypes/whatsapp.svg,"speech bubble with a handset inside (generic chat-call bubble, not the WhatsApp logo)","Design the ""WhatsApp"" icon for VaranasiPooja.com. Subject: speech bubble with a handset inside (generic chat-call bubble, not the WhatsApp logo). Composition: one clear symbol, perfectly centred, balanced negative space, readable at 24px and 512px. Premium devotional icon, flat vector, single symbol centred on a 512x512 transparent artboard with 48px safe padding. Monoline style: 20px uniform stroke, round caps and joins, filled accents only where noted. Colour: gold gradient #F3D48A to #B08A4C for strokes, kumkum red #C0392B only for tilak/bindu/small accents, ivory #FFF8E8 for highlights. No text, no letters, no background tile, no glow, no drop shadow, no 3D, no photorealism, no human faces or deity bodies/idols - deities shown only through their symbols. No diya/flame unless the subject is about lamp, aarti, havan or fire. Geometric, symmetric, crisp at 24px, consistent optical weight with the whole set. Avoid: text, letters, numbers, watermark, background square or tile, glossy glass, bevel, 3D render, photorealism, drop shadow, outer glow, gradient mesh noise, sketchy or hand-drawn lines, uneven stroke widths, human faces, deity bodies or idols, weapons shown violently, brand logos, clutter."
chat-support,Chat Support,"CTA, Contact & Support",redesign,prototypes/chat-support.svg,two overlapping speech bubbles with three dots,"Design the ""Chat Support"" icon for VaranasiPooja.com. Subject: two overlapping speech bubbles with three dots. Composition: one clear symbol, perfectly centred, balanced negative space, readable at 24px and 512px. Premium devotional icon, flat vector, single symbol centred on a 512x512 transparent artboard with 48px safe padding. Monoline style: 20px uniform stroke, round caps and joins, filled accents only where noted. Colour: gold gradient #F3D48A to #B08A4C for strokes, kumkum red #C0392B only for tilak/bindu/small accents, ivory #FFF8E8 for highlights. No text, no letters, no background tile, no glow, no drop shadow, no 3D, no photorealism, no human faces or deity bodies/idols - deities shown only through their symbols. No diya/flame unless the subject is about lamp, aarti, havan or fire. Geometric, symmetric, crisp at 24px, consistent optical weight with the whole set. Avoid: text, letters, numbers, watermark, background square or tile, glossy glass, bevel, 3D render, photorealism, drop shadow, outer glow, gradient mesh noise, sketchy or hand-drawn lines, uneven stroke widths, human faces, deity bodies or idols, weapons shown violently, brand logos, clutter."
talk-to-acharya,Talk To Acharya,"CTA, Contact & Support",redesign,prototypes/talk-to-acharya.svg,speech bubble attached to a simple rudraksha mala bead loop,"Design the ""Talk To Acharya"" icon for VaranasiPooja.com. Subject: speech bubble attached to a simple rudraksha mala bead loop. Composition: one clear symbol, perfectly centred, balanced negative space, readable at 24px and 512px. Premium devotional icon, flat vector, single symbol centred on a 512x512 transparent artboard with 48px safe padding. Monoline style: 20px uniform stroke, round caps and joins, filled accents only where noted. Colour: gold gradient #F3D48A to #B08A4C for strokes, kumkum red #C0392B only for tilak/bindu/small accents, ivory #FFF8E8 for highlights. No text, no letters, no background tile, no glow, no drop shadow, no 3D, no photorealism, no human faces or deity bodies/idols - deities shown only through their symbols. No diya/flame unless the subject is about lamp, aarti, havan or fire. Geometric, symmetric, crisp at 24px, consistent optical weight with the whole set. Avoid: text, letters, numbers, watermark, background square or tile, glossy glass, bevel, 3D render, photorealism, drop shadow, outer glow, gradient mesh noise, sketchy or hand-drawn lines, uneven stroke widths, human faces, deity bodies or idols, weapons shown violently, brand logos, clutter."
acharya-guidance,Acharya Guidance,"CTA, Contact & Support",redesign,prototypes/acharya-guidance.svg,"open palm (blessing gesture) holding a small lotus, no face","Design the ""Acharya Guidance"" icon for VaranasiPooja.com. Subject: open palm (blessing gesture) holding a small lotus, no face. Composition: one clear symbol, perfectly centred, balanced negative space, readable at 24px and 512px. Premium devotional icon, flat vector, single symbol centred on a 512x512 transparent artboard with 48px safe padding. Monoline style: 20px uniform stroke, round caps and joins, filled accents only where noted. Colour: gold gradient #F3D48A to #B08A4C for strokes, kumkum red #C0392B only for tilak/bindu/small accents, ivory #FFF8E8 for highlights. No text, no letters, no background tile, no glow, no drop shadow, no 3D, no photorealism, no human faces or deity bodies/idols - deities shown only through their symbols. No diya/flame unless the subject is about lamp, aarti, havan or fire. Geometric, symmetric, crisp at 24px, consistent optical weight with the whole set. Avoid: text, letters, numbers, watermark, background square or tile, glossy glass, bevel, 3D render, photorealism, drop shadow, outer glow, gradient mesh noise, sketchy or hand-drawn lines, uneven stroke widths, human faces, deity bodies or idols, weapons shown violently, brand logos, clutter."
email,Email,"CTA, Contact & Support",redesign,prototypes/email.svg,envelope with a folded flap and a tiny lotus seal,"Design the ""Email"" icon for VaranasiPooja.com. Subject: envelope with a folded flap and a tiny lotus seal. Composition: one clear symbol, perfectly centred, balanced negative space, readable at 24px and 512px. Premium devotional icon, flat vector, single symbol centred on a 512x512 transparent artboard with 48px safe padding. Monoline style: 20px uniform stroke, round caps and joins, filled accents only where noted. Colour: gold gradient #F3D48A to #B08A4C for strokes, kumkum red #C0392B only for tilak/bindu/small accents, ivory #FFF8E8 for highlights. No text, no letters, no background tile, no glow, no drop shadow, no 3D, no photorealism, no human faces or deity bodies/idols - deities shown only through their symbols. No diya/flame unless the subject is about lamp, aarti, havan or fire. Geometric, symmetric, crisp at 24px, consistent optical weight with the whole set. Avoid: text, letters, numbers, watermark, background square or tile, glossy glass, bevel, 3D render, photorealism, drop shadow, outer glow, gradient mesh noise, sketchy or hand-drawn lines, uneven stroke widths, human faces, deity bodies or idols, weapons shown violently, brand logos, clutter."
location,Location,"CTA, Contact & Support",redesign,prototypes/location.svg,map pin with a small temple shikhara inside,"Design the ""Location"" icon for VaranasiPooja.com. Subject: map pin with a small temple shikhara inside. Composition: one clear symbol, perfectly centred, balanced negative space, readable at 24px and 512px. Premium devotional icon, flat vector, single symbol centred on a 512x512 transparent artboard with 48px safe padding. Monoline style: 20px uniform stroke, round caps and joins, filled accents only where noted. Colour: gold gradient #F3D48A to #B08A4C for strokes, kumkum red #C0392B only for tilak/bindu/small accents, ivory #FFF8E8 for highlights. No text, no letters, no background tile, no glow, no drop shadow, no 3D, no photorealism, no human faces or deity bodies/idols - deities shown only through their symbols. No diya/flame unless the subject is about lamp, aarti, havan or fire. Geometric, symmetric, crisp at 24px, consistent optical weight with the whole set. Avoid: text, letters, numbers, watermark, background square or tile, glossy glass, bevel, 3D render, photorealism, drop shadow, outer glow, gradient mesh noise, sketchy or hand-drawn lines, uneven stroke widths, human faces, deity bodies or idols, weapons shown violently, brand logos, clutter."
map-pin,Map Pin,"CTA, Contact & Support",redesign,prototypes/map-pin.svg,plain map pin with a circular hole,"Design the ""Map Pin"" icon for VaranasiPooja.com. Subject: plain map pin with a circular hole. Composition: one clear symbol, perfectly centred, balanced negative space, readable at 24px and 512px. Premium devotional icon, flat vector, single symbol centred on a 512x512 transparent artboard with 48px safe padding. Monoline style: 20px uniform stroke, round caps and joins, filled accents only where noted. Colour: gold gradient #F3D48A to #B08A4C for strokes, kumkum red #C0392B only for tilak/bindu/small accents, ivory #FFF8E8 for highlights. No text, no letters, no background tile, no glow, no drop shadow, no 3D, no photorealism, no human faces or deity bodies/idols - deities shown only through their symbols. No diya/flame unless the subject is about lamp, aarti, havan or fire. Geometric, symmetric, crisp at 24px, consistent optical weight with the whole set. Avoid: text, letters, numbers, watermark, background square or tile, glossy glass, bevel, 3D render, photorealism, drop shadow, outer glow, gradient mesh noise, sketchy or hand-drawn lines, uneven stroke widths, human faces, deity bodies or idols, weapons shown violently, brand logos, clutter."
callback,Callback,"CTA, Contact & Support",redesign,prototypes/callback.svg,handset with a circular return arrow,"Design the ""Callback"" icon for VaranasiPooja.com. Subject: handset with a circular return arrow. Composition: one clear symbol, perfectly centred, balanced negative space, readable at 24px and 512px. Premium devotional icon, flat vector, single symbol centred on a 512x512 transparent artboard with 48px safe padding. Monoline style: 20px uniform stroke, round caps and joins, filled accents only where noted. Colour: gold gradient #F3D48A to #B08A4C for strokes, kumkum red #C0392B only for tilak/bindu/small accents, ivory #FFF8E8 for highlights. No text, no letters, no background tile, no glow, no drop shadow, no 3D, no photorealism, no human faces or deity bodies/idols - deities shown only through their symbols. No diya/flame unless the subject is about lamp, aarti, havan or fire. Geometric, symmetric, crisp at 24px, consistent optical weight with the whole set. Avoid: text, letters, numbers, watermark, background square or tile, glossy glass, bevel, 3D render, photorealism, drop shadow, outer glow, gradient mesh noise, sketchy or hand-drawn lines, uneven stroke widths, human faces, deity bodies or idols, weapons shown violently, brand logos, clutter."
video-call,Video Call,"CTA, Contact & Support",redesign,prototypes/video-call.svg,video camera body with a small play triangle lens,"Design the ""Video Call"" icon for VaranasiPooja.com. Subject: video camera body with a small play triangle lens. Composition: one clear symbol, perfectly centred, balanced negative space, readable at 24px and 512px. Premium devotional icon, flat vector, single symbol centred on a 512x512 transparent artboard with 48px safe padding. Monoline style: 20px uniform stroke, round caps and joins, filled accents only where noted. Colour: gold gradient #F3D48A to #B08A4C for strokes, kumkum red #C0392B only for tilak/bindu/small accents, ivory #FFF8E8 for highlights. No text, no letters, no background tile, no glow, no drop shadow, no 3D, no photorealism, no human faces or deity bodies/idols - deities shown only through their symbols. No diya/flame unless the subject is about lamp, aarti, havan or fire. Geometric, symmetric, crisp at 24px, consistent optical weight with the whole set. Avoid: text, letters, numbers, watermark, background square or tile, glossy glass, bevel, 3D render, photorealism, drop shadow, outer glow, gradient mesh noise, sketchy or hand-drawn lines, uneven stroke widths, human faces, deity bodies or idols, weapons shown violently, brand logos, clutter."
headset-support,Headset Support,"CTA, Contact & Support",redesign,prototypes/headset-support.svg,over-ear headset with microphone boom,"Design the ""Headset Support"" icon for VaranasiPooja.com. Subject: over-ear headset with microphone boom. Composition: one clear symbol, perfectly centred, balanced negative space, readable at 24px and 512px. Premium devotional icon, flat vector, single symbol centred on a 512x512 transparent artboard with 48px safe padding. Monoline style: 20px uniform stroke, round caps and joins, filled accents only where noted. Colour: gold gradient #F3D48A to #B08A4C for strokes, kumkum red #C0392B only for tilak/bindu/small accents, ivory #FFF8E8 for highlights. No text, no letters, no background tile, no glow, no drop shadow, no 3D, no photorealism, no human faces or deity bodies/idols - deities shown only through their symbols. No diya/flame unless the subject is about lamp, aarti, havan or fire. Geometric, symmetric, crisp at 24px, consistent optical weight with the whole set. Avoid: text, letters, numbers, watermark, background square or tile, glossy glass, bevel, 3D render, photorealism, drop shadow, outer glow, gradient mesh noise, sketchy or hand-drawn lines, uneven stroke widths, human faces, deity bodies or idols, weapons shown violently, brand logos, clutter."
notification,Notification,"CTA, Contact & Support",redesign,prototypes/notification.svg,temple bell with two small ring arcs,"Design the ""Notification"" icon for VaranasiPooja.com. Subject: temple bell with two small ring arcs. Composition: one clear symbol, perfectly centred, balanced negative space, readable at 24px and 512px. Premium devotional icon, flat vector, single symbol centred on a 512x512 transparent artboard with 48px safe padding. Monoline style: 20px uniform stroke, round caps and joins, filled accents only where noted. Colour: gold gradient #F3D48A to #B08A4C for strokes, kumkum red #C0392B only for tilak/bindu/small accents, ivory #FFF8E8 for highlights. No text, no letters, no background tile, no glow, no drop shadow, no 3D, no photorealism, no human faces or deity bodies/idols - deities shown only through their symbols. No diya/flame unless the subject is about lamp, aarti, havan or fire. Geometric, symmetric, crisp at 24px, consistent optical weight with the whole set. Avoid: text, letters, numbers, watermark, background square or tile, glossy glass, bevel, 3D render, photorealism, drop shadow, outer glow, gradient mesh noise, sketchy or hand-drawn lines, uneven stroke widths, human faces, deity bodies or idols, weapons shown violently, brand logos, clutter."
broadcast-live,Broadcast Live,"CTA, Contact & Support",redesign,prototypes/broadcast-live.svg,radiating broadcast arcs around a central dot,"Design the ""Broadcast Live"" icon for VaranasiPooja.com. Subject: radiating broadcast arcs around a central dot. Composition: one clear symbol, perfectly centred, balanced negative space, readable at 24px and 512px. Premium devotional icon, flat vector, single symbol centred on a 512x512 transparent artboard with 48px safe padding. Monoline style: 20px uniform stroke, round caps and joins, filled accents only where noted. Colour: gold gradient #F3D48A to #B08A4C for strokes, kumkum red #C0392B only for tilak/bindu/small accents, ivory #FFF8E8 for highlights. No text, no letters, no background tile, no glow, no drop shadow, no 3D, no photorealism, no human faces or deity bodies/idols - deities shown only through their symbols. No diya/flame unless the subject is about lamp, aarti, havan or fire. Geometric, symmetric, crisp at 24px, consistent optical weight with the whole set. Avoid: text, letters, numbers, watermark, background square or tile, glossy glass, bevel, 3D render, photorealism, drop shadow, outer glow, gradient mesh noise, sketchy or hand-drawn lines, uneven stroke widths, human faces, deity bodies or idols, weapons shown violently, brand logos, clutter."
calendar-slot,Calendar Slot,"Booking, Commerce & Documents",redesign,prototypes/calendar-slot.svg,calendar page with one highlighted square,"Design the ""Calendar Slot"" icon for VaranasiPooja.com. Subject: calendar page with one highlighted square. Composition: one clear symbol, perfectly centred, balanced negative space, readable at 24px and 512px. Premium devotional icon, flat vector, single symbol centred on a 512x512 transparent artboard with 48px safe padding. Monoline style: 20px uniform stroke, round caps and joins, filled accents only where noted. Colour: gold gradient #F3D48A to #B08A4C for strokes, kumkum red #C0392B only for tilak/bindu/small accents, ivory #FFF8E8 for highlights. No text, no letters, no background tile, no glow, no drop shadow, no 3D, no photorealism, no human faces or deity bodies/idols - deities shown only through their symbols. No diya/flame unless the subject is about lamp, aarti, havan or fire. Geometric, symmetric, crisp at 24px, consistent optical weight with the whole set. Avoid: text, letters, numbers, watermark, background square or tile, glossy glass, bevel, 3D render, photorealism, drop shadow, outer glow, gradient mesh noise, sketchy or hand-drawn lines, uneven stroke widths, human faces, deity bodies or idols, weapons shown violently, brand logos, clutter."
time-slot,Time Slot,"Booking, Commerce & Documents",redesign,prototypes/time-slot.svg,clock face with hands at 10 and 2 and a small slot bar below,"Design the ""Time Slot"" icon for VaranasiPooja.com. Subject: clock face with hands at 10 and 2 and a small slot bar below. Composition: one clear symbol, perfectly centred, balanced negative space, readable at 24px and 512px. Premium devotional icon, flat vector, single symbol centred on a 512x512 transparent artboard with 48px safe padding. Monoline style: 20px uniform stroke, round caps and joins, filled accents only where noted. Colour: gold gradient #F3D48A to #B08A4C for strokes, kumkum red #C0392B only for tilak/bindu/small accents, ivory #FFF8E8 for highlights. No text, no letters, no background tile, no glow, no drop shadow, no 3D, no photorealism, no human faces or deity bodies/idols - deities shown only through their symbols. No diya/flame unless the subject is about lamp, aarti, havan or fire. Geometric, symmetric, crisp at 24px, consistent optical weight with the whole set. Avoid: text, letters, numbers, watermark, background square or tile, glossy glass, bevel, 3D render, photorealism, drop shadow, outer glow, gradient mesh noise, sketchy or hand-drawn lines, uneven stroke widths, human faces, deity bodies or idols, weapons shown violently, brand logos, clutter."
rupee-price,Rupee Price,"Booking, Commerce & Documents",redesign,prototypes/rupee-price.svg,Indian rupee symbol inside a coin circle,"Design the ""Rupee Price"" icon for VaranasiPooja.com. Subject: Indian rupee symbol inside a coin circle. Composition: one clear symbol, perfectly centred, balanced negative space, readable at 24px and 512px. Premium devotional icon, flat vector, single symbol centred on a 512x512 transparent artboard with 48px safe padding. Monoline style: 20px uniform stroke, round caps and joins, filled accents only where noted. Colour: gold gradient #F3D48A to #B08A4C for strokes, kumkum red #C0392B only for tilak/bindu/small accents, ivory #FFF8E8 for highlights. No text, no letters, no background tile, no glow, no drop shadow, no 3D, no photorealism, no human faces or deity bodies/idols - deities shown only through their symbols. No diya/flame unless the subject is about lamp, aarti, havan or fire. Geometric, symmetric, crisp at 24px, consistent optical weight with the whole set. Avoid: text, letters, numbers, watermark, background square or tile, glossy glass, bevel, 3D render, photorealism, drop shadow, outer glow, gradient mesh noise, sketchy or hand-drawn lines, uneven stroke widths, human faces, deity bodies or idols, weapons shown violently, brand logos, clutter."
price-range,Price Range,"Booking, Commerce & Documents",redesign,prototypes/price-range.svg,two rupee coins of different sizes with a small range bar,"Design the ""Price Range"" icon for VaranasiPooja.com. Subject: two rupee coins of different sizes with a small range bar. Composition: one clear symbol, perfectly centred, balanced negative space, readable at 24px and 512px. Premium devotional icon, flat vector, single symbol centred on a 512x512 transparent artboard with 48px safe padding. Monoline style: 20px uniform stroke, round caps and joins, filled accents only where noted. Colour: gold gradient #F3D48A to #B08A4C for strokes, kumkum red #C0392B only for tilak/bindu/small accents, ivory #FFF8E8 for highlights. No text, no letters, no background tile, no glow, no drop shadow, no 3D, no photorealism, no human faces or deity bodies/idols - deities shown only through their symbols. No diya/flame unless the subject is about lamp, aarti, havan or fire. Geometric, symmetric, crisp at 24px, consistent optical weight with the whole set. Avoid: text, letters, numbers, watermark, background square or tile, glossy glass, bevel, 3D render, photorealism, drop shadow, outer glow, gradient mesh noise, sketchy or hand-drawn lines, uneven stroke widths, human faces, deity bodies or idols, weapons shown violently, brand logos, clutter."
payment,Payment,"Booking, Commerce & Documents",redesign,prototypes/payment.svg,credit card with a chip and rupee symbol,"Design the ""Payment"" icon for VaranasiPooja.com. Subject: credit card with a chip and rupee symbol. Composition: one clear symbol, perfectly centred, balanced negative space, readable at 24px and 512px. Premium devotional icon, flat vector, single symbol centred on a 512x512 transparent artboard with 48px safe padding. Monoline style: 20px uniform stroke, round caps and joins, filled accents only where noted. Colour: gold gradient #F3D48A to #B08A4C for strokes, kumkum red #C0392B only for tilak/bindu/small accents, ivory #FFF8E8 for highlights. No text, no letters, no background tile, no glow, no drop shadow, no 3D, no photorealism, no human faces or deity bodies/idols - deities shown only through their symbols. No diya/flame unless the subject is about lamp, aarti, havan or fire. Geometric, symmetric, crisp at 24px, consistent optical weight with the whole set. Avoid: text, letters, numbers, watermark, background square or tile, glossy glass, bevel, 3D render, photorealism, drop shadow, outer glow, gradient mesh noise, sketchy or hand-drawn lines, uneven stroke widths, human faces, deity bodies or idols, weapons shown violently, brand logos, clutter."
secure-payment,Secure Payment,"Booking, Commerce & Documents",redesign,prototypes/secure-payment.svg,credit card with a small padlock overlapping,"Design the ""Secure Payment"" icon for VaranasiPooja.com. Subject: credit card with a small padlock overlapping. Composition: one clear symbol, perfectly centred, balanced negative space, readable at 24px and 512px. Premium devotional icon, flat vector, single symbol centred on a 512x512 transparent artboard with 48px safe padding. Monoline style: 20px uniform stroke, round caps and joins, filled accents only where noted. Colour: gold gradient #F3D48A to #B08A4C for strokes, kumkum red #C0392B only for tilak/bindu/small accents, ivory #FFF8E8 for highlights. No text, no letters, no background tile, no glow, no drop shadow, no 3D, no photorealism, no human faces or deity bodies/idols - deities shown only through their symbols. No diya/flame unless the subject is about lamp, aarti, havan or fire. Geometric, symmetric, crisp at 24px, consistent optical weight with the whole set. Avoid: text, letters, numbers, watermark, background square or tile, glossy glass, bevel, 3D render, photorealism, drop shadow, outer glow, gradient mesh noise, sketchy or hand-drawn lines, uneven stroke widths, human faces, deity bodies or idols, weapons shown violently, brand logos, clutter."
cart,Cart,"Booking, Commerce & Documents",redesign,prototypes/cart.svg,shopping cart,"Design the ""Cart"" icon for VaranasiPooja.com. Subject: shopping cart. Composition: one clear symbol, perfectly centred, balanced negative space, readable at 24px and 512px. Premium devotional icon, flat vector, single symbol centred on a 512x512 transparent artboard with 48px safe padding. Monoline style: 20px uniform stroke, round caps and joins, filled accents only where noted. Colour: gold gradient #F3D48A to #B08A4C for strokes, kumkum red #C0392B only for tilak/bindu/small accents, ivory #FFF8E8 for highlights. No text, no letters, no background tile, no glow, no drop shadow, no 3D, no photorealism, no human faces or deity bodies/idols - deities shown only through their symbols. No diya/flame unless the subject is about lamp, aarti, havan or fire. Geometric, symmetric, crisp at 24px, consistent optical weight with the whole set. Avoid: text, letters, numbers, watermark, background square or tile, glossy glass, bevel, 3D render, photorealism, drop shadow, outer glow, gradient mesh noise, sketchy or hand-drawn lines, uneven stroke widths, human faces, deity bodies or idols, weapons shown violently, brand logos, clutter."
cart-add,Cart Add,"Booking, Commerce & Documents",redesign,prototypes/cart-add.svg,shopping cart with a plus sign,"Design the ""Cart Add"" icon for VaranasiPooja.com. Subject: shopping cart with a plus sign. Composition: one clear symbol, perfectly centred, balanced negative space, readable at 24px and 512px. Premium devotional icon, flat vector, single symbol centred on a 512x512 transparent artboard with 48px safe padding. Monoline style: 20px uniform stroke, round caps and joins, filled accents only where noted. Colour: gold gradient #F3D48A to #B08A4C for strokes, kumkum red #C0392B only for tilak/bindu/small accents, ivory #FFF8E8 for highlights. No text, no letters, no background tile, no glow, no drop shadow, no 3D, no photorealism, no human faces or deity bodies/idols - deities shown only through their symbols. No diya/flame unless the subject is about lamp, aarti, havan or fire. Geometric, symmetric, crisp at 24px, consistent optical weight with the whole set. Avoid: text, letters, numbers, watermark, background square or tile, glossy glass, bevel, 3D render, photorealism, drop shadow, outer glow, gradient mesh noise, sketchy or hand-drawn lines, uneven stroke widths, human faces, deity bodies or idols, weapons shown violently, brand logos, clutter."
order-pending,Order Pending,"Booking, Commerce & Documents",redesign,prototypes/order-pending.svg,package box with a small hourglass,"Design the ""Order Pending"" icon for VaranasiPooja.com. Subject: package box with a small hourglass. Composition: one clear symbol, perfectly centred, balanced negative space, readable at 24px and 512px. Premium devotional icon, flat vector, single symbol centred on a 512x512 transparent artboard with 48px safe padding. Monoline style: 20px uniform stroke, round caps and joins, filled accents only where noted. Colour: gold gradient #F3D48A to #B08A4C for strokes, kumkum red #C0392B only for tilak/bindu/small accents, ivory #FFF8E8 for highlights. No text, no letters, no background tile, no glow, no drop shadow, no 3D, no photorealism, no human faces or deity bodies/idols - deities shown only through their symbols. No diya/flame unless the subject is about lamp, aarti, havan or fire. Geometric, symmetric, crisp at 24px, consistent optical weight with the whole set. Avoid: text, letters, numbers, watermark, background square or tile, glossy glass, bevel, 3D render, photorealism, drop shadow, outer glow, gradient mesh noise, sketchy or hand-drawn lines, uneven stroke widths, human faces, deity bodies or idols, weapons shown violently, brand logos, clutter."
order-confirmed,Order Confirmed,"Booking, Commerce & Documents",redesign,prototypes/order-confirmed.svg,package box with a check mark,"Design the ""Order Confirmed"" icon for VaranasiPooja.com. Subject: package box with a check mark. Composition: one clear symbol, perfectly centred, balanced negative space, readable at 24px and 512px. Premium devotional icon, flat vector, single symbol centred on a 512x512 transparent artboard with 48px safe padding. Monoline style: 20px uniform stroke, round caps and joins, filled accents only where noted. Colour: gold gradient #F3D48A to #B08A4C for strokes, kumkum red #C0392B only for tilak/bindu/small accents, ivory #FFF8E8 for highlights. No text, no letters, no background tile, no glow, no drop shadow, no 3D, no photorealism, no human faces or deity bodies/idols - deities shown only through their symbols. No diya/flame unless the subject is about lamp, aarti, havan or fire. Geometric, symmetric, crisp at 24px, consistent optical weight with the whole set. Avoid: text, letters, numbers, watermark, background square or tile, glossy glass, bevel, 3D render, photorealism, drop shadow, outer glow, gradient mesh noise, sketchy or hand-drawn lines, uneven stroke widths, human faces, deity bodies or idols, weapons shown violently, brand logos, clutter."
order-complete,Order Complete,"Booking, Commerce & Documents",redesign,prototypes/order-complete.svg,package box with a ribbon seal and check,"Design the ""Order Complete"" icon for VaranasiPooja.com. Subject: package box with a ribbon seal and check. Composition: one clear symbol, perfectly centred, balanced negative space, readable at 24px and 512px. Premium devotional icon, flat vector, single symbol centred on a 512x512 transparent artboard with 48px safe padding. Monoline style: 20px uniform stroke, round caps and joins, filled accents only where noted. Colour: gold gradient #F3D48A to #B08A4C for strokes, kumkum red #C0392B only for tilak/bindu/small accents, ivory #FFF8E8 for highlights. No text, no letters, no background tile, no glow, no drop shadow, no 3D, no photorealism, no human faces or deity bodies/idols - deities shown only through their symbols. No diya/flame unless the subject is about lamp, aarti, havan or fire. Geometric, symmetric, crisp at 24px, consistent optical weight with the whole set. Avoid: text, letters, numbers, watermark, background square or tile, glossy glass, bevel, 3D render, photorealism, drop shadow, outer glow, gradient mesh noise, sketchy or hand-drawn lines, uneven stroke widths, human faces, deity bodies or idols, weapons shown violently, brand logos, clutter."
reschedule,Reschedule,"Booking, Commerce & Documents",redesign,prototypes/reschedule.svg,calendar page with a circular two-way arrow,"Design the ""Reschedule"" icon for VaranasiPooja.com. Subject: calendar page with a circular two-way arrow. Composition: one clear symbol, perfectly centred, balanced negative space, readable at 24px and 512px. Premium devotional icon, flat vector, single symbol centred on a 512x512 transparent artboard with 48px safe padding. Monoline style: 20px uniform stroke, round caps and joins, filled accents only where noted. Colour: gold gradient #F3D48A to #B08A4C for strokes, kumkum red #C0392B only for tilak/bindu/small accents, ivory #FFF8E8 for highlights. No text, no letters, no background tile, no glow, no drop shadow, no 3D, no photorealism, no human faces or deity bodies/idols - deities shown only through their symbols. No diya/flame unless the subject is about lamp, aarti, havan or fire. Geometric, symmetric, crisp at 24px, consistent optical weight with the whole set. Avoid: text, letters, numbers, watermark, background square or tile, glossy glass, bevel, 3D render, photorealism, drop shadow, outer glow, gradient mesh noise, sketchy or hand-drawn lines, uneven stroke widths, human faces, deity bodies or idols, weapons shown violently, brand logos, clutter."
cancel-booking,Cancel Booking,"Booking, Commerce & Documents",redesign,prototypes/cancel-booking.svg,calendar page with an X mark,"Design the ""Cancel Booking"" icon for VaranasiPooja.com. Subject: calendar page with an X mark. Composition: one clear symbol, perfectly centred, balanced negative space, readable at 24px and 512px. Premium devotional icon, flat vector, single symbol centred on a 512x512 transparent artboard with 48px safe padding. Monoline style: 20px uniform stroke, round caps and joins, filled accents only where noted. Colour: gold gradient #F3D48A to #B08A4C for strokes, kumkum red #C0392B only for tilak/bindu/small accents, ivory #FFF8E8 for highlights. No text, no letters, no background tile, no glow, no drop shadow, no 3D, no photorealism, no human faces or deity bodies/idols - deities shown only through their symbols. No diya/flame unless the subject is about lamp, aarti, havan or fire. Geometric, symmetric, crisp at 24px, consistent optical weight with the whole set. Avoid: text, letters, numbers, watermark, background square or tile, glossy glass, bevel, 3D render, photorealism, drop shadow, outer glow, gradient mesh noise, sketchy or hand-drawn lines, uneven stroke widths, human faces, deity bodies or idols, weapons shown violently, brand logos, clutter."
refund,Refund,"Booking, Commerce & Documents",redesign,prototypes/refund.svg,rupee coin with a counter-clockwise return arrow,"Design the ""Refund"" icon for VaranasiPooja.com. Subject: rupee coin with a counter-clockwise return arrow. Composition: one clear symbol, perfectly centred, balanced negative space, readable at 24px and 512px. Premium devotional icon, flat vector, single symbol centred on a 512x512 transparent artboard with 48px safe padding. Monoline style: 20px uniform stroke, round caps and joins, filled accents only where noted. Colour: gold gradient #F3D48A to #B08A4C for strokes, kumkum red #C0392B only for tilak/bindu/small accents, ivory #FFF8E8 for highlights. No text, no letters, no background tile, no glow, no drop shadow, no 3D, no photorealism, no human faces or deity bodies/idols - deities shown only through their symbols. No diya/flame unless the subject is about lamp, aarti, havan or fire. Geometric, symmetric, crisp at 24px, consistent optical weight with the whole set. Avoid: text, letters, numbers, watermark, background square or tile, glossy glass, bevel, 3D render, photorealism, drop shadow, outer glow, gradient mesh noise, sketchy or hand-drawn lines, uneven stroke widths, human faces, deity bodies or idols, weapons shown violently, brand logos, clutter."
receipt,Receipt,"Booking, Commerce & Documents",redesign,prototypes/receipt.svg,receipt slip with zigzag bottom and three lines,"Design the ""Receipt"" icon for VaranasiPooja.com. Subject: receipt slip with zigzag bottom and three lines. Composition: one clear symbol, perfectly centred, balanced negative space, readable at 24px and 512px. Premium devotional icon, flat vector, single symbol centred on a 512x512 transparent artboard with 48px safe padding. Monoline style: 20px uniform stroke, round caps and joins, filled accents only where noted. Colour: gold gradient #F3D48A to #B08A4C for strokes, kumkum red #C0392B only for tilak/bindu/small accents, ivory #FFF8E8 for highlights. No text, no letters, no background tile, no glow, no drop shadow, no 3D, no photorealism, no human faces or deity bodies/idols - deities shown only through their symbols. No diya/flame unless the subject is about lamp, aarti, havan or fire. Geometric, symmetric, crisp at 24px, consistent optical weight with the whole set. Avoid: text, letters, numbers, watermark, background square or tile, glossy glass, bevel, 3D render, photorealism, drop shadow, outer glow, gradient mesh noise, sketchy or hand-drawn lines, uneven stroke widths, human faces, deity bodies or idols, weapons shown violently, brand logos, clutter."
invoice,Invoice,"Booking, Commerce & Documents",redesign,prototypes/invoice.svg,document page with a rupee symbol and lines,"Design the ""Invoice"" icon for VaranasiPooja.com. Subject: document page with a rupee symbol and lines. Composition: one clear symbol, perfectly centred, balanced negative space, readable at 24px and 512px. Premium devotional icon, flat vector, single symbol centred on a 512x512 transparent artboard with 48px safe padding. Monoline style: 20px uniform stroke, round caps and joins, filled accents only where noted. Colour: gold gradient #F3D48A to #B08A4C for strokes, kumkum red #C0392B only for tilak/bindu/small accents, ivory #FFF8E8 for highlights. No text, no letters, no background tile, no glow, no drop shadow, no 3D, no photorealism, no human faces or deity bodies/idols - deities shown only through their symbols. No diya/flame unless the subject is about lamp, aarti, havan or fire. Geometric, symmetric, crisp at 24px, consistent optical weight with the whole set. Avoid: text, letters, numbers, watermark, background square or tile, glossy glass, bevel, 3D render, photorealism, drop shadow, outer glow, gradient mesh noise, sketchy or hand-drawn lines, uneven stroke widths, human faces, deity bodies or idols, weapons shown violently, brand logos, clutter."
certificate,Certificate,"Booking, Commerce & Documents",redesign,prototypes/certificate.svg,certificate sheet with a ribbon rosette seal,"Design the ""Certificate"" icon for VaranasiPooja.com. Subject: certificate sheet with a ribbon rosette seal. Composition: one clear symbol, perfectly centred, balanced negative space, readable at 24px and 512px. Premium devotional icon, flat vector, single symbol centred on a 512x512 transparent artboard with 48px safe padding. Monoline style: 20px uniform stroke, round caps and joins, filled accents only where noted. Colour: gold gradient #F3D48A to #B08A4C for strokes, kumkum red #C0392B only for tilak/bindu/small accents, ivory #FFF8E8 for highlights. No text, no letters, no background tile, no glow, no drop shadow, no 3D, no photorealism, no human faces or deity bodies/idols - deities shown only through their symbols. No diya/flame unless the subject is about lamp, aarti, havan or fire. Geometric, symmetric, crisp at 24px, consistent optical weight with the whole set. Avoid: text, letters, numbers, watermark, background square or tile, glossy glass, bevel, 3D render, photorealism, drop shadow, outer glow, gradient mesh noise, sketchy or hand-drawn lines, uneven stroke widths, human faces, deity bodies or idols, weapons shown violently, brand logos, clutter."
download,Download,"Booking, Commerce & Documents",redesign,prototypes/download.svg,downward arrow into a tray,"Design the ""Download"" icon for VaranasiPooja.com. Subject: downward arrow into a tray. Composition: one clear symbol, perfectly centred, balanced negative space, readable at 24px and 512px. Premium devotional icon, flat vector, single symbol centred on a 512x512 transparent artboard with 48px safe padding. Monoline style: 20px uniform stroke, round caps and joins, filled accents only where noted. Colour: gold gradient #F3D48A to #B08A4C for strokes, kumkum red #C0392B only for tilak/bindu/small accents, ivory #FFF8E8 for highlights. No text, no letters, no background tile, no glow, no drop shadow, no 3D, no photorealism, no human faces or deity bodies/idols - deities shown only through their symbols. No diya/flame unless the subject is about lamp, aarti, havan or fire. Geometric, symmetric, crisp at 24px, consistent optical weight with the whole set. Avoid: text, letters, numbers, watermark, background square or tile, glossy glass, bevel, 3D render, photorealism, drop shadow, outer glow, gradient mesh noise, sketchy or hand-drawn lines, uneven stroke widths, human faces, deity bodies or idols, weapons shown violently, brand logos, clutter."
document-pdf,Document PDF,"Booking, Commerce & Documents",redesign,prototypes/document-pdf.svg,document page with folded corner and a small badge strip,"Design the ""Document PDF"" icon for VaranasiPooja.com. Subject: document page with folded corner and a small badge strip. Composition: one clear symbol, perfectly centred, balanced negative space, readable at 24px and 512px. Premium devotional icon, flat vector, single symbol centred on a 512x512 transparent artboard with 48px safe padding. Monoline style: 20px uniform stroke, round caps and joins, filled accents only where noted. Colour: gold gradient #F3D48A to #B08A4C for strokes, kumkum red #C0392B only for tilak/bindu/small accents, ivory #FFF8E8 for highlights. No text, no letters, no background tile, no glow, no drop shadow, no 3D, no photorealism, no human faces or deity bodies/idols - deities shown only through their symbols. No diya/flame unless the subject is about lamp, aarti, havan or fire. Geometric, symmetric, crisp at 24px, consistent optical weight with the whole set. Avoid: text, letters, numbers, watermark, background square or tile, glossy glass, bevel, 3D render, photorealism, drop shadow, outer glow, gradient mesh noise, sketchy or hand-drawn lines, uneven stroke widths, human faces, deity bodies or idols, weapons shown violently, brand logos, clutter."
package-compare,Package Compare,"Booking, Commerce & Documents",redesign,prototypes/package-compare.svg,two package boxes side by side with a balance line,"Design the ""Package Compare"" icon for VaranasiPooja.com. Subject: two package boxes side by side with a balance line. Composition: one clear symbol, perfectly centred, balanced negative space, readable at 24px and 512px. Premium devotional icon, flat vector, single symbol centred on a 512x512 transparent artboard with 48px safe padding. Monoline style: 20px uniform stroke, round caps and joins, filled accents only where noted. Colour: gold gradient #F3D48A to #B08A4C for strokes, kumkum red #C0392B only for tilak/bindu/small accents, ivory #FFF8E8 for highlights. No text, no letters, no background tile, no glow, no drop shadow, no 3D, no photorealism, no human faces or deity bodies/idols - deities shown only through their symbols. No diya/flame unless the subject is about lamp, aarti, havan or fire. Geometric, symmetric, crisp at 24px, consistent optical weight with the whole set. Avoid: text, letters, numbers, watermark, background square or tile, glossy glass, bevel, 3D render, photorealism, drop shadow, outer glow, gradient mesh noise, sketchy or hand-drawn lines, uneven stroke widths, human faces, deity bodies or idols, weapons shown violently, brand logos, clutter."
materials-checklist,Materials Checklist,"Booking, Commerce & Documents",redesign,prototypes/materials-checklist.svg,clipboard with three check rows,"Design the ""Materials Checklist"" icon for VaranasiPooja.com. Subject: clipboard with three check rows. Composition: one clear symbol, perfectly centred, balanced negative space, readable at 24px and 512px. Premium devotional icon, flat vector, single symbol centred on a 512x512 transparent artboard with 48px safe padding. Monoline style: 20px uniform stroke, round caps and joins, filled accents only where noted. Colour: gold gradient #F3D48A to #B08A4C for strokes, kumkum red #C0392B only for tilak/bindu/small accents, ivory #FFF8E8 for highlights. No text, no letters, no background tile, no glow, no drop shadow, no 3D, no photorealism, no human faces or deity bodies/idols - deities shown only through their symbols. No diya/flame unless the subject is about lamp, aarti, havan or fire. Geometric, symmetric, crisp at 24px, consistent optical weight with the whole set. Avoid: text, letters, numbers, watermark, background square or tile, glossy glass, bevel, 3D render, photorealism, drop shadow, outer glow, gradient mesh noise, sketchy or hand-drawn lines, uneven stroke widths, human faces, deity bodies or idols, weapons shown violently, brand logos, clutter."
prasad-delivery,Prasad Delivery,"Booking, Commerce & Documents",redesign,prototypes/prasad-delivery.svg,small sweets box (prasad) with a delivery motion line,"Design the ""Prasad Delivery"" icon for VaranasiPooja.com. Subject: small sweets box (prasad) with a delivery motion line. Composition: one clear symbol, perfectly centred, balanced negative space, readable at 24px and 512px. Premium devotional icon, flat vector, single symbol centred on a 512x512 transparent artboard with 48px safe padding. Monoline style: 20px uniform stroke, round caps and joins, filled accents only where noted. Colour: gold gradient #F3D48A to #B08A4C for strokes, kumkum red #C0392B only for tilak/bindu/small accents, ivory #FFF8E8 for highlights. No text, no letters, no background tile, no glow, no drop shadow, no 3D, no photorealism, no human faces or deity bodies/idols - deities shown only through their symbols. No diya/flame unless the subject is about lamp, aarti, havan or fire. Geometric, symmetric, crisp at 24px, consistent optical weight with the whole set. Avoid: text, letters, numbers, watermark, background square or tile, glossy glass, bevel, 3D render, photorealism, drop shadow, outer glow, gradient mesh noise, sketchy or hand-drawn lines, uneven stroke widths, human faces, deity bodies or idols, weapons shown violently, brand logos, clutter."
delivery-date,Delivery Date,"Booking, Commerce & Documents",redesign,prototypes/delivery-date.svg,delivery box with a small calendar tag,"Design the ""Delivery Date"" icon for VaranasiPooja.com. Subject: delivery box with a small calendar tag. Composition: one clear symbol, perfectly centred, balanced negative space, readable at 24px and 512px. Premium devotional icon, flat vector, single symbol centred on a 512x512 transparent artboard with 48px safe padding. Monoline style: 20px uniform stroke, round caps and joins, filled accents only where noted. Colour: gold gradient #F3D48A to #B08A4C for strokes, kumkum red #C0392B only for tilak/bindu/small accents, ivory #FFF8E8 for highlights. No text, no letters, no background tile, no glow, no drop shadow, no 3D, no photorealism, no human faces or deity bodies/idols - deities shown only through their symbols. No diya/flame unless the subject is about lamp, aarti, havan or fire. Geometric, symmetric, crisp at 24px, consistent optical weight with the whole set. Avoid: text, letters, numbers, watermark, background square or tile, glossy glass, bevel, 3D render, photorealism, drop shadow, outer glow, gradient mesh noise, sketchy or hand-drawn lines, uneven stroke widths, human faces, deity bodies or idols, weapons shown violently, brand logos, clutter."
rudrabhishek,Rudrabhishek,Core Pooja / Devata Service Stickers,redesign,prototypes/rudrabhishek.svg,Shiva lingam with a stream of milk/water pouring from a small kalash above,"Design the ""Rudrabhishek"" icon for VaranasiPooja.com. Subject: Shiva lingam with a stream of milk/water pouring from a small kalash above. Composition: one clear symbol, perfectly centred, balanced negative space, readable at 24px and 512px. Premium devotional icon, flat vector, single symbol centred on a 512x512 transparent artboard with 48px safe padding. Monoline style: 20px uniform stroke, round caps and joins, filled accents only where noted. Colour: gold gradient #F3D48A to #B08A4C for strokes, kumkum red #C0392B only for tilak/bindu/small accents, ivory #FFF8E8 for highlights. No text, no letters, no background tile, no glow, no drop shadow, no 3D, no photorealism, no human faces or deity bodies/idols - deities shown only through their symbols. No diya/flame unless the subject is about lamp, aarti, havan or fire. Geometric, symmetric, crisp at 24px, consistent optical weight with the whole set. Avoid: text, letters, numbers, watermark, background square or tile, glossy glass, bevel, 3D render, photorealism, drop shadow, outer glow, gradient mesh noise, sketchy or hand-drawn lines, uneven stroke widths, human faces, deity bodies or idols, weapons shown violently, brand logos, clutter."
mahamrityunjay-jaap,Mahamrityunjay Jaap,Core Pooja / Devata Service Stickers,redesign,prototypes/mahamrityunjay-jaap.svg,Shiva third eye (vertical eye shape) above a rudraksha mala arc,"Design the ""Mahamrityunjay Jaap"" icon for VaranasiPooja.com. Subject: Shiva third eye (vertical eye shape) above a rudraksha mala arc. Composition: one clear symbol, perfectly centred, balanced negative space, readable at 24px and 512px. Premium devotional icon, flat vector, single symbol centred on a 512x512 transparent artboard with 48px safe padding. Monoline style: 20px uniform stroke, round caps and joins, filled accents only where noted. Colour: gold gradient #F3D48A to #B08A4C for strokes, kumkum red #C0392B only for tilak/bindu/small accents, ivory #FFF8E8 for highlights. No text, no letters, no background tile, no glow, no drop shadow, no 3D, no photorealism, no human faces or deity bodies/idols - deities shown only through their symbols. No diya/flame unless the subject is about lamp, aarti, havan or fire. Geometric, symmetric, crisp at 24px, consistent optical weight with the whole set. Avoid: text, letters, numbers, watermark, background square or tile, glossy glass, bevel, 3D render, photorealism, drop shadow, outer glow, gradient mesh noise, sketchy or hand-drawn lines, uneven stroke widths, human faces, deity bodies or idols, weapons shown violently, brand logos, clutter."
shivarchana,Shivarchana,Core Pooja / Devata Service Stickers,redesign,prototypes/shivarchana.svg,Shiva lingam with three bel leaves (belpatra) offered on top,"Design the ""Shivarchana"" icon for VaranasiPooja.com. Subject: Shiva lingam with three bel leaves (belpatra) offered on top. Composition: one clear symbol, perfectly centred, balanced negative space, readable at 24px and 512px. Premium devotional icon, flat vector, single symbol centred on a 512x512 transparent artboard with 48px safe padding. Monoline style: 20px uniform stroke, round caps and joins, filled accents only where noted. Colour: gold gradient #F3D48A to #B08A4C for strokes, kumkum red #C0392B only for tilak/bindu/small accents, ivory #FFF8E8 for highlights. No text, no letters, no background tile, no glow, no drop shadow, no 3D, no photorealism, no human faces or deity bodies/idols - deities shown only through their symbols. No diya/flame unless the subject is about lamp, aarti, havan or fire. Geometric, symmetric, crisp at 24px, consistent optical weight with the whole set. Avoid: text, letters, numbers, watermark, background square or tile, glossy glass, bevel, 3D render, photorealism, drop shadow, outer glow, gradient mesh noise, sketchy or hand-drawn lines, uneven stroke widths, human faces, deity bodies or idols, weapons shown violently, brand logos, clutter."
shiva-shakti-archana,Shiva Shakti Archana,Core Pooja / Devata Service Stickers,redesign,prototypes/shiva-shakti-archana.svg,"trishul and lotus intertwined, symmetric","Design the ""Shiva Shakti Archana"" icon for VaranasiPooja.com. Subject: trishul and lotus intertwined, symmetric. Composition: one clear symbol, perfectly centred, balanced negative space, readable at 24px and 512px. Premium devotional icon, flat vector, single symbol centred on a 512x512 transparent artboard with 48px safe padding. Monoline style: 20px uniform stroke, round caps and joins, filled accents only where noted. Colour: gold gradient #F3D48A to #B08A4C for strokes, kumkum red #C0392B only for tilak/bindu/small accents, ivory #FFF8E8 for highlights. No text, no letters, no background tile, no glow, no drop shadow, no 3D, no photorealism, no human faces or deity bodies/idols - deities shown only through their symbols. No diya/flame unless the subject is about lamp, aarti, havan or fire. Geometric, symmetric, crisp at 24px, consistent optical weight with the whole set. Avoid: text, letters, numbers, watermark, background square or tile, glossy glass, bevel, 3D render, photorealism, drop shadow, outer glow, gradient mesh noise, sketchy or hand-drawn lines, uneven stroke widths, human faces, deity bodies or idols, weapons shown violently, brand logos, clutter."
kashi-vishwanath-puja,Kashi Vishwanath Puja,Core Pooja / Devata Service Stickers,redesign,prototypes/kashi-vishwanath-puja.svg,golden temple shikhara with a small flag and a lingam at its base,"Design the ""Kashi Vishwanath Puja"" icon for VaranasiPooja.com. Subject: golden temple shikhara with a small flag and a lingam at its base. Composition: one clear symbol, perfectly centred, balanced negative space, readable at 24px and 512px. Premium devotional icon, flat vector, single symbol centred on a 512x512 transparent artboard with 48px safe padding. Monoline style: 20px uniform stroke, round caps and joins, filled accents only where noted. Colour: gold gradient #F3D48A to #B08A4C for strokes, kumkum red #C0392B only for tilak/bindu/small accents, ivory #FFF8E8 for highlights. No text, no letters, no background tile, no glow, no drop shadow, no 3D, no photorealism, no human faces or deity bodies/idols - deities shown only through their symbols. No diya/flame unless the subject is about lamp, aarti, havan or fire. Geometric, symmetric, crisp at 24px, consistent optical weight with the whole set. Avoid: text, letters, numbers, watermark, background square or tile, glossy glass, bevel, 3D render, photorealism, drop shadow, outer glow, gradient mesh noise, sketchy or hand-drawn lines, uneven stroke widths, human faces, deity bodies or idols, weapons shown violently, brand logos, clutter."
kashi-vishwanath-darshan,Kashi Vishwanath Darshan,Core Pooja / Devata Service Stickers,redesign,prototypes/kashi-vishwanath-darshan.svg,golden temple shikhara with a small open eye / darshan arc above,"Design the ""Kashi Vishwanath Darshan"" icon for VaranasiPooja.com. Subject: golden temple shikhara with a small open eye / darshan arc above. Composition: one clear symbol, perfectly centred, balanced negative space, readable at 24px and 512px. Premium devotional icon, flat vector, single symbol centred on a 512x512 transparent artboard with 48px safe padding. Monoline style: 20px uniform stroke, round caps and joins, filled accents only where noted. Colour: gold gradient #F3D48A to #B08A4C for strokes, kumkum red #C0392B only for tilak/bindu/small accents, ivory #FFF8E8 for highlights. No text, no letters, no background tile, no glow, no drop shadow, no 3D, no photorealism, no human faces or deity bodies/idols - deities shown only through their symbols. No diya/flame unless the subject is about lamp, aarti, havan or fire. Geometric, symmetric, crisp at 24px, consistent optical weight with the whole set. Avoid: text, letters, numbers, watermark, background square or tile, glossy glass, bevel, 3D render, photorealism, drop shadow, outer glow, gradient mesh noise, sketchy or hand-drawn lines, uneven stroke widths, human faces, deity bodies or idols, weapons shown violently, brand logos, clutter."
kaal-bhairav-puja,Kaal Bhairav Puja,Core Pooja / Devata Service Stickers,redesign,prototypes/kaal-bhairav-puja.svg,trishul with a small damru tied to it and a guardian staff,"Design the ""Kaal Bhairav Puja"" icon for VaranasiPooja.com. Subject: trishul with a small damru tied to it and a guardian staff. Composition: one clear symbol, perfectly centred, balanced negative space, readable at 24px and 512px. Premium devotional icon, flat vector, single symbol centred on a 512x512 transparent artboard with 48px safe padding. Monoline style: 20px uniform stroke, round caps and joins, filled accents only where noted. Colour: gold gradient #F3D48A to #B08A4C for strokes, kumkum red #C0392B only for tilak/bindu/small accents, ivory #FFF8E8 for highlights. No text, no letters, no background tile, no glow, no drop shadow, no 3D, no photorealism, no human faces or deity bodies/idols - deities shown only through their symbols. No diya/flame unless the subject is about lamp, aarti, havan or fire. Geometric, symmetric, crisp at 24px, consistent optical weight with the whole set. Avoid: text, letters, numbers, watermark, background square or tile, glossy glass, bevel, 3D render, photorealism, drop shadow, outer glow, gradient mesh noise, sketchy or hand-drawn lines, uneven stroke widths, human faces, deity bodies or idols, weapons shown violently, brand logos, clutter."
hanuman-puja,Hanuman Puja,Core Pooja / Devata Service Stickers,redesign,prototypes/hanuman-puja.svg,gada (mace) upright with a small flag,"Design the ""Hanuman Puja"" icon for VaranasiPooja.com. Subject: gada (mace) upright with a small flag. Composition: one clear symbol, perfectly centred, balanced negative space, readable at 24px and 512px. Premium devotional icon, flat vector, single symbol centred on a 512x512 transparent artboard with 48px safe padding. Monoline style: 20px uniform stroke, round caps and joins, filled accents only where noted. Colour: gold gradient #F3D48A to #B08A4C for strokes, kumkum red #C0392B only for tilak/bindu/small accents, ivory #FFF8E8 for highlights. No text, no letters, no background tile, no glow, no drop shadow, no 3D, no photorealism, no human faces or deity bodies/idols - deities shown only through their symbols. No diya/flame unless the subject is about lamp, aarti, havan or fire. Geometric, symmetric, crisp at 24px, consistent optical weight with the whole set. Avoid: text, letters, numbers, watermark, background square or tile, glossy glass, bevel, 3D render, photorealism, drop shadow, outer glow, gradient mesh noise, sketchy or hand-drawn lines, uneven stroke widths, human faces, deity bodies or idols, weapons shown violently, brand logos, clutter."
ganpati-puja,Ganpati Puja,Core Pooja / Devata Service Stickers,redesign,prototypes/ganpati-puja.svg,modak on a plate with a durva grass sprig,"Design the ""Ganpati Puja"" icon for VaranasiPooja.com. Subject: modak on a plate with a durva grass sprig. Composition: one clear symbol, perfectly centred, balanced negative space, readable at 24px and 512px. Premium devotional icon, flat vector, single symbol centred on a 512x512 transparent artboard with 48px safe padding. Monoline style: 20px uniform stroke, round caps and joins, filled accents only where noted. Colour: gold gradient #F3D48A to #B08A4C for strokes, kumkum red #C0392B only for tilak/bindu/small accents, ivory #FFF8E8 for highlights. No text, no letters, no background tile, no glow, no drop shadow, no 3D, no photorealism, no human faces or deity bodies/idols - deities shown only through their symbols. No diya/flame unless the subject is about lamp, aarti, havan or fire. Geometric, symmetric, crisp at 24px, consistent optical weight with the whole set. Avoid: text, letters, numbers, watermark, background square or tile, glossy glass, bevel, 3D render, photorealism, drop shadow, outer glow, gradient mesh noise, sketchy or hand-drawn lines, uneven stroke widths, human faces, deity bodies or idols, weapons shown violently, brand logos, clutter."
56-vinayaka-puja,56 Vinayaka Puja,Core Pooja / Devata Service Stickers,redesign,prototypes/56-vinayaka-puja.svg,modak at centre surrounded by a ring of small dots (circle of shrines),"Design the ""56 Vinayaka Puja"" icon for VaranasiPooja.com. Subject: modak at centre surrounded by a ring of small dots (circle of shrines). Composition: one clear symbol, perfectly centred, balanced negative space, readable at 24px and 512px. Premium devotional icon, flat vector, single symbol centred on a 512x512 transparent artboard with 48px safe padding. Monoline style: 20px uniform stroke, round caps and joins, filled accents only where noted. Colour: gold gradient #F3D48A to #B08A4C for strokes, kumkum red #C0392B only for tilak/bindu/small accents, ivory #FFF8E8 for highlights. No text, no letters, no background tile, no glow, no drop shadow, no 3D, no photorealism, no human faces or deity bodies/idols - deities shown only through their symbols. No diya/flame unless the subject is about lamp, aarti, havan or fire. Geometric, symmetric, crisp at 24px, consistent optical weight with the whole set. Avoid: text, letters, numbers, watermark, background square or tile, glossy glass, bevel, 3D render, photorealism, drop shadow, outer glow, gradient mesh noise, sketchy or hand-drawn lines, uneven stroke widths, human faces, deity bodies or idols, weapons shown violently, brand logos, clutter."
vishnu-puja,Vishnu Puja,Core Pooja / Devata Service Stickers,redesign,prototypes/vishnu-puja.svg,shankh (conch) and sudarshan chakra side by side,"Design the ""Vishnu Puja"" icon for VaranasiPooja.com. Subject: shankh (conch) and sudarshan chakra side by side. Composition: one clear symbol, perfectly centred, balanced negative space, readable at 24px and 512px. Premium devotional icon, flat vector, single symbol centred on a 512x512 transparent artboard with 48px safe padding. Monoline style: 20px uniform stroke, round caps and joins, filled accents only where noted. Colour: gold gradient #F3D48A to #B08A4C for strokes, kumkum red #C0392B only for tilak/bindu/small accents, ivory #FFF8E8 for highlights. No text, no letters, no background tile, no glow, no drop shadow, no 3D, no photorealism, no human faces or deity bodies/idols - deities shown only through their symbols. No diya/flame unless the subject is about lamp, aarti, havan or fire. Geometric, symmetric, crisp at 24px, consistent optical weight with the whole set. Avoid: text, letters, numbers, watermark, background square or tile, glossy glass, bevel, 3D render, photorealism, drop shadow, outer glow, gradient mesh noise, sketchy or hand-drawn lines, uneven stroke widths, human faces, deity bodies or idols, weapons shown violently, brand logos, clutter."
narayana-puja,Narayana Puja,Core Pooja / Devata Service Stickers,redesign,prototypes/narayana-puja.svg,sudarshan chakra with a lotus below,"Design the ""Narayana Puja"" icon for VaranasiPooja.com. Subject: sudarshan chakra with a lotus below. Composition: one clear symbol, perfectly centred, balanced negative space, readable at 24px and 512px. Premium devotional icon, flat vector, single symbol centred on a 512x512 transparent artboard with 48px safe padding. Monoline style: 20px uniform stroke, round caps and joins, filled accents only where noted. Colour: gold gradient #F3D48A to #B08A4C for strokes, kumkum red #C0392B only for tilak/bindu/small accents, ivory #FFF8E8 for highlights. No text, no letters, no background tile, no glow, no drop shadow, no 3D, no photorealism, no human faces or deity bodies/idols - deities shown only through their symbols. No diya/flame unless the subject is about lamp, aarti, havan or fire. Geometric, symmetric, crisp at 24px, consistent optical weight with the whole set. Avoid: text, letters, numbers, watermark, background square or tile, glossy glass, bevel, 3D render, photorealism, drop shadow, outer glow, gradient mesh noise, sketchy or hand-drawn lines, uneven stroke widths, human faces, deity bodies or idols, weapons shown violently, brand logos, clutter."
maa-annapurna-puja,Maa Annapurna Puja,Core Pooja / Devata Service Stickers,redesign,prototypes/maa-annapurna-puja.svg,bowl of rice with a ladle (kalchhi) across it,"Design the ""Maa Annapurna Puja"" icon for VaranasiPooja.com. Subject: bowl of rice with a ladle (kalchhi) across it. Composition: one clear symbol, perfectly centred, balanced negative space, readable at 24px and 512px. Premium devotional icon, flat vector, single symbol centred on a 512x512 transparent artboard with 48px safe padding. Monoline style: 20px uniform stroke, round caps and joins, filled accents only where noted. Colour: gold gradient #F3D48A to #B08A4C for strokes, kumkum red #C0392B only for tilak/bindu/small accents, ivory #FFF8E8 for highlights. No text, no letters, no background tile, no glow, no drop shadow, no 3D, no photorealism, no human faces or deity bodies/idols - deities shown only through their symbols. No diya/flame unless the subject is about lamp, aarti, havan or fire. Geometric, symmetric, crisp at 24px, consistent optical weight with the whole set. Avoid: text, letters, numbers, watermark, background square or tile, glossy glass, bevel, 3D render, photorealism, drop shadow, outer glow, gradient mesh noise, sketchy or hand-drawn lines, uneven stroke widths, human faces, deity bodies or idols, weapons shown violently, brand logos, clutter."
devi-puja,Devi Puja,Core Pooja / Devata Service Stickers,redesign,prototypes/devi-puja.svg,lotus with a red bindu and a small crescent,"Design the ""Devi Puja"" icon for VaranasiPooja.com. Subject: lotus with a red bindu and a small crescent. Composition: one clear symbol, perfectly centred, balanced negative space, readable at 24px and 512px. Premium devotional icon, flat vector, single symbol centred on a 512x512 transparent artboard with 48px safe padding. Monoline style: 20px uniform stroke, round caps and joins, filled accents only where noted. Colour: gold gradient #F3D48A to #B08A4C for strokes, kumkum red #C0392B only for tilak/bindu/small accents, ivory #FFF8E8 for highlights. No text, no letters, no background tile, no glow, no drop shadow, no 3D, no photorealism, no human faces or deity bodies/idols - deities shown only through their symbols. No diya/flame unless the subject is about lamp, aarti, havan or fire. Geometric, symmetric, crisp at 24px, consistent optical weight with the whole set. Avoid: text, letters, numbers, watermark, background square or tile, glossy glass, bevel, 3D render, photorealism, drop shadow, outer glow, gradient mesh noise, sketchy or hand-drawn lines, uneven stroke widths, human faces, deity bodies or idols, weapons shown violently, brand logos, clutter."
shakti-puja,Shakti Puja,Core Pooja / Devata Service Stickers,redesign,prototypes/shakti-puja.svg,Sri Yantra style triangle geometry inside a circle,"Design the ""Shakti Puja"" icon for VaranasiPooja.com. Subject: Sri Yantra style triangle geometry inside a circle. Composition: one clear symbol, perfectly centred, balanced negative space, readable at 24px and 512px. Premium devotional icon, flat vector, single symbol centred on a 512x512 transparent artboard with 48px safe padding. Monoline style: 20px uniform stroke, round caps and joins, filled accents only where noted. Colour: gold gradient #F3D48A to #B08A4C for strokes, kumkum red #C0392B only for tilak/bindu/small accents, ivory #FFF8E8 for highlights. No text, no letters, no background tile, no glow, no drop shadow, no 3D, no photorealism, no human faces or deity bodies/idols - deities shown only through their symbols. No diya/flame unless the subject is about lamp, aarti, havan or fire. Geometric, symmetric, crisp at 24px, consistent optical weight with the whole set. Avoid: text, letters, numbers, watermark, background square or tile, glossy glass, bevel, 3D render, photorealism, drop shadow, outer glow, gradient mesh noise, sketchy or hand-drawn lines, uneven stroke widths, human faces, deity bodies or idols, weapons shown violently, brand logos, clutter."
chandi-path,Chandi Path,Core Pooja / Devata Service Stickers,redesign,prototypes/chandi-path.svg,open scripture book with a small sword (khadga) above,"Design the ""Chandi Path"" icon for VaranasiPooja.com. Subject: open scripture book with a small sword (khadga) above. Composition: one clear symbol, perfectly centred, balanced negative space, readable at 24px and 512px. Premium devotional icon, flat vector, single symbol centred on a 512x512 transparent artboard with 48px safe padding. Monoline style: 20px uniform stroke, round caps and joins, filled accents only where noted. Colour: gold gradient #F3D48A to #B08A4C for strokes, kumkum red #C0392B only for tilak/bindu/small accents, ivory #FFF8E8 for highlights. No text, no letters, no background tile, no glow, no drop shadow, no 3D, no photorealism, no human faces or deity bodies/idols - deities shown only through their symbols. No diya/flame unless the subject is about lamp, aarti, havan or fire. Geometric, symmetric, crisp at 24px, consistent optical weight with the whole set. Avoid: text, letters, numbers, watermark, background square or tile, glossy glass, bevel, 3D render, photorealism, drop shadow, outer glow, gradient mesh noise, sketchy or hand-drawn lines, uneven stroke widths, human faces, deity bodies or idols, weapons shown violently, brand logos, clutter."
durga-saptashati,Durga Saptashati,Core Pooja / Devata Service Stickers,redesign,prototypes/durga-saptashati.svg,open scripture book with a small trishul and lotus mark,"Design the ""Durga Saptashati"" icon for VaranasiPooja.com. Subject: open scripture book with a small trishul and lotus mark. Composition: one clear symbol, perfectly centred, balanced negative space, readable at 24px and 512px. Premium devotional icon, flat vector, single symbol centred on a 512x512 transparent artboard with 48px safe padding. Monoline style: 20px uniform stroke, round caps and joins, filled accents only where noted. Colour: gold gradient #F3D48A to #B08A4C for strokes, kumkum red #C0392B only for tilak/bindu/small accents, ivory #FFF8E8 for highlights. No text, no letters, no background tile, no glow, no drop shadow, no 3D, no photorealism, no human faces or deity bodies/idols - deities shown only through their symbols. No diya/flame unless the subject is about lamp, aarti, havan or fire. Geometric, symmetric, crisp at 24px, consistent optical weight with the whole set. Avoid: text, letters, numbers, watermark, background square or tile, glossy glass, bevel, 3D render, photorealism, drop shadow, outer glow, gradient mesh noise, sketchy or hand-drawn lines, uneven stroke widths, human faces, deity bodies or idols, weapons shown violently, brand logos, clutter."
saraswati-puja,Saraswati Puja,Core Pooja / Devata Service Stickers,redesign,prototypes/saraswati-puja.svg,veena instrument with a small lotus,"Design the ""Saraswati Puja"" icon for VaranasiPooja.com. Subject: veena instrument with a small lotus. Composition: one clear symbol, perfectly centred, balanced negative space, readable at 24px and 512px. Premium devotional icon, flat vector, single symbol centred on a 512x512 transparent artboard with 48px safe padding. Monoline style: 20px uniform stroke, round caps and joins, filled accents only where noted. Colour: gold gradient #F3D48A to #B08A4C for strokes, kumkum red #C0392B only for tilak/bindu/small accents, ivory #FFF8E8 for highlights. No text, no letters, no background tile, no glow, no drop shadow, no 3D, no photorealism, no human faces or deity bodies/idols - deities shown only through their symbols. No diya/flame unless the subject is about lamp, aarti, havan or fire. Geometric, symmetric, crisp at 24px, consistent optical weight with the whole set. Avoid: text, letters, numbers, watermark, background square or tile, glossy glass, bevel, 3D render, photorealism, drop shadow, outer glow, gradient mesh noise, sketchy or hand-drawn lines, uneven stroke widths, human faces, deity bodies or idols, weapons shown violently, brand logos, clutter."
pind-daan,Pind Daan,"Pitru, Shraddha & Moksha Services",redesign,prototypes/pind-daan.svg,three rice pinda balls on a leaf with water drops,"Design the ""Pind Daan"" icon for VaranasiPooja.com. Subject: three rice pinda balls on a leaf with water drops. Composition: one clear symbol, perfectly centred, balanced negative space, readable at 24px and 512px. Premium devotional icon, flat vector, single symbol centred on a 512x512 transparent artboard with 48px safe padding. Monoline style: 20px uniform stroke, round caps and joins, filled accents only where noted. Colour: gold gradient #F3D48A to #B08A4C for strokes, kumkum red #C0392B only for tilak/bindu/small accents, ivory #FFF8E8 for highlights. No text, no letters, no background tile, no glow, no drop shadow, no 3D, no photorealism, no human faces or deity bodies/idols - deities shown only through their symbols. No diya/flame unless the subject is about lamp, aarti, havan or fire. Geometric, symmetric, crisp at 24px, consistent optical weight with the whole set. Avoid: text, letters, numbers, watermark, background square or tile, glossy glass, bevel, 3D render, photorealism, drop shadow, outer glow, gradient mesh noise, sketchy or hand-drawn lines, uneven stroke widths, human faces, deity bodies or idols, weapons shown violently, brand logos, clutter."
tripindi-shraddha,Tripindi Shraddha,"Pitru, Shraddha & Moksha Services",redesign,prototypes/tripindi-shraddha.svg,three pinda balls in a triangle arrangement on a leaf,"Design the ""Tripindi Shraddha"" icon for VaranasiPooja.com. Subject: three pinda balls in a triangle arrangement on a leaf. Composition: one clear symbol, perfectly centred, balanced negative space, readable at 24px and 512px. Premium devotional icon, flat vector, single symbol centred on a 512x512 transparent artboard with 48px safe padding. Monoline style: 20px uniform stroke, round caps and joins, filled accents only where noted. Colour: gold gradient #F3D48A to #B08A4C for strokes, kumkum red #C0392B only for tilak/bindu/small accents, ivory #FFF8E8 for highlights. No text, no letters, no background tile, no glow, no drop shadow, no 3D, no photorealism, no human faces or deity bodies/idols - deities shown only through their symbols. No diya/flame unless the subject is about lamp, aarti, havan or fire. Geometric, symmetric, crisp at 24px, consistent optical weight with the whole set. Avoid: text, letters, numbers, watermark, background square or tile, glossy glass, bevel, 3D render, photorealism, drop shadow, outer glow, gradient mesh noise, sketchy or hand-drawn lines, uneven stroke widths, human faces, deity bodies or idols, weapons shown violently, brand logos, clutter."
shraddha-karma,Shraddha Karma,"Pitru, Shraddha & Moksha Services",redesign,prototypes/shraddha-karma.svg,copper lota pouring water over kusha grass,"Design the ""Shraddha Karma"" icon for VaranasiPooja.com. Subject: copper lota pouring water over kusha grass. Composition: one clear symbol, perfectly centred, balanced negative space, readable at 24px and 512px. Premium devotional icon, flat vector, single symbol centred on a 512x512 transparent artboard with 48px safe padding. Monoline style: 20px uniform stroke, round caps and joins, filled accents only where noted. Colour: gold gradient #F3D48A to #B08A4C for strokes, kumkum red #C0392B only for tilak/bindu/small accents, ivory #FFF8E8 for highlights. No text, no letters, no background tile, no glow, no drop shadow, no 3D, no photorealism, no human faces or deity bodies/idols - deities shown only through their symbols. No diya/flame unless the subject is about lamp, aarti, havan or fire. Geometric, symmetric, crisp at 24px, consistent optical weight with the whole set. Avoid: text, letters, numbers, watermark, background square or tile, glossy glass, bevel, 3D render, photorealism, drop shadow, outer glow, gradient mesh noise, sketchy or hand-drawn lines, uneven stroke widths, human faces, deity bodies or idols, weapons shown violently, brand logos, clutter."
tarpan,Tarpan,"Pitru, Shraddha & Moksha Services",redesign,prototypes/tarpan.svg,"cupped hands pouring water with sesame seeds (hands only, no face)","Design the ""Tarpan"" icon for VaranasiPooja.com. Subject: cupped hands pouring water with sesame seeds (hands only, no face). Composition: one clear symbol, perfectly centred, balanced negative space, readable at 24px and 512px. Premium devotional icon, flat vector, single symbol centred on a 512x512 transparent artboard with 48px safe padding. Monoline style: 20px uniform stroke, round caps and joins, filled accents only where noted. Colour: gold gradient #F3D48A to #B08A4C for strokes, kumkum red #C0392B only for tilak/bindu/small accents, ivory #FFF8E8 for highlights. No text, no letters, no background tile, no glow, no drop shadow, no 3D, no photorealism, no human faces or deity bodies/idols - deities shown only through their symbols. No diya/flame unless the subject is about lamp, aarti, havan or fire. Geometric, symmetric, crisp at 24px, consistent optical weight with the whole set. Avoid: text, letters, numbers, watermark, background square or tile, glossy glass, bevel, 3D render, photorealism, drop shadow, outer glow, gradient mesh noise, sketchy or hand-drawn lines, uneven stroke widths, human faces, deity bodies or idols, weapons shown violently, brand logos, clutter."
thevasam,Thevasam,"Pitru, Shraddha & Moksha Services",redesign,prototypes/thevasam.svg,banana leaf plate with rice and a small lota,"Design the ""Thevasam"" icon for VaranasiPooja.com. Subject: banana leaf plate with rice and a small lota. Composition: one clear symbol, perfectly centred, balanced negative space, readable at 24px and 512px. Premium devotional icon, flat vector, single symbol centred on a 512x512 transparent artboard with 48px safe padding. Monoline style: 20px uniform stroke, round caps and joins, filled accents only where noted. Colour: gold gradient #F3D48A to #B08A4C for strokes, kumkum red #C0392B only for tilak/bindu/small accents, ivory #FFF8E8 for highlights. No text, no letters, no background tile, no glow, no drop shadow, no 3D, no photorealism, no human faces or deity bodies/idols - deities shown only through their symbols. No diya/flame unless the subject is about lamp, aarti, havan or fire. Geometric, symmetric, crisp at 24px, consistent optical weight with the whole set. Avoid: text, letters, numbers, watermark, background square or tile, glossy glass, bevel, 3D render, photorealism, drop shadow, outer glow, gradient mesh noise, sketchy or hand-drawn lines, uneven stroke widths, human faces, deity bodies or idols, weapons shown violently, brand logos, clutter."
narayana-bali,Narayana Bali,"Pitru, Shraddha & Moksha Services",redesign,prototypes/narayana-bali.svg,sudarshan chakra above three pinda balls,"Design the ""Narayana Bali"" icon for VaranasiPooja.com. Subject: sudarshan chakra above three pinda balls. Composition: one clear symbol, perfectly centred, balanced negative space, readable at 24px and 512px. Premium devotional icon, flat vector, single symbol centred on a 512x512 transparent artboard with 48px safe padding. Monoline style: 20px uniform stroke, round caps and joins, filled accents only where noted. Colour: gold gradient #F3D48A to #B08A4C for strokes, kumkum red #C0392B only for tilak/bindu/small accents, ivory #FFF8E8 for highlights. No text, no letters, no background tile, no glow, no drop shadow, no 3D, no photorealism, no human faces or deity bodies/idols - deities shown only through their symbols. No diya/flame unless the subject is about lamp, aarti, havan or fire. Geometric, symmetric, crisp at 24px, consistent optical weight with the whole set. Avoid: text, letters, numbers, watermark, background square or tile, glossy glass, bevel, 3D render, photorealism, drop shadow, outer glow, gradient mesh noise, sketchy or hand-drawn lines, uneven stroke widths, human faces, deity bodies or idols, weapons shown violently, brand logos, clutter."
naga-bali,Naga Bali,"Pitru, Shraddha & Moksha Services",redesign,prototypes/naga-bali.svg,coiled serpent symbol around a small lingam,"Design the ""Naga Bali"" icon for VaranasiPooja.com. Subject: coiled serpent symbol around a small lingam. Composition: one clear symbol, perfectly centred, balanced negative space, readable at 24px and 512px. Premium devotional icon, flat vector, single symbol centred on a 512x512 transparent artboard with 48px safe padding. Monoline style: 20px uniform stroke, round caps and joins, filled accents only where noted. Colour: gold gradient #F3D48A to #B08A4C for strokes, kumkum red #C0392B only for tilak/bindu/small accents, ivory #FFF8E8 for highlights. No text, no letters, no background tile, no glow, no drop shadow, no 3D, no photorealism, no human faces or deity bodies/idols - deities shown only through their symbols. No diya/flame unless the subject is about lamp, aarti, havan or fire. Geometric, symmetric, crisp at 24px, consistent optical weight with the whole set. Avoid: text, letters, numbers, watermark, background square or tile, glossy glass, bevel, 3D render, photorealism, drop shadow, outer glow, gradient mesh noise, sketchy or hand-drawn lines, uneven stroke widths, human faces, deity bodies or idols, weapons shown violently, brand logos, clutter."
pitri-dosh-nivaran,Pitri Dosh Nivaran,"Pitru, Shraddha & Moksha Services",redesign,prototypes/pitri-dosh-nivaran.svg,pinda ball with a protective circular arc,"Design the ""Pitri Dosh Nivaran"" icon for VaranasiPooja.com. Subject: pinda ball with a protective circular arc. Composition: one clear symbol, perfectly centred, balanced negative space, readable at 24px and 512px. Premium devotional icon, flat vector, single symbol centred on a 512x512 transparent artboard with 48px safe padding. Monoline style: 20px uniform stroke, round caps and joins, filled accents only where noted. Colour: gold gradient #F3D48A to #B08A4C for strokes, kumkum red #C0392B only for tilak/bindu/small accents, ivory #FFF8E8 for highlights. No text, no letters, no background tile, no glow, no drop shadow, no 3D, no photorealism, no human faces or deity bodies/idols - deities shown only through their symbols. No diya/flame unless the subject is about lamp, aarti, havan or fire. Geometric, symmetric, crisp at 24px, consistent optical weight with the whole set. Avoid: text, letters, numbers, watermark, background square or tile, glossy glass, bevel, 3D render, photorealism, drop shadow, outer glow, gradient mesh noise, sketchy or hand-drawn lines, uneven stroke widths, human faces, deity bodies or idols, weapons shown violently, brand logos, clutter."
asthi-visarjan,Asthi Visarjan,"Pitru, Shraddha & Moksha Services",redesign,prototypes/asthi-visarjan.svg,small urn (kalash) above river waves,"Design the ""Asthi Visarjan"" icon for VaranasiPooja.com. Subject: small urn (kalash) above river waves. Composition: one clear symbol, perfectly centred, balanced negative space, readable at 24px and 512px. Premium devotional icon, flat vector, single symbol centred on a 512x512 transparent artboard with 48px safe padding. Monoline style: 20px uniform stroke, round caps and joins, filled accents only where noted. Colour: gold gradient #F3D48A to #B08A4C for strokes, kumkum red #C0392B only for tilak/bindu/small accents, ivory #FFF8E8 for highlights. No text, no letters, no background tile, no glow, no drop shadow, no 3D, no photorealism, no human faces or deity bodies/idols - deities shown only through their symbols. No diya/flame unless the subject is about lamp, aarti, havan or fire. Geometric, symmetric, crisp at 24px, consistent optical weight with the whole set. Avoid: text, letters, numbers, watermark, background square or tile, glossy glass, bevel, 3D render, photorealism, drop shadow, outer glow, gradient mesh noise, sketchy or hand-drawn lines, uneven stroke widths, human faces, deity bodies or idols, weapons shown violently, brand logos, clutter."
antyesti-sanskar,Antyesti Sanskar,"Pitru, Shraddha & Moksha Services",redesign,prototypes/antyesti-sanskar.svg,funeral pyre logs with a small flame,"Design the ""Antyesti Sanskar"" icon for VaranasiPooja.com. Subject: funeral pyre logs with a small flame. Composition: one clear symbol, perfectly centred, balanced negative space, readable at 24px and 512px. Premium devotional icon, flat vector, single symbol centred on a 512x512 transparent artboard with 48px safe padding. Monoline style: 20px uniform stroke, round caps and joins, filled accents only where noted. Colour: gold gradient #F3D48A to #B08A4C for strokes, kumkum red #C0392B only for tilak/bindu/small accents, ivory #FFF8E8 for highlights. No text, no letters, no background tile, no glow, no drop shadow, no 3D, no photorealism, no human faces or deity bodies/idols - deities shown only through their symbols. No diya/flame unless the subject is about lamp, aarti, havan or fire. Geometric, symmetric, crisp at 24px, consistent optical weight with the whole set. Avoid: text, letters, numbers, watermark, background square or tile, glossy glass, bevel, 3D render, photorealism, drop shadow, outer glow, gradient mesh noise, sketchy or hand-drawn lines, uneven stroke widths, human faces, deity bodies or idols, weapons shown violently, brand logos, clutter."
moksha-karya,Moksha Karya,"Pitru, Shraddha & Moksha Services",redesign,prototypes/moksha-karya.svg,lotus rising from river waves with an upward light ray,"Design the ""Moksha Karya"" icon for VaranasiPooja.com. Subject: lotus rising from river waves with an upward light ray. Composition: one clear symbol, perfectly centred, balanced negative space, readable at 24px and 512px. Premium devotional icon, flat vector, single symbol centred on a 512x512 transparent artboard with 48px safe padding. Monoline style: 20px uniform stroke, round caps and joins, filled accents only where noted. Colour: gold gradient #F3D48A to #B08A4C for strokes, kumkum red #C0392B only for tilak/bindu/small accents, ivory #FFF8E8 for highlights. No text, no letters, no background tile, no glow, no drop shadow, no 3D, no photorealism, no human faces or deity bodies/idols - deities shown only through their symbols. No diya/flame unless the subject is about lamp, aarti, havan or fire. Geometric, symmetric, crisp at 24px, consistent optical weight with the whole set. Avoid: text, letters, numbers, watermark, background square or tile, glossy glass, bevel, 3D render, photorealism, drop shadow, outer glow, gradient mesh noise, sketchy or hand-drawn lines, uneven stroke widths, human faces, deity bodies or idols, weapons shown violently, brand logos, clutter."
navgrah-shanti,Navgrah Shanti,Grah Shanti & Jyotish,redesign,prototypes/navgrah-shanti.svg,"nine circles arranged in a 3x3 grid, central one larger","Design the ""Navgrah Shanti"" icon for VaranasiPooja.com. Subject: nine circles arranged in a 3x3 grid, central one larger. Composition: one clear symbol, perfectly centred, balanced negative space, readable at 24px and 512px. Premium devotional icon, flat vector, single symbol centred on a 512x512 transparent artboard with 48px safe padding. Monoline style: 20px uniform stroke, round caps and joins, filled accents only where noted. Colour: gold gradient #F3D48A to #B08A4C for strokes, kumkum red #C0392B only for tilak/bindu/small accents, ivory #FFF8E8 for highlights. No text, no letters, no background tile, no glow, no drop shadow, no 3D, no photorealism, no human faces or deity bodies/idols - deities shown only through their symbols. No diya/flame unless the subject is about lamp, aarti, havan or fire. Geometric, symmetric, crisp at 24px, consistent optical weight with the whole set. Avoid: text, letters, numbers, watermark, background square or tile, glossy glass, bevel, 3D render, photorealism, drop shadow, outer glow, gradient mesh noise, sketchy or hand-drawn lines, uneven stroke widths, human faces, deity bodies or idols, weapons shown violently, brand logos, clutter."
kaal-sarp-dosh,Kaal Sarp Dosh,Grah Shanti & Jyotish,redesign,prototypes/kaal-sarp-dosh.svg,serpent forming a circle swallowing its tail around planet dots,"Design the ""Kaal Sarp Dosh"" icon for VaranasiPooja.com. Subject: serpent forming a circle swallowing its tail around planet dots. Composition: one clear symbol, perfectly centred, balanced negative space, readable at 24px and 512px. Premium devotional icon, flat vector, single symbol centred on a 512x512 transparent artboard with 48px safe padding. Monoline style: 20px uniform stroke, round caps and joins, filled accents only where noted. Colour: gold gradient #F3D48A to #B08A4C for strokes, kumkum red #C0392B only for tilak/bindu/small accents, ivory #FFF8E8 for highlights. No text, no letters, no background tile, no glow, no drop shadow, no 3D, no photorealism, no human faces or deity bodies/idols - deities shown only through their symbols. No diya/flame unless the subject is about lamp, aarti, havan or fire. Geometric, symmetric, crisp at 24px, consistent optical weight with the whole set. Avoid: text, letters, numbers, watermark, background square or tile, glossy glass, bevel, 3D render, photorealism, drop shadow, outer glow, gradient mesh noise, sketchy or hand-drawn lines, uneven stroke widths, human faces, deity bodies or idols, weapons shown violently, brand logos, clutter."
mangal-dosh,Mangal Dosh,Grah Shanti & Jyotish,redesign,prototypes/mangal-dosh.svg,Mars planet circle with a small triangle marker,"Design the ""Mangal Dosh"" icon for VaranasiPooja.com. Subject: Mars planet circle with a small triangle marker. Composition: one clear symbol, perfectly centred, balanced negative space, readable at 24px and 512px. Premium devotional icon, flat vector, single symbol centred on a 512x512 transparent artboard with 48px safe padding. Monoline style: 20px uniform stroke, round caps and joins, filled accents only where noted. Colour: gold gradient #F3D48A to #B08A4C for strokes, kumkum red #C0392B only for tilak/bindu/small accents, ivory #FFF8E8 for highlights. No text, no letters, no background tile, no glow, no drop shadow, no 3D, no photorealism, no human faces or deity bodies/idols - deities shown only through their symbols. No diya/flame unless the subject is about lamp, aarti, havan or fire. Geometric, symmetric, crisp at 24px, consistent optical weight with the whole set. Avoid: text, letters, numbers, watermark, background square or tile, glossy glass, bevel, 3D render, photorealism, drop shadow, outer glow, gradient mesh noise, sketchy or hand-drawn lines, uneven stroke widths, human faces, deity bodies or idols, weapons shown violently, brand logos, clutter."
pitri-dosh,Pitri Dosh,Grah Shanti & Jyotish,redesign,prototypes/pitri-dosh.svg,pinda ball with a small planet ring,"Design the ""Pitri Dosh"" icon for VaranasiPooja.com. Subject: pinda ball with a small planet ring. Composition: one clear symbol, perfectly centred, balanced negative space, readable at 24px and 512px. Premium devotional icon, flat vector, single symbol centred on a 512x512 transparent artboard with 48px safe padding. Monoline style: 20px uniform stroke, round caps and joins, filled accents only where noted. Colour: gold gradient #F3D48A to #B08A4C for strokes, kumkum red #C0392B only for tilak/bindu/small accents, ivory #FFF8E8 for highlights. No text, no letters, no background tile, no glow, no drop shadow, no 3D, no photorealism, no human faces or deity bodies/idols - deities shown only through their symbols. No diya/flame unless the subject is about lamp, aarti, havan or fire. Geometric, symmetric, crisp at 24px, consistent optical weight with the whole set. Avoid: text, letters, numbers, watermark, background square or tile, glossy glass, bevel, 3D render, photorealism, drop shadow, outer glow, gradient mesh noise, sketchy or hand-drawn lines, uneven stroke widths, human faces, deity bodies or idols, weapons shown violently, brand logos, clutter."
vedic-astrology-consultation,Vedic Astrology Consultation,Grah Shanti & Jyotish,redesign,prototypes/vedic-astrology-consultation.svg,kundali chart square with a speech bubble,"Design the ""Vedic Astrology Consultation"" icon for VaranasiPooja.com. Subject: kundali chart square with a speech bubble. Composition: one clear symbol, perfectly centred, balanced negative space, readable at 24px and 512px. Premium devotional icon, flat vector, single symbol centred on a 512x512 transparent artboard with 48px safe padding. Monoline style: 20px uniform stroke, round caps and joins, filled accents only where noted. Colour: gold gradient #F3D48A to #B08A4C for strokes, kumkum red #C0392B only for tilak/bindu/small accents, ivory #FFF8E8 for highlights. No text, no letters, no background tile, no glow, no drop shadow, no 3D, no photorealism, no human faces or deity bodies/idols - deities shown only through their symbols. No diya/flame unless the subject is about lamp, aarti, havan or fire. Geometric, symmetric, crisp at 24px, consistent optical weight with the whole set. Avoid: text, letters, numbers, watermark, background square or tile, glossy glass, bevel, 3D render, photorealism, drop shadow, outer glow, gradient mesh noise, sketchy or hand-drawn lines, uneven stroke widths, human faces, deity bodies or idols, weapons shown violently, brand logos, clutter."
kundali-booking,Kundali Booking,Grah Shanti & Jyotish,redesign,prototypes/kundali-booking.svg,north-Indian diamond kundali chart with a check mark,"Design the ""Kundali Booking"" icon for VaranasiPooja.com. Subject: north-Indian diamond kundali chart with a check mark. Composition: one clear symbol, perfectly centred, balanced negative space, readable at 24px and 512px. Premium devotional icon, flat vector, single symbol centred on a 512x512 transparent artboard with 48px safe padding. Monoline style: 20px uniform stroke, round caps and joins, filled accents only where noted. Colour: gold gradient #F3D48A to #B08A4C for strokes, kumkum red #C0392B only for tilak/bindu/small accents, ivory #FFF8E8 for highlights. No text, no letters, no background tile, no glow, no drop shadow, no 3D, no photorealism, no human faces or deity bodies/idols - deities shown only through their symbols. No diya/flame unless the subject is about lamp, aarti, havan or fire. Geometric, symmetric, crisp at 24px, consistent optical weight with the whole set. Avoid: text, letters, numbers, watermark, background square or tile, glossy glass, bevel, 3D render, photorealism, drop shadow, outer glow, gradient mesh noise, sketchy or hand-drawn lines, uneven stroke widths, human faces, deity bodies or idols, weapons shown violently, brand logos, clutter."
kundali-chart,Kundali Chart,Grah Shanti & Jyotish,redesign,prototypes/kundali-chart.svg,north-Indian diamond kundali chart grid,"Design the ""Kundali Chart"" icon for VaranasiPooja.com. Subject: north-Indian diamond kundali chart grid. Composition: one clear symbol, perfectly centred, balanced negative space, readable at 24px and 512px. Premium devotional icon, flat vector, single symbol centred on a 512x512 transparent artboard with 48px safe padding. Monoline style: 20px uniform stroke, round caps and joins, filled accents only where noted. Colour: gold gradient #F3D48A to #B08A4C for strokes, kumkum red #C0392B only for tilak/bindu/small accents, ivory #FFF8E8 for highlights. No text, no letters, no background tile, no glow, no drop shadow, no 3D, no photorealism, no human faces or deity bodies/idols - deities shown only through their symbols. No diya/flame unless the subject is about lamp, aarti, havan or fire. Geometric, symmetric, crisp at 24px, consistent optical weight with the whole set. Avoid: text, letters, numbers, watermark, background square or tile, glossy glass, bevel, 3D render, photorealism, drop shadow, outer glow, gradient mesh noise, sketchy or hand-drawn lines, uneven stroke widths, human faces, deity bodies or idols, weapons shown violently, brand logos, clutter."
surya-graha,Surya Graha,Grah Shanti & Jyotish,redesign,prototypes/surya-graha.svg,sun disc with eight rays,"Design the ""Surya Graha"" icon for VaranasiPooja.com. Subject: sun disc with eight rays. Composition: one clear symbol, perfectly centred, balanced negative space, readable at 24px and 512px. Premium devotional icon, flat vector, single symbol centred on a 512x512 transparent artboard with 48px safe padding. Monoline style: 20px uniform stroke, round caps and joins, filled accents only where noted. Colour: gold gradient #F3D48A to #B08A4C for strokes, kumkum red #C0392B only for tilak/bindu/small accents, ivory #FFF8E8 for highlights. No text, no letters, no background tile, no glow, no drop shadow, no 3D, no photorealism, no human faces or deity bodies/idols - deities shown only through their symbols. No diya/flame unless the subject is about lamp, aarti, havan or fire. Geometric, symmetric, crisp at 24px, consistent optical weight with the whole set. Avoid: text, letters, numbers, watermark, background square or tile, glossy glass, bevel, 3D render, photorealism, drop shadow, outer glow, gradient mesh noise, sketchy or hand-drawn lines, uneven stroke widths, human faces, deity bodies or idols, weapons shown violently, brand logos, clutter."
chandra-graha,Chandra Graha,Grah Shanti & Jyotish,redesign,prototypes/chandra-graha.svg,crescent moon,"Design the ""Chandra Graha"" icon for VaranasiPooja.com. Subject: crescent moon. Composition: one clear symbol, perfectly centred, balanced negative space, readable at 24px and 512px. Premium devotional icon, flat vector, single symbol centred on a 512x512 transparent artboard with 48px safe padding. Monoline style: 20px uniform stroke, round caps and joins, filled accents only where noted. Colour: gold gradient #F3D48A to #B08A4C for strokes, kumkum red #C0392B only for tilak/bindu/small accents, ivory #FFF8E8 for highlights. No text, no letters, no background tile, no glow, no drop shadow, no 3D, no photorealism, no human faces or deity bodies/idols - deities shown only through their symbols. No diya/flame unless the subject is about lamp, aarti, havan or fire. Geometric, symmetric, crisp at 24px, consistent optical weight with the whole set. Avoid: text, letters, numbers, watermark, background square or tile, glossy glass, bevel, 3D render, photorealism, drop shadow, outer glow, gradient mesh noise, sketchy or hand-drawn lines, uneven stroke widths, human faces, deity bodies or idols, weapons shown violently, brand logos, clutter."
mangal-graha,Mangal Graha,Grah Shanti & Jyotish,redesign,prototypes/mangal-graha.svg,planet circle with a small upward triangle (Mars),"Design the ""Mangal Graha"" icon for VaranasiPooja.com. Subject: planet circle with a small upward triangle (Mars). Composition: one clear symbol, perfectly centred, balanced negative space, readable at 24px and 512px. Premium devotional icon, flat vector, single symbol centred on a 512x512 transparent artboard with 48px safe padding. Monoline style: 20px uniform stroke, round caps and joins, filled accents only where noted. Colour: gold gradient #F3D48A to #B08A4C for strokes, kumkum red #C0392B only for tilak/bindu/small accents, ivory #FFF8E8 for highlights. No text, no letters, no background tile, no glow, no drop shadow, no 3D, no photorealism, no human faces or deity bodies/idols - deities shown only through their symbols. No diya/flame unless the subject is about lamp, aarti, havan or fire. Geometric, symmetric, crisp at 24px, consistent optical weight with the whole set. Avoid: text, letters, numbers, watermark, background square or tile, glossy glass, bevel, 3D render, photorealism, drop shadow, outer glow, gradient mesh noise, sketchy or hand-drawn lines, uneven stroke widths, human faces, deity bodies or idols, weapons shown violently, brand logos, clutter."
budh-graha,Budh Graha,Grah Shanti & Jyotish,redesign,prototypes/budh-graha.svg,planet circle with a small leaf (Mercury),"Design the ""Budh Graha"" icon for VaranasiPooja.com. Subject: planet circle with a small leaf (Mercury). Composition: one clear symbol, perfectly centred, balanced negative space, readable at 24px and 512px. Premium devotional icon, flat vector, single symbol centred on a 512x512 transparent artboard with 48px safe padding. Monoline style: 20px uniform stroke, round caps and joins, filled accents only where noted. Colour: gold gradient #F3D48A to #B08A4C for strokes, kumkum red #C0392B only for tilak/bindu/small accents, ivory #FFF8E8 for highlights. No text, no letters, no background tile, no glow, no drop shadow, no 3D, no photorealism, no human faces or deity bodies/idols - deities shown only through their symbols. No diya/flame unless the subject is about lamp, aarti, havan or fire. Geometric, symmetric, crisp at 24px, consistent optical weight with the whole set. Avoid: text, letters, numbers, watermark, background square or tile, glossy glass, bevel, 3D render, photorealism, drop shadow, outer glow, gradient mesh noise, sketchy or hand-drawn lines, uneven stroke widths, human faces, deity bodies or idols, weapons shown violently, brand logos, clutter."
guru-graha,Guru Graha,Grah Shanti & Jyotish,redesign,prototypes/guru-graha.svg,planet circle with a small book (Jupiter),"Design the ""Guru Graha"" icon for VaranasiPooja.com. Subject: planet circle with a small book (Jupiter). Composition: one clear symbol, perfectly centred, balanced negative space, readable at 24px and 512px. Premium devotional icon, flat vector, single symbol centred on a 512x512 transparent artboard with 48px safe padding. Monoline style: 20px uniform stroke, round caps and joins, filled accents only where noted. Colour: gold gradient #F3D48A to #B08A4C for strokes, kumkum red #C0392B only for tilak/bindu/small accents, ivory #FFF8E8 for highlights. No text, no letters, no background tile, no glow, no drop shadow, no 3D, no photorealism, no human faces or deity bodies/idols - deities shown only through their symbols. No diya/flame unless the subject is about lamp, aarti, havan or fire. Geometric, symmetric, crisp at 24px, consistent optical weight with the whole set. Avoid: text, letters, numbers, watermark, background square or tile, glossy glass, bevel, 3D render, photorealism, drop shadow, outer glow, gradient mesh noise, sketchy or hand-drawn lines, uneven stroke widths, human faces, deity bodies or idols, weapons shown violently, brand logos, clutter."
shukra-graha,Shukra Graha,Grah Shanti & Jyotish,redesign,prototypes/shukra-graha.svg,planet circle with a small star (Venus),"Design the ""Shukra Graha"" icon for VaranasiPooja.com. Subject: planet circle with a small star (Venus). Composition: one clear symbol, perfectly centred, balanced negative space, readable at 24px and 512px. Premium devotional icon, flat vector, single symbol centred on a 512x512 transparent artboard with 48px safe padding. Monoline style: 20px uniform stroke, round caps and joins, filled accents only where noted. Colour: gold gradient #F3D48A to #B08A4C for strokes, kumkum red #C0392B only for tilak/bindu/small accents, ivory #FFF8E8 for highlights. No text, no letters, no background tile, no glow, no drop shadow, no 3D, no photorealism, no human faces or deity bodies/idols - deities shown only through their symbols. No diya/flame unless the subject is about lamp, aarti, havan or fire. Geometric, symmetric, crisp at 24px, consistent optical weight with the whole set. Avoid: text, letters, numbers, watermark, background square or tile, glossy glass, bevel, 3D render, photorealism, drop shadow, outer glow, gradient mesh noise, sketchy or hand-drawn lines, uneven stroke widths, human faces, deity bodies or idols, weapons shown violently, brand logos, clutter."
shani-graha,Shani Graha,Grah Shanti & Jyotish,redesign,prototypes/shani-graha.svg,ringed planet (Saturn),"Design the ""Shani Graha"" icon for VaranasiPooja.com. Subject: ringed planet (Saturn). Composition: one clear symbol, perfectly centred, balanced negative space, readable at 24px and 512px. Premium devotional icon, flat vector, single symbol centred on a 512x512 transparent artboard with 48px safe padding. Monoline style: 20px uniform stroke, round caps and joins, filled accents only where noted. Colour: gold gradient #F3D48A to #B08A4C for strokes, kumkum red #C0392B only for tilak/bindu/small accents, ivory #FFF8E8 for highlights. No text, no letters, no background tile, no glow, no drop shadow, no 3D, no photorealism, no human faces or deity bodies/idols - deities shown only through their symbols. No diya/flame unless the subject is about lamp, aarti, havan or fire. Geometric, symmetric, crisp at 24px, consistent optical weight with the whole set. Avoid: text, letters, numbers, watermark, background square or tile, glossy glass, bevel, 3D render, photorealism, drop shadow, outer glow, gradient mesh noise, sketchy or hand-drawn lines, uneven stroke widths, human faces, deity bodies or idols, weapons shown violently, brand logos, clutter."
rahu-graha,Rahu Graha,Grah Shanti & Jyotish,redesign,prototypes/rahu-graha.svg,half-dark eclipse disc with a serpent head silhouette,"Design the ""Rahu Graha"" icon for VaranasiPooja.com. Subject: half-dark eclipse disc with a serpent head silhouette. Composition: one clear symbol, perfectly centred, balanced negative space, readable at 24px and 512px. Premium devotional icon, flat vector, single symbol centred on a 512x512 transparent artboard with 48px safe padding. Monoline style: 20px uniform stroke, round caps and joins, filled accents only where noted. Colour: gold gradient #F3D48A to #B08A4C for strokes, kumkum red #C0392B only for tilak/bindu/small accents, ivory #FFF8E8 for highlights. No text, no letters, no background tile, no glow, no drop shadow, no 3D, no photorealism, no human faces or deity bodies/idols - deities shown only through their symbols. No diya/flame unless the subject is about lamp, aarti, havan or fire. Geometric, symmetric, crisp at 24px, consistent optical weight with the whole set. Avoid: text, letters, numbers, watermark, background square or tile, glossy glass, bevel, 3D render, photorealism, drop shadow, outer glow, gradient mesh noise, sketchy or hand-drawn lines, uneven stroke widths, human faces, deity bodies or idols, weapons shown violently, brand logos, clutter."
ketu-graha,Ketu Graha,Grah Shanti & Jyotish,redesign,prototypes/ketu-graha.svg,comet with a serpent tail,"Design the ""Ketu Graha"" icon for VaranasiPooja.com. Subject: comet with a serpent tail. Composition: one clear symbol, perfectly centred, balanced negative space, readable at 24px and 512px. Premium devotional icon, flat vector, single symbol centred on a 512x512 transparent artboard with 48px safe padding. Monoline style: 20px uniform stroke, round caps and joins, filled accents only where noted. Colour: gold gradient #F3D48A to #B08A4C for strokes, kumkum red #C0392B only for tilak/bindu/small accents, ivory #FFF8E8 for highlights. No text, no letters, no background tile, no glow, no drop shadow, no 3D, no photorealism, no human faces or deity bodies/idols - deities shown only through their symbols. No diya/flame unless the subject is about lamp, aarti, havan or fire. Geometric, symmetric, crisp at 24px, consistent optical weight with the whole set. Avoid: text, letters, numbers, watermark, background square or tile, glossy glass, bevel, 3D render, photorealism, drop shadow, outer glow, gradient mesh noise, sketchy or hand-drawn lines, uneven stroke widths, human faces, deity bodies or idols, weapons shown violently, brand logos, clutter."
ganga-aarti,Ganga Aarti,"Ganga, Kashi Darshan & Tour",redesign,prototypes/ganga-aarti.svg,multi-tier aarti lamp (panch-aarti) with flames above river waves,"Design the ""Ganga Aarti"" icon for VaranasiPooja.com. Subject: multi-tier aarti lamp (panch-aarti) with flames above river waves. Composition: one clear symbol, perfectly centred, balanced negative space, readable at 24px and 512px. Premium devotional icon, flat vector, single symbol centred on a 512x512 transparent artboard with 48px safe padding. Monoline style: 20px uniform stroke, round caps and joins, filled accents only where noted. Colour: gold gradient #F3D48A to #B08A4C for strokes, kumkum red #C0392B only for tilak/bindu/small accents, ivory #FFF8E8 for highlights. No text, no letters, no background tile, no glow, no drop shadow, no 3D, no photorealism, no human faces or deity bodies/idols - deities shown only through their symbols. No diya/flame unless the subject is about lamp, aarti, havan or fire. Geometric, symmetric, crisp at 24px, consistent optical weight with the whole set. Avoid: text, letters, numbers, watermark, background square or tile, glossy glass, bevel, 3D render, photorealism, drop shadow, outer glow, gradient mesh noise, sketchy or hand-drawn lines, uneven stroke widths, human faces, deity bodies or idols, weapons shown violently, brand logos, clutter."
ganga-boat-ride,Ganga Boat Ride,"Ganga, Kashi Darshan & Tour",redesign,prototypes/ganga-boat-ride.svg,wooden boat on river waves,"Design the ""Ganga Boat Ride"" icon for VaranasiPooja.com. Subject: wooden boat on river waves. Composition: one clear symbol, perfectly centred, balanced negative space, readable at 24px and 512px. Premium devotional icon, flat vector, single symbol centred on a 512x512 transparent artboard with 48px safe padding. Monoline style: 20px uniform stroke, round caps and joins, filled accents only where noted. Colour: gold gradient #F3D48A to #B08A4C for strokes, kumkum red #C0392B only for tilak/bindu/small accents, ivory #FFF8E8 for highlights. No text, no letters, no background tile, no glow, no drop shadow, no 3D, no photorealism, no human faces or deity bodies/idols - deities shown only through their symbols. No diya/flame unless the subject is about lamp, aarti, havan or fire. Geometric, symmetric, crisp at 24px, consistent optical weight with the whole set. Avoid: text, letters, numbers, watermark, background square or tile, glossy glass, bevel, 3D render, photorealism, drop shadow, outer glow, gradient mesh noise, sketchy or hand-drawn lines, uneven stroke widths, human faces, deity bodies or idols, weapons shown violently, brand logos, clutter."
kashi-darshan-package,Kashi Darshan Package,"Ganga, Kashi Darshan & Tour",redesign,prototypes/kashi-darshan-package.svg,temple shikhara with a suitcase tag,"Design the ""Kashi Darshan Package"" icon for VaranasiPooja.com. Subject: temple shikhara with a suitcase tag. Composition: one clear symbol, perfectly centred, balanced negative space, readable at 24px and 512px. Premium devotional icon, flat vector, single symbol centred on a 512x512 transparent artboard with 48px safe padding. Monoline style: 20px uniform stroke, round caps and joins, filled accents only where noted. Colour: gold gradient #F3D48A to #B08A4C for strokes, kumkum red #C0392B only for tilak/bindu/small accents, ivory #FFF8E8 for highlights. No text, no letters, no background tile, no glow, no drop shadow, no 3D, no photorealism, no human faces or deity bodies/idols - deities shown only through their symbols. No diya/flame unless the subject is about lamp, aarti, havan or fire. Geometric, symmetric, crisp at 24px, consistent optical weight with the whole set. Avoid: text, letters, numbers, watermark, background square or tile, glossy glass, bevel, 3D render, photorealism, drop shadow, outer glow, gradient mesh noise, sketchy or hand-drawn lines, uneven stroke widths, human faces, deity bodies or idols, weapons shown violently, brand logos, clutter."
vip-darshan,VIP Darshan,"Ganga, Kashi Darshan & Tour",redesign,prototypes/vip-darshan.svg,temple shikhara with a small crown badge,"Design the ""VIP Darshan"" icon for VaranasiPooja.com. Subject: temple shikhara with a small crown badge. Composition: one clear symbol, perfectly centred, balanced negative space, readable at 24px and 512px. Premium devotional icon, flat vector, single symbol centred on a 512x512 transparent artboard with 48px safe padding. Monoline style: 20px uniform stroke, round caps and joins, filled accents only where noted. Colour: gold gradient #F3D48A to #B08A4C for strokes, kumkum red #C0392B only for tilak/bindu/small accents, ivory #FFF8E8 for highlights. No text, no letters, no background tile, no glow, no drop shadow, no 3D, no photorealism, no human faces or deity bodies/idols - deities shown only through their symbols. No diya/flame unless the subject is about lamp, aarti, havan or fire. Geometric, symmetric, crisp at 24px, consistent optical weight with the whole set. Avoid: text, letters, numbers, watermark, background square or tile, glossy glass, bevel, 3D render, photorealism, drop shadow, outer glow, gradient mesh noise, sketchy or hand-drawn lines, uneven stroke widths, human faces, deity bodies or idols, weapons shown violently, brand logos, clutter."
temple-route,Temple Route,"Ganga, Kashi Darshan & Tour",redesign,prototypes/temple-route.svg,dotted route line ending at a temple,"Design the ""Temple Route"" icon for VaranasiPooja.com. Subject: dotted route line ending at a temple. Composition: one clear symbol, perfectly centred, balanced negative space, readable at 24px and 512px. Premium devotional icon, flat vector, single symbol centred on a 512x512 transparent artboard with 48px safe padding. Monoline style: 20px uniform stroke, round caps and joins, filled accents only where noted. Colour: gold gradient #F3D48A to #B08A4C for strokes, kumkum red #C0392B only for tilak/bindu/small accents, ivory #FFF8E8 for highlights. No text, no letters, no background tile, no glow, no drop shadow, no 3D, no photorealism, no human faces or deity bodies/idols - deities shown only through their symbols. No diya/flame unless the subject is about lamp, aarti, havan or fire. Geometric, symmetric, crisp at 24px, consistent optical weight with the whole set. Avoid: text, letters, numbers, watermark, background square or tile, glossy glass, bevel, 3D render, photorealism, drop shadow, outer glow, gradient mesh noise, sketchy or hand-drawn lines, uneven stroke widths, human faces, deity bodies or idols, weapons shown violently, brand logos, clutter."
tour-guide,Tour Guide,"Ganga, Kashi Darshan & Tour",redesign,prototypes/tour-guide.svg,flag on a pole with a small map,"Design the ""Tour Guide"" icon for VaranasiPooja.com. Subject: flag on a pole with a small map. Composition: one clear symbol, perfectly centred, balanced negative space, readable at 24px and 512px. Premium devotional icon, flat vector, single symbol centred on a 512x512 transparent artboard with 48px safe padding. Monoline style: 20px uniform stroke, round caps and joins, filled accents only where noted. Colour: gold gradient #F3D48A to #B08A4C for strokes, kumkum red #C0392B only for tilak/bindu/small accents, ivory #FFF8E8 for highlights. No text, no letters, no background tile, no glow, no drop shadow, no 3D, no photorealism, no human faces or deity bodies/idols - deities shown only through their symbols. No diya/flame unless the subject is about lamp, aarti, havan or fire. Geometric, symmetric, crisp at 24px, consistent optical weight with the whole set. Avoid: text, letters, numbers, watermark, background square or tile, glossy glass, bevel, 3D render, photorealism, drop shadow, outer glow, gradient mesh noise, sketchy or hand-drawn lines, uneven stroke widths, human faces, deity bodies or idols, weapons shown violently, brand logos, clutter."
itinerary,Itinerary,"Ganga, Kashi Darshan & Tour",redesign,prototypes/itinerary.svg,list page with a dotted route line,"Design the ""Itinerary"" icon for VaranasiPooja.com. Subject: list page with a dotted route line. Composition: one clear symbol, perfectly centred, balanced negative space, readable at 24px and 512px. Premium devotional icon, flat vector, single symbol centred on a 512x512 transparent artboard with 48px safe padding. Monoline style: 20px uniform stroke, round caps and joins, filled accents only where noted. Colour: gold gradient #F3D48A to #B08A4C for strokes, kumkum red #C0392B only for tilak/bindu/small accents, ivory #FFF8E8 for highlights. No text, no letters, no background tile, no glow, no drop shadow, no 3D, no photorealism, no human faces or deity bodies/idols - deities shown only through their symbols. No diya/flame unless the subject is about lamp, aarti, havan or fire. Geometric, symmetric, crisp at 24px, consistent optical weight with the whole set. Avoid: text, letters, numbers, watermark, background square or tile, glossy glass, bevel, 3D render, photorealism, drop shadow, outer glow, gradient mesh noise, sketchy or hand-drawn lines, uneven stroke widths, human faces, deity bodies or idols, weapons shown violently, brand logos, clutter."
boat-ride,Boat Ride,"Ganga, Kashi Darshan & Tour",redesign,prototypes/boat-ride.svg,small boat with a single oar,"Design the ""Boat Ride"" icon for VaranasiPooja.com. Subject: small boat with a single oar. Composition: one clear symbol, perfectly centred, balanced negative space, readable at 24px and 512px. Premium devotional icon, flat vector, single symbol centred on a 512x512 transparent artboard with 48px safe padding. Monoline style: 20px uniform stroke, round caps and joins, filled accents only where noted. Colour: gold gradient #F3D48A to #B08A4C for strokes, kumkum red #C0392B only for tilak/bindu/small accents, ivory #FFF8E8 for highlights. No text, no letters, no background tile, no glow, no drop shadow, no 3D, no photorealism, no human faces or deity bodies/idols - deities shown only through their symbols. No diya/flame unless the subject is about lamp, aarti, havan or fire. Geometric, symmetric, crisp at 24px, consistent optical weight with the whole set. Avoid: text, letters, numbers, watermark, background square or tile, glossy glass, bevel, 3D render, photorealism, drop shadow, outer glow, gradient mesh noise, sketchy or hand-drawn lines, uneven stroke widths, human faces, deity bodies or idols, weapons shown violently, brand logos, clutter."
stay-in-varanasi,Stay In Varanasi,"Ganga, Kashi Darshan & Tour",redesign,prototypes/stay-in-varanasi.svg,house outline with a small temple flag,"Design the ""Stay In Varanasi"" icon for VaranasiPooja.com. Subject: house outline with a small temple flag. Composition: one clear symbol, perfectly centred, balanced negative space, readable at 24px and 512px. Premium devotional icon, flat vector, single symbol centred on a 512x512 transparent artboard with 48px safe padding. Monoline style: 20px uniform stroke, round caps and joins, filled accents only where noted. Colour: gold gradient #F3D48A to #B08A4C for strokes, kumkum red #C0392B only for tilak/bindu/small accents, ivory #FFF8E8 for highlights. No text, no letters, no background tile, no glow, no drop shadow, no 3D, no photorealism, no human faces or deity bodies/idols - deities shown only through their symbols. No diya/flame unless the subject is about lamp, aarti, havan or fire. Geometric, symmetric, crisp at 24px, consistent optical weight with the whole set. Avoid: text, letters, numbers, watermark, background square or tile, glossy glass, bevel, 3D render, photorealism, drop shadow, outer glow, gradient mesh noise, sketchy or hand-drawn lines, uneven stroke widths, human faces, deity bodies or idols, weapons shown violently, brand logos, clutter."
hotel-stay,Hotel Stay,"Ganga, Kashi Darshan & Tour",redesign,prototypes/hotel-stay.svg,bed outline,"Design the ""Hotel Stay"" icon for VaranasiPooja.com. Subject: bed outline. Composition: one clear symbol, perfectly centred, balanced negative space, readable at 24px and 512px. Premium devotional icon, flat vector, single symbol centred on a 512x512 transparent artboard with 48px safe padding. Monoline style: 20px uniform stroke, round caps and joins, filled accents only where noted. Colour: gold gradient #F3D48A to #B08A4C for strokes, kumkum red #C0392B only for tilak/bindu/small accents, ivory #FFF8E8 for highlights. No text, no letters, no background tile, no glow, no drop shadow, no 3D, no photorealism, no human faces or deity bodies/idols - deities shown only through their symbols. No diya/flame unless the subject is about lamp, aarti, havan or fire. Geometric, symmetric, crisp at 24px, consistent optical weight with the whole set. Avoid: text, letters, numbers, watermark, background square or tile, glossy glass, bevel, 3D render, photorealism, drop shadow, outer glow, gradient mesh noise, sketchy or hand-drawn lines, uneven stroke widths, human faces, deity bodies or idols, weapons shown violently, brand logos, clutter."
transport,Transport,"Ganga, Kashi Darshan & Tour",redesign,prototypes/transport.svg,car front view,"Design the ""Transport"" icon for VaranasiPooja.com. Subject: car front view. Composition: one clear symbol, perfectly centred, balanced negative space, readable at 24px and 512px. Premium devotional icon, flat vector, single symbol centred on a 512x512 transparent artboard with 48px safe padding. Monoline style: 20px uniform stroke, round caps and joins, filled accents only where noted. Colour: gold gradient #F3D48A to #B08A4C for strokes, kumkum red #C0392B only for tilak/bindu/small accents, ivory #FFF8E8 for highlights. No text, no letters, no background tile, no glow, no drop shadow, no 3D, no photorealism, no human faces or deity bodies/idols - deities shown only through their symbols. No diya/flame unless the subject is about lamp, aarti, havan or fire. Geometric, symmetric, crisp at 24px, consistent optical weight with the whole set. Avoid: text, letters, numbers, watermark, background square or tile, glossy glass, bevel, 3D render, photorealism, drop shadow, outer glow, gradient mesh noise, sketchy or hand-drawn lines, uneven stroke widths, human faces, deity bodies or idols, weapons shown violently, brand logos, clutter."
ghat-visit,Ghat Visit,"Ganga, Kashi Darshan & Tour",redesign,prototypes/ghat-visit.svg,ghat steps descending into river waves,"Design the ""Ghat Visit"" icon for VaranasiPooja.com. Subject: ghat steps descending into river waves. Composition: one clear symbol, perfectly centred, balanced negative space, readable at 24px and 512px. Premium devotional icon, flat vector, single symbol centred on a 512x512 transparent artboard with 48px safe padding. Monoline style: 20px uniform stroke, round caps and joins, filled accents only where noted. Colour: gold gradient #F3D48A to #B08A4C for strokes, kumkum red #C0392B only for tilak/bindu/small accents, ivory #FFF8E8 for highlights. No text, no letters, no background tile, no glow, no drop shadow, no 3D, no photorealism, no human faces or deity bodies/idols - deities shown only through their symbols. No diya/flame unless the subject is about lamp, aarti, havan or fire. Geometric, symmetric, crisp at 24px, consistent optical weight with the whole set. Avoid: text, letters, numbers, watermark, background square or tile, glossy glass, bevel, 3D render, photorealism, drop shadow, outer glow, gradient mesh noise, sketchy or hand-drawn lines, uneven stroke widths, human faces, deity bodies or idols, weapons shown violently, brand logos, clutter."
kashi-ghat,Kashi Ghat,"Ganga, Kashi Darshan & Tour",redesign,prototypes/kashi-ghat.svg,ghat steps with an umbrella (chhatri) at the top,"Design the ""Kashi Ghat"" icon for VaranasiPooja.com. Subject: ghat steps with an umbrella (chhatri) at the top. Composition: one clear symbol, perfectly centred, balanced negative space, readable at 24px and 512px. Premium devotional icon, flat vector, single symbol centred on a 512x512 transparent artboard with 48px safe padding. Monoline style: 20px uniform stroke, round caps and joins, filled accents only where noted. Colour: gold gradient #F3D48A to #B08A4C for strokes, kumkum red #C0392B only for tilak/bindu/small accents, ivory #FFF8E8 for highlights. No text, no letters, no background tile, no glow, no drop shadow, no 3D, no photorealism, no human faces or deity bodies/idols - deities shown only through their symbols. No diya/flame unless the subject is about lamp, aarti, havan or fire. Geometric, symmetric, crisp at 24px, consistent optical weight with the whole set. Avoid: text, letters, numbers, watermark, background square or tile, glossy glass, bevel, 3D render, photorealism, drop shadow, outer glow, gradient mesh noise, sketchy or hand-drawn lines, uneven stroke widths, human faces, deity bodies or idols, weapons shown violently, brand logos, clutter."
ganga-wave,Ganga Wave,"Ganga, Kashi Darshan & Tour",redesign,prototypes/ganga-wave.svg,three flowing river wave lines,"Design the ""Ganga Wave"" icon for VaranasiPooja.com. Subject: three flowing river wave lines. Composition: one clear symbol, perfectly centred, balanced negative space, readable at 24px and 512px. Premium devotional icon, flat vector, single symbol centred on a 512x512 transparent artboard with 48px safe padding. Monoline style: 20px uniform stroke, round caps and joins, filled accents only where noted. Colour: gold gradient #F3D48A to #B08A4C for strokes, kumkum red #C0392B only for tilak/bindu/small accents, ivory #FFF8E8 for highlights. No text, no letters, no background tile, no glow, no drop shadow, no 3D, no photorealism, no human faces or deity bodies/idols - deities shown only through their symbols. No diya/flame unless the subject is about lamp, aarti, havan or fire. Geometric, symmetric, crisp at 24px, consistent optical weight with the whole set. Avoid: text, letters, numbers, watermark, background square or tile, glossy glass, bevel, 3D render, photorealism, drop shadow, outer glow, gradient mesh noise, sketchy or hand-drawn lines, uneven stroke widths, human faces, deity bodies or idols, weapons shown violently, brand logos, clutter."
vivaha-sanskar,Vivaha Sanskar,"Sanskar, Seva & Samagri",redesign,prototypes/vivaha-sanskar.svg,two linked rings above a small sacred fire kund,"Design the ""Vivaha Sanskar"" icon for VaranasiPooja.com. Subject: two linked rings above a small sacred fire kund. Composition: one clear symbol, perfectly centred, balanced negative space, readable at 24px and 512px. Premium devotional icon, flat vector, single symbol centred on a 512x512 transparent artboard with 48px safe padding. Monoline style: 20px uniform stroke, round caps and joins, filled accents only where noted. Colour: gold gradient #F3D48A to #B08A4C for strokes, kumkum red #C0392B only for tilak/bindu/small accents, ivory #FFF8E8 for highlights. No text, no letters, no background tile, no glow, no drop shadow, no 3D, no photorealism, no human faces or deity bodies/idols - deities shown only through their symbols. No diya/flame unless the subject is about lamp, aarti, havan or fire. Geometric, symmetric, crisp at 24px, consistent optical weight with the whole set. Avoid: text, letters, numbers, watermark, background square or tile, glossy glass, bevel, 3D render, photorealism, drop shadow, outer glow, gradient mesh noise, sketchy or hand-drawn lines, uneven stroke widths, human faces, deity bodies or idols, weapons shown violently, brand logos, clutter."
special-occasion-puja,Special Occasion Puja,"Sanskar, Seva & Samagri",redesign,prototypes/special-occasion-puja.svg,kalash with mango leaves and a small sparkle star,"Design the ""Special Occasion Puja"" icon for VaranasiPooja.com. Subject: kalash with mango leaves and a small sparkle star. Composition: one clear symbol, perfectly centred, balanced negative space, readable at 24px and 512px. Premium devotional icon, flat vector, single symbol centred on a 512x512 transparent artboard with 48px safe padding. Monoline style: 20px uniform stroke, round caps and joins, filled accents only where noted. Colour: gold gradient #F3D48A to #B08A4C for strokes, kumkum red #C0392B only for tilak/bindu/small accents, ivory #FFF8E8 for highlights. No text, no letters, no background tile, no glow, no drop shadow, no 3D, no photorealism, no human faces or deity bodies/idols - deities shown only through their symbols. No diya/flame unless the subject is about lamp, aarti, havan or fire. Geometric, symmetric, crisp at 24px, consistent optical weight with the whole set. Avoid: text, letters, numbers, watermark, background square or tile, glossy glass, bevel, 3D render, photorealism, drop shadow, outer glow, gradient mesh noise, sketchy or hand-drawn lines, uneven stroke widths, human faces, deity bodies or idols, weapons shown violently, brand logos, clutter."
auspicious-day,Auspicious Day,"Sanskar, Seva & Samagri",redesign,prototypes/auspicious-day.svg,calendar page with a small lotus mark and sun,"Design the ""Auspicious Day"" icon for VaranasiPooja.com. Subject: calendar page with a small lotus mark and sun. Composition: one clear symbol, perfectly centred, balanced negative space, readable at 24px and 512px. Premium devotional icon, flat vector, single symbol centred on a 512x512 transparent artboard with 48px safe padding. Monoline style: 20px uniform stroke, round caps and joins, filled accents only where noted. Colour: gold gradient #F3D48A to #B08A4C for strokes, kumkum red #C0392B only for tilak/bindu/small accents, ivory #FFF8E8 for highlights. No text, no letters, no background tile, no glow, no drop shadow, no 3D, no photorealism, no human faces or deity bodies/idols - deities shown only through their symbols. No diya/flame unless the subject is about lamp, aarti, havan or fire. Geometric, symmetric, crisp at 24px, consistent optical weight with the whole set. Avoid: text, letters, numbers, watermark, background square or tile, glossy glass, bevel, 3D render, photorealism, drop shadow, outer glow, gradient mesh noise, sketchy or hand-drawn lines, uneven stroke widths, human faces, deity bodies or idols, weapons shown violently, brand logos, clutter."
annadanam,Annadanam,"Sanskar, Seva & Samagri",redesign,prototypes/annadanam.svg,plate of rice with a serving ladle and an offering hand,"Design the ""Annadanam"" icon for VaranasiPooja.com. Subject: plate of rice with a serving ladle and an offering hand. Composition: one clear symbol, perfectly centred, balanced negative space, readable at 24px and 512px. Premium devotional icon, flat vector, single symbol centred on a 512x512 transparent artboard with 48px safe padding. Monoline style: 20px uniform stroke, round caps and joins, filled accents only where noted. Colour: gold gradient #F3D48A to #B08A4C for strokes, kumkum red #C0392B only for tilak/bindu/small accents, ivory #FFF8E8 for highlights. No text, no letters, no background tile, no glow, no drop shadow, no 3D, no photorealism, no human faces or deity bodies/idols - deities shown only through their symbols. No diya/flame unless the subject is about lamp, aarti, havan or fire. Geometric, symmetric, crisp at 24px, consistent optical weight with the whole set. Avoid: text, letters, numbers, watermark, background square or tile, glossy glass, bevel, 3D render, photorealism, drop shadow, outer glow, gradient mesh noise, sketchy or hand-drawn lines, uneven stroke widths, human faces, deity bodies or idols, weapons shown violently, brand logos, clutter."
brahmin-bhojan,Brahmin Bhojan,"Sanskar, Seva & Samagri",redesign,prototypes/brahmin-bhojan.svg,banana leaf meal plate with small food mounds,"Design the ""Brahmin Bhojan"" icon for VaranasiPooja.com. Subject: banana leaf meal plate with small food mounds. Composition: one clear symbol, perfectly centred, balanced negative space, readable at 24px and 512px. Premium devotional icon, flat vector, single symbol centred on a 512x512 transparent artboard with 48px safe padding. Monoline style: 20px uniform stroke, round caps and joins, filled accents only where noted. Colour: gold gradient #F3D48A to #B08A4C for strokes, kumkum red #C0392B only for tilak/bindu/small accents, ivory #FFF8E8 for highlights. No text, no letters, no background tile, no glow, no drop shadow, no 3D, no photorealism, no human faces or deity bodies/idols - deities shown only through their symbols. No diya/flame unless the subject is about lamp, aarti, havan or fire. Geometric, symmetric, crisp at 24px, consistent optical weight with the whole set. Avoid: text, letters, numbers, watermark, background square or tile, glossy glass, bevel, 3D render, photorealism, drop shadow, outer glow, gradient mesh noise, sketchy or hand-drawn lines, uneven stroke widths, human faces, deity bodies or idols, weapons shown violently, brand logos, clutter."
gau-daan,Gau Daan,"Sanskar, Seva & Samagri",redesign,prototypes/gau-daan.svg,"cow head symbol, simple and front facing, with a small garland","Design the ""Gau Daan"" icon for VaranasiPooja.com. Subject: cow head symbol, simple and front facing, with a small garland. Composition: one clear symbol, perfectly centred, balanced negative space, readable at 24px and 512px. Premium devotional icon, flat vector, single symbol centred on a 512x512 transparent artboard with 48px safe padding. Monoline style: 20px uniform stroke, round caps and joins, filled accents only where noted. Colour: gold gradient #F3D48A to #B08A4C for strokes, kumkum red #C0392B only for tilak/bindu/small accents, ivory #FFF8E8 for highlights. No text, no letters, no background tile, no glow, no drop shadow, no 3D, no photorealism, no human faces or deity bodies/idols - deities shown only through their symbols. No diya/flame unless the subject is about lamp, aarti, havan or fire. Geometric, symmetric, crisp at 24px, consistent optical weight with the whole set. Avoid: text, letters, numbers, watermark, background square or tile, glossy glass, bevel, 3D render, photorealism, drop shadow, outer glow, gradient mesh noise, sketchy or hand-drawn lines, uneven stroke widths, human faces, deity bodies or idols, weapons shown violently, brand logos, clutter."
gau-seva,Gau Seva,"Sanskar, Seva & Samagri",redesign,prototypes/gau-seva.svg,cow head symbol with a heart,"Design the ""Gau Seva"" icon for VaranasiPooja.com. Subject: cow head symbol with a heart. Composition: one clear symbol, perfectly centred, balanced negative space, readable at 24px and 512px. Premium devotional icon, flat vector, single symbol centred on a 512x512 transparent artboard with 48px safe padding. Monoline style: 20px uniform stroke, round caps and joins, filled accents only where noted. Colour: gold gradient #F3D48A to #B08A4C for strokes, kumkum red #C0392B only for tilak/bindu/small accents, ivory #FFF8E8 for highlights. No text, no letters, no background tile, no glow, no drop shadow, no 3D, no photorealism, no human faces or deity bodies/idols - deities shown only through their symbols. No diya/flame unless the subject is about lamp, aarti, havan or fire. Geometric, symmetric, crisp at 24px, consistent optical weight with the whole set. Avoid: text, letters, numbers, watermark, background square or tile, glossy glass, bevel, 3D render, photorealism, drop shadow, outer glow, gradient mesh noise, sketchy or hand-drawn lines, uneven stroke widths, human faces, deity bodies or idols, weapons shown violently, brand logos, clutter."
deep-daan,Deep Daan,"Sanskar, Seva & Samagri",redesign,prototypes/deep-daan.svg,single clay diya floating on river waves,"Design the ""Deep Daan"" icon for VaranasiPooja.com. Subject: single clay diya floating on river waves. Composition: one clear symbol, perfectly centred, balanced negative space, readable at 24px and 512px. Premium devotional icon, flat vector, single symbol centred on a 512x512 transparent artboard with 48px safe padding. Monoline style: 20px uniform stroke, round caps and joins, filled accents only where noted. Colour: gold gradient #F3D48A to #B08A4C for strokes, kumkum red #C0392B only for tilak/bindu/small accents, ivory #FFF8E8 for highlights. No text, no letters, no background tile, no glow, no drop shadow, no 3D, no photorealism, no human faces or deity bodies/idols - deities shown only through their symbols. No diya/flame unless the subject is about lamp, aarti, havan or fire. Geometric, symmetric, crisp at 24px, consistent optical weight with the whole set. Avoid: text, letters, numbers, watermark, background square or tile, glossy glass, bevel, 3D render, photorealism, drop shadow, outer glow, gradient mesh noise, sketchy or hand-drawn lines, uneven stroke widths, human faces, deity bodies or idols, weapons shown violently, brand logos, clutter."
pooja-samagri,Pooja Samagri,"Sanskar, Seva & Samagri",redesign,prototypes/pooja-samagri.svg,"puja plate with flowers, kalash and small bowls","Design the ""Pooja Samagri"" icon for VaranasiPooja.com. Subject: puja plate with flowers, kalash and small bowls. Composition: one clear symbol, perfectly centred, balanced negative space, readable at 24px and 512px. Premium devotional icon, flat vector, single symbol centred on a 512x512 transparent artboard with 48px safe padding. Monoline style: 20px uniform stroke, round caps and joins, filled accents only where noted. Colour: gold gradient #F3D48A to #B08A4C for strokes, kumkum red #C0392B only for tilak/bindu/small accents, ivory #FFF8E8 for highlights. No text, no letters, no background tile, no glow, no drop shadow, no 3D, no photorealism, no human faces or deity bodies/idols - deities shown only through their symbols. No diya/flame unless the subject is about lamp, aarti, havan or fire. Geometric, symmetric, crisp at 24px, consistent optical weight with the whole set. Avoid: text, letters, numbers, watermark, background square or tile, glossy glass, bevel, 3D render, photorealism, drop shadow, outer glow, gradient mesh noise, sketchy or hand-drawn lines, uneven stroke widths, human faces, deity bodies or idols, weapons shown violently, brand logos, clutter."
samagri-kit,Samagri Kit,"Sanskar, Seva & Samagri",redesign,prototypes/samagri-kit.svg,box with a lotus mark and small items peeking out,"Design the ""Samagri Kit"" icon for VaranasiPooja.com. Subject: box with a lotus mark and small items peeking out. Composition: one clear symbol, perfectly centred, balanced negative space, readable at 24px and 512px. Premium devotional icon, flat vector, single symbol centred on a 512x512 transparent artboard with 48px safe padding. Monoline style: 20px uniform stroke, round caps and joins, filled accents only where noted. Colour: gold gradient #F3D48A to #B08A4C for strokes, kumkum red #C0392B only for tilak/bindu/small accents, ivory #FFF8E8 for highlights. No text, no letters, no background tile, no glow, no drop shadow, no 3D, no photorealism, no human faces or deity bodies/idols - deities shown only through their symbols. No diya/flame unless the subject is about lamp, aarti, havan or fire. Geometric, symmetric, crisp at 24px, consistent optical weight with the whole set. Avoid: text, letters, numbers, watermark, background square or tile, glossy glass, bevel, 3D render, photorealism, drop shadow, outer glow, gradient mesh noise, sketchy or hand-drawn lines, uneven stroke widths, human faces, deity bodies or idols, weapons shown violently, brand logos, clutter."
yagya-patra-panch-set,Yagya Patra Panch Set,"Sanskar, Seva & Samagri",redesign,prototypes/yagya-patra-panch-set.svg,five small ritual vessels in a row,"Design the ""Yagya Patra Panch Set"" icon for VaranasiPooja.com. Subject: five small ritual vessels in a row. Composition: one clear symbol, perfectly centred, balanced negative space, readable at 24px and 512px. Premium devotional icon, flat vector, single symbol centred on a 512x512 transparent artboard with 48px safe padding. Monoline style: 20px uniform stroke, round caps and joins, filled accents only where noted. Colour: gold gradient #F3D48A to #B08A4C for strokes, kumkum red #C0392B only for tilak/bindu/small accents, ivory #FFF8E8 for highlights. No text, no letters, no background tile, no glow, no drop shadow, no 3D, no photorealism, no human faces or deity bodies/idols - deities shown only through their symbols. No diya/flame unless the subject is about lamp, aarti, havan or fire. Geometric, symmetric, crisp at 24px, consistent optical weight with the whole set. Avoid: text, letters, numbers, watermark, background square or tile, glossy glass, bevel, 3D render, photorealism, drop shadow, outer glow, gradient mesh noise, sketchy or hand-drawn lines, uneven stroke widths, human faces, deity bodies or idols, weapons shown violently, brand logos, clutter."
havan-kund,Havan Kund,"Sanskar, Seva & Samagri",redesign,prototypes/havan-kund.svg,square stepped havan kund with flames,"Design the ""Havan Kund"" icon for VaranasiPooja.com. Subject: square stepped havan kund with flames. Composition: one clear symbol, perfectly centred, balanced negative space, readable at 24px and 512px. Premium devotional icon, flat vector, single symbol centred on a 512x512 transparent artboard with 48px safe padding. Monoline style: 20px uniform stroke, round caps and joins, filled accents only where noted. Colour: gold gradient #F3D48A to #B08A4C for strokes, kumkum red #C0392B only for tilak/bindu/small accents, ivory #FFF8E8 for highlights. No text, no letters, no background tile, no glow, no drop shadow, no 3D, no photorealism, no human faces or deity bodies/idols - deities shown only through their symbols. No diya/flame unless the subject is about lamp, aarti, havan or fire. Geometric, symmetric, crisp at 24px, consistent optical weight with the whole set. Avoid: text, letters, numbers, watermark, background square or tile, glossy glass, bevel, 3D render, photorealism, drop shadow, outer glow, gradient mesh noise, sketchy or hand-drawn lines, uneven stroke widths, human faces, deity bodies or idols, weapons shown violently, brand logos, clutter."
hawan-yagna,Hawan Yagna,"Sanskar, Seva & Samagri",redesign,prototypes/hawan-yagna.svg,havan kund with flames and a ladle pouring ghee,"Design the ""Hawan Yagna"" icon for VaranasiPooja.com. Subject: havan kund with flames and a ladle pouring ghee. Composition: one clear symbol, perfectly centred, balanced negative space, readable at 24px and 512px. Premium devotional icon, flat vector, single symbol centred on a 512x512 transparent artboard with 48px safe padding. Monoline style: 20px uniform stroke, round caps and joins, filled accents only where noted. Colour: gold gradient #F3D48A to #B08A4C for strokes, kumkum red #C0392B only for tilak/bindu/small accents, ivory #FFF8E8 for highlights. No text, no letters, no background tile, no glow, no drop shadow, no 3D, no photorealism, no human faces or deity bodies/idols - deities shown only through their symbols. No diya/flame unless the subject is about lamp, aarti, havan or fire. Geometric, symmetric, crisp at 24px, consistent optical weight with the whole set. Avoid: text, letters, numbers, watermark, background square or tile, glossy glass, bevel, 3D render, photorealism, drop shadow, outer glow, gradient mesh noise, sketchy or hand-drawn lines, uneven stroke widths, human faces, deity bodies or idols, weapons shown violently, brand logos, clutter."
ganpati-havan,Ganpati Havan,"Sanskar, Seva & Samagri",redesign,prototypes/ganpati-havan.svg,havan kund with a modak beside it,"Design the ""Ganpati Havan"" icon for VaranasiPooja.com. Subject: havan kund with a modak beside it. Composition: one clear symbol, perfectly centred, balanced negative space, readable at 24px and 512px. Premium devotional icon, flat vector, single symbol centred on a 512x512 transparent artboard with 48px safe padding. Monoline style: 20px uniform stroke, round caps and joins, filled accents only where noted. Colour: gold gradient #F3D48A to #B08A4C for strokes, kumkum red #C0392B only for tilak/bindu/small accents, ivory #FFF8E8 for highlights. No text, no letters, no background tile, no glow, no drop shadow, no 3D, no photorealism, no human faces or deity bodies/idols - deities shown only through their symbols. No diya/flame unless the subject is about lamp, aarti, havan or fire. Geometric, symmetric, crisp at 24px, consistent optical weight with the whole set. Avoid: text, letters, numbers, watermark, background square or tile, glossy glass, bevel, 3D render, photorealism, drop shadow, outer glow, gradient mesh noise, sketchy or hand-drawn lines, uneven stroke widths, human faces, deity bodies or idols, weapons shown violently, brand logos, clutter."
kalash,Kalash,"Sanskar, Seva & Samagri",redesign,prototypes/kalash.svg,copper kalash with mango leaves and a coconut,"Design the ""Kalash"" icon for VaranasiPooja.com. Subject: copper kalash with mango leaves and a coconut. Composition: one clear symbol, perfectly centred, balanced negative space, readable at 24px and 512px. Premium devotional icon, flat vector, single symbol centred on a 512x512 transparent artboard with 48px safe padding. Monoline style: 20px uniform stroke, round caps and joins, filled accents only where noted. Colour: gold gradient #F3D48A to #B08A4C for strokes, kumkum red #C0392B only for tilak/bindu/small accents, ivory #FFF8E8 for highlights. No text, no letters, no background tile, no glow, no drop shadow, no 3D, no photorealism, no human faces or deity bodies/idols - deities shown only through their symbols. No diya/flame unless the subject is about lamp, aarti, havan or fire. Geometric, symmetric, crisp at 24px, consistent optical weight with the whole set. Avoid: text, letters, numbers, watermark, background square or tile, glossy glass, bevel, 3D render, photorealism, drop shadow, outer glow, gradient mesh noise, sketchy or hand-drawn lines, uneven stroke widths, human faces, deity bodies or idols, weapons shown violently, brand logos, clutter."
diya,Diya,"Sanskar, Seva & Samagri",redesign,prototypes/diya.svg,single clay diya with a flame,"Design the ""Diya"" icon for VaranasiPooja.com. Subject: single clay diya with a flame. Composition: one clear symbol, perfectly centred, balanced negative space, readable at 24px and 512px. Premium devotional icon, flat vector, single symbol centred on a 512x512 transparent artboard with 48px safe padding. Monoline style: 20px uniform stroke, round caps and joins, filled accents only where noted. Colour: gold gradient #F3D48A to #B08A4C for strokes, kumkum red #C0392B only for tilak/bindu/small accents, ivory #FFF8E8 for highlights. No text, no letters, no background tile, no glow, no drop shadow, no 3D, no photorealism, no human faces or deity bodies/idols - deities shown only through their symbols. No diya/flame unless the subject is about lamp, aarti, havan or fire. Geometric, symmetric, crisp at 24px, consistent optical weight with the whole set. Avoid: text, letters, numbers, watermark, background square or tile, glossy glass, bevel, 3D render, photorealism, drop shadow, outer glow, gradient mesh noise, sketchy or hand-drawn lines, uneven stroke widths, human faces, deity bodies or idols, weapons shown violently, brand logos, clutter."
aarti-thali,Aarti Thali,"Sanskar, Seva & Samagri",redesign,prototypes/aarti-thali.svg,round thali plate with a diya and flowers,"Design the ""Aarti Thali"" icon for VaranasiPooja.com. Subject: round thali plate with a diya and flowers. Composition: one clear symbol, perfectly centred, balanced negative space, readable at 24px and 512px. Premium devotional icon, flat vector, single symbol centred on a 512x512 transparent artboard with 48px safe padding. Monoline style: 20px uniform stroke, round caps and joins, filled accents only where noted. Colour: gold gradient #F3D48A to #B08A4C for strokes, kumkum red #C0392B only for tilak/bindu/small accents, ivory #FFF8E8 for highlights. No text, no letters, no background tile, no glow, no drop shadow, no 3D, no photorealism, no human faces or deity bodies/idols - deities shown only through their symbols. No diya/flame unless the subject is about lamp, aarti, havan or fire. Geometric, symmetric, crisp at 24px, consistent optical weight with the whole set. Avoid: text, letters, numbers, watermark, background square or tile, glossy glass, bevel, 3D render, photorealism, drop shadow, outer glow, gradient mesh noise, sketchy or hand-drawn lines, uneven stroke widths, human faces, deity bodies or idols, weapons shown violently, brand logos, clutter."
rudraksha-mala,Rudraksha Mala,"Sanskar, Seva & Samagri",redesign,prototypes/rudraksha-mala.svg,rudraksha bead mala loop with a tassel,"Design the ""Rudraksha Mala"" icon for VaranasiPooja.com. Subject: rudraksha bead mala loop with a tassel. Composition: one clear symbol, perfectly centred, balanced negative space, readable at 24px and 512px. Premium devotional icon, flat vector, single symbol centred on a 512x512 transparent artboard with 48px safe padding. Monoline style: 20px uniform stroke, round caps and joins, filled accents only where noted. Colour: gold gradient #F3D48A to #B08A4C for strokes, kumkum red #C0392B only for tilak/bindu/small accents, ivory #FFF8E8 for highlights. No text, no letters, no background tile, no glow, no drop shadow, no 3D, no photorealism, no human faces or deity bodies/idols - deities shown only through their symbols. No diya/flame unless the subject is about lamp, aarti, havan or fire. Geometric, symmetric, crisp at 24px, consistent optical weight with the whole set. Avoid: text, letters, numbers, watermark, background square or tile, glossy glass, bevel, 3D render, photorealism, drop shadow, outer glow, gradient mesh noise, sketchy or hand-drawn lines, uneven stroke widths, human faces, deity bodies or idols, weapons shown violently, brand logos, clutter."
belpatra,Belpatra,"Sanskar, Seva & Samagri",redesign,prototypes/belpatra.svg,three-lobed bel leaf,"Design the ""Belpatra"" icon for VaranasiPooja.com. Subject: three-lobed bel leaf. Composition: one clear symbol, perfectly centred, balanced negative space, readable at 24px and 512px. Premium devotional icon, flat vector, single symbol centred on a 512x512 transparent artboard with 48px safe padding. Monoline style: 20px uniform stroke, round caps and joins, filled accents only where noted. Colour: gold gradient #F3D48A to #B08A4C for strokes, kumkum red #C0392B only for tilak/bindu/small accents, ivory #FFF8E8 for highlights. No text, no letters, no background tile, no glow, no drop shadow, no 3D, no photorealism, no human faces or deity bodies/idols - deities shown only through their symbols. No diya/flame unless the subject is about lamp, aarti, havan or fire. Geometric, symmetric, crisp at 24px, consistent optical weight with the whole set. Avoid: text, letters, numbers, watermark, background square or tile, glossy glass, bevel, 3D render, photorealism, drop shadow, outer glow, gradient mesh noise, sketchy or hand-drawn lines, uneven stroke widths, human faces, deity bodies or idols, weapons shown violently, brand logos, clutter."
kusha-grass,Kusha Grass,"Sanskar, Seva & Samagri",redesign,prototypes/kusha-grass.svg,bundle of kusha grass blades,"Design the ""Kusha Grass"" icon for VaranasiPooja.com. Subject: bundle of kusha grass blades. Composition: one clear symbol, perfectly centred, balanced negative space, readable at 24px and 512px. Premium devotional icon, flat vector, single symbol centred on a 512x512 transparent artboard with 48px safe padding. Monoline style: 20px uniform stroke, round caps and joins, filled accents only where noted. Colour: gold gradient #F3D48A to #B08A4C for strokes, kumkum red #C0392B only for tilak/bindu/small accents, ivory #FFF8E8 for highlights. No text, no letters, no background tile, no glow, no drop shadow, no 3D, no photorealism, no human faces or deity bodies/idols - deities shown only through their symbols. No diya/flame unless the subject is about lamp, aarti, havan or fire. Geometric, symmetric, crisp at 24px, consistent optical weight with the whole set. Avoid: text, letters, numbers, watermark, background square or tile, glossy glass, bevel, 3D render, photorealism, drop shadow, outer glow, gradient mesh noise, sketchy or hand-drawn lines, uneven stroke widths, human faces, deity bodies or idols, weapons shown violently, brand logos, clutter."
akshata-rice,Akshata Rice,"Sanskar, Seva & Samagri",redesign,prototypes/akshata-rice.svg,small bowl of rice grains,"Design the ""Akshata Rice"" icon for VaranasiPooja.com. Subject: small bowl of rice grains. Composition: one clear symbol, perfectly centred, balanced negative space, readable at 24px and 512px. Premium devotional icon, flat vector, single symbol centred on a 512x512 transparent artboard with 48px safe padding. Monoline style: 20px uniform stroke, round caps and joins, filled accents only where noted. Colour: gold gradient #F3D48A to #B08A4C for strokes, kumkum red #C0392B only for tilak/bindu/small accents, ivory #FFF8E8 for highlights. No text, no letters, no background tile, no glow, no drop shadow, no 3D, no photorealism, no human faces or deity bodies/idols - deities shown only through their symbols. No diya/flame unless the subject is about lamp, aarti, havan or fire. Geometric, symmetric, crisp at 24px, consistent optical weight with the whole set. Avoid: text, letters, numbers, watermark, background square or tile, glossy glass, bevel, 3D render, photorealism, drop shadow, outer glow, gradient mesh noise, sketchy or hand-drawn lines, uneven stroke widths, human faces, deity bodies or idols, weapons shown violently, brand logos, clutter."
black-sesame,Black Sesame,"Sanskar, Seva & Samagri",redesign,prototypes/black-sesame.svg,small bowl of black sesame seeds,"Design the ""Black Sesame"" icon for VaranasiPooja.com. Subject: small bowl of black sesame seeds. Composition: one clear symbol, perfectly centred, balanced negative space, readable at 24px and 512px. Premium devotional icon, flat vector, single symbol centred on a 512x512 transparent artboard with 48px safe padding. Monoline style: 20px uniform stroke, round caps and joins, filled accents only where noted. Colour: gold gradient #F3D48A to #B08A4C for strokes, kumkum red #C0392B only for tilak/bindu/small accents, ivory #FFF8E8 for highlights. No text, no letters, no background tile, no glow, no drop shadow, no 3D, no photorealism, no human faces or deity bodies/idols - deities shown only through their symbols. No diya/flame unless the subject is about lamp, aarti, havan or fire. Geometric, symmetric, crisp at 24px, consistent optical weight with the whole set. Avoid: text, letters, numbers, watermark, background square or tile, glossy glass, bevel, 3D render, photorealism, drop shadow, outer glow, gradient mesh noise, sketchy or hand-drawn lines, uneven stroke widths, human faces, deity bodies or idols, weapons shown violently, brand logos, clutter."
what-is-this-ritual,What Is This Ritual,Service Page Section Icons,redesign,prototypes/what-is-this-ritual.svg,question mark inside a lotus circle,"Design the ""What Is This Ritual"" icon for VaranasiPooja.com. Subject: question mark inside a lotus circle. Composition: one clear symbol, perfectly centred, balanced negative space, readable at 24px and 512px. Premium devotional icon, flat vector, single symbol centred on a 512x512 transparent artboard with 48px safe padding. Monoline style: 20px uniform stroke, round caps and joins, filled accents only where noted. Colour: gold gradient #F3D48A to #B08A4C for strokes, kumkum red #C0392B only for tilak/bindu/small accents, ivory #FFF8E8 for highlights. No text, no letters, no background tile, no glow, no drop shadow, no 3D, no photorealism, no human faces or deity bodies/idols - deities shown only through their symbols. No diya/flame unless the subject is about lamp, aarti, havan or fire. Geometric, symmetric, crisp at 24px, consistent optical weight with the whole set. Avoid: text, letters, numbers, watermark, background square or tile, glossy glass, bevel, 3D render, photorealism, drop shadow, outer glow, gradient mesh noise, sketchy or hand-drawn lines, uneven stroke widths, human faces, deity bodies or idols, weapons shown violently, brand logos, clutter."
why-perform-in-kashi,Why Perform In Kashi,Service Page Section Icons,redesign,prototypes/why-perform-in-kashi.svg,temple shikhara with a small question mark,"Design the ""Why Perform In Kashi"" icon for VaranasiPooja.com. Subject: temple shikhara with a small question mark. Composition: one clear symbol, perfectly centred, balanced negative space, readable at 24px and 512px. Premium devotional icon, flat vector, single symbol centred on a 512x512 transparent artboard with 48px safe padding. Monoline style: 20px uniform stroke, round caps and joins, filled accents only where noted. Colour: gold gradient #F3D48A to #B08A4C for strokes, kumkum red #C0392B only for tilak/bindu/small accents, ivory #FFF8E8 for highlights. No text, no letters, no background tile, no glow, no drop shadow, no 3D, no photorealism, no human faces or deity bodies/idols - deities shown only through their symbols. No diya/flame unless the subject is about lamp, aarti, havan or fire. Geometric, symmetric, crisp at 24px, consistent optical weight with the whole set. Avoid: text, letters, numbers, watermark, background square or tile, glossy glass, bevel, 3D render, photorealism, drop shadow, outer glow, gradient mesh noise, sketchy or hand-drawn lines, uneven stroke widths, human faces, deity bodies or idols, weapons shown violently, brand logos, clutter."
who-should-perform,Who Should Perform,Service Page Section Icons,redesign,prototypes/who-should-perform.svg,simple person outline (no face) with a check mark,"Design the ""Who Should Perform"" icon for VaranasiPooja.com. Subject: simple person outline (no face) with a check mark. Composition: one clear symbol, perfectly centred, balanced negative space, readable at 24px and 512px. Premium devotional icon, flat vector, single symbol centred on a 512x512 transparent artboard with 48px safe padding. Monoline style: 20px uniform stroke, round caps and joins, filled accents only where noted. Colour: gold gradient #F3D48A to #B08A4C for strokes, kumkum red #C0392B only for tilak/bindu/small accents, ivory #FFF8E8 for highlights. No text, no letters, no background tile, no glow, no drop shadow, no 3D, no photorealism, no human faces or deity bodies/idols - deities shown only through their symbols. No diya/flame unless the subject is about lamp, aarti, havan or fire. Geometric, symmetric, crisp at 24px, consistent optical weight with the whole set. Avoid: text, letters, numbers, watermark, background square or tile, glossy glass, bevel, 3D render, photorealism, drop shadow, outer glow, gradient mesh noise, sketchy or hand-drawn lines, uneven stroke widths, human faces, deity bodies or idols, weapons shown violently, brand logos, clutter."
benefits,Benefits,Service Page Section Icons,redesign,prototypes/benefits.svg,upward sparkle star with a small plus,"Design the ""Benefits"" icon for VaranasiPooja.com. Subject: upward sparkle star with a small plus. Composition: one clear symbol, perfectly centred, balanced negative space, readable at 24px and 512px. Premium devotional icon, flat vector, single symbol centred on a 512x512 transparent artboard with 48px safe padding. Monoline style: 20px uniform stroke, round caps and joins, filled accents only where noted. Colour: gold gradient #F3D48A to #B08A4C for strokes, kumkum red #C0392B only for tilak/bindu/small accents, ivory #FFF8E8 for highlights. No text, no letters, no background tile, no glow, no drop shadow, no 3D, no photorealism, no human faces or deity bodies/idols - deities shown only through their symbols. No diya/flame unless the subject is about lamp, aarti, havan or fire. Geometric, symmetric, crisp at 24px, consistent optical weight with the whole set. Avoid: text, letters, numbers, watermark, background square or tile, glossy glass, bevel, 3D render, photorealism, drop shadow, outer glow, gradient mesh noise, sketchy or hand-drawn lines, uneven stroke widths, human faces, deity bodies or idols, weapons shown violently, brand logos, clutter."
blessing,Blessing,Service Page Section Icons,redesign,prototypes/blessing.svg,raised open palm (abhaya mudra) with a small lotus,"Design the ""Blessing"" icon for VaranasiPooja.com. Subject: raised open palm (abhaya mudra) with a small lotus. Composition: one clear symbol, perfectly centred, balanced negative space, readable at 24px and 512px. Premium devotional icon, flat vector, single symbol centred on a 512x512 transparent artboard with 48px safe padding. Monoline style: 20px uniform stroke, round caps and joins, filled accents only where noted. Colour: gold gradient #F3D48A to #B08A4C for strokes, kumkum red #C0392B only for tilak/bindu/small accents, ivory #FFF8E8 for highlights. No text, no letters, no background tile, no glow, no drop shadow, no 3D, no photorealism, no human faces or deity bodies/idols - deities shown only through their symbols. No diya/flame unless the subject is about lamp, aarti, havan or fire. Geometric, symmetric, crisp at 24px, consistent optical weight with the whole set. Avoid: text, letters, numbers, watermark, background square or tile, glossy glass, bevel, 3D render, photorealism, drop shadow, outer glow, gradient mesh noise, sketchy or hand-drawn lines, uneven stroke widths, human faces, deity bodies or idols, weapons shown violently, brand logos, clutter."
best-time-muhurat,Best Time Muhurat,Service Page Section Icons,redesign,prototypes/best-time-muhurat.svg,sun dial / clock with a small sun,"Design the ""Best Time Muhurat"" icon for VaranasiPooja.com. Subject: sun dial / clock with a small sun. Composition: one clear symbol, perfectly centred, balanced negative space, readable at 24px and 512px. Premium devotional icon, flat vector, single symbol centred on a 512x512 transparent artboard with 48px safe padding. Monoline style: 20px uniform stroke, round caps and joins, filled accents only where noted. Colour: gold gradient #F3D48A to #B08A4C for strokes, kumkum red #C0392B only for tilak/bindu/small accents, ivory #FFF8E8 for highlights. No text, no letters, no background tile, no glow, no drop shadow, no 3D, no photorealism, no human faces or deity bodies/idols - deities shown only through their symbols. No diya/flame unless the subject is about lamp, aarti, havan or fire. Geometric, symmetric, crisp at 24px, consistent optical weight with the whole set. Avoid: text, letters, numbers, watermark, background square or tile, glossy glass, bevel, 3D render, photorealism, drop shadow, outer glow, gradient mesh noise, sketchy or hand-drawn lines, uneven stroke widths, human faces, deity bodies or idols, weapons shown violently, brand logos, clutter."
duration,Duration,Service Page Section Icons,redesign,prototypes/duration.svg,hourglass,"Design the ""Duration"" icon for VaranasiPooja.com. Subject: hourglass. Composition: one clear symbol, perfectly centred, balanced negative space, readable at 24px and 512px. Premium devotional icon, flat vector, single symbol centred on a 512x512 transparent artboard with 48px safe padding. Monoline style: 20px uniform stroke, round caps and joins, filled accents only where noted. Colour: gold gradient #F3D48A to #B08A4C for strokes, kumkum red #C0392B only for tilak/bindu/small accents, ivory #FFF8E8 for highlights. No text, no letters, no background tile, no glow, no drop shadow, no 3D, no photorealism, no human faces or deity bodies/idols - deities shown only through their symbols. No diya/flame unless the subject is about lamp, aarti, havan or fire. Geometric, symmetric, crisp at 24px, consistent optical weight with the whole set. Avoid: text, letters, numbers, watermark, background square or tile, glossy glass, bevel, 3D render, photorealism, drop shadow, outer glow, gradient mesh noise, sketchy or hand-drawn lines, uneven stroke widths, human faces, deity bodies or idols, weapons shown violently, brand logos, clutter."
vidhi-steps,Vidhi Steps,Service Page Section Icons,redesign,prototypes/vidhi-steps.svg,numbered list of three steps,"Design the ""Vidhi Steps"" icon for VaranasiPooja.com. Subject: numbered list of three steps. Composition: one clear symbol, perfectly centred, balanced negative space, readable at 24px and 512px. Premium devotional icon, flat vector, single symbol centred on a 512x512 transparent artboard with 48px safe padding. Monoline style: 20px uniform stroke, round caps and joins, filled accents only where noted. Colour: gold gradient #F3D48A to #B08A4C for strokes, kumkum red #C0392B only for tilak/bindu/small accents, ivory #FFF8E8 for highlights. No text, no letters, no background tile, no glow, no drop shadow, no 3D, no photorealism, no human faces or deity bodies/idols - deities shown only through their symbols. No diya/flame unless the subject is about lamp, aarti, havan or fire. Geometric, symmetric, crisp at 24px, consistent optical weight with the whole set. Avoid: text, letters, numbers, watermark, background square or tile, glossy glass, bevel, 3D render, photorealism, drop shadow, outer glow, gradient mesh noise, sketchy or hand-drawn lines, uneven stroke widths, human faces, deity bodies or idols, weapons shown violently, brand logos, clutter."
ritual-steps,Ritual Steps,Service Page Section Icons,redesign,prototypes/ritual-steps.svg,three ascending steps with a lotus at the top,"Design the ""Ritual Steps"" icon for VaranasiPooja.com. Subject: three ascending steps with a lotus at the top. Composition: one clear symbol, perfectly centred, balanced negative space, readable at 24px and 512px. Premium devotional icon, flat vector, single symbol centred on a 512x512 transparent artboard with 48px safe padding. Monoline style: 20px uniform stroke, round caps and joins, filled accents only where noted. Colour: gold gradient #F3D48A to #B08A4C for strokes, kumkum red #C0392B only for tilak/bindu/small accents, ivory #FFF8E8 for highlights. No text, no letters, no background tile, no glow, no drop shadow, no 3D, no photorealism, no human faces or deity bodies/idols - deities shown only through their symbols. No diya/flame unless the subject is about lamp, aarti, havan or fire. Geometric, symmetric, crisp at 24px, consistent optical weight with the whole set. Avoid: text, letters, numbers, watermark, background square or tile, glossy glass, bevel, 3D render, photorealism, drop shadow, outer glow, gradient mesh noise, sketchy or hand-drawn lines, uneven stroke widths, human faces, deity bodies or idols, weapons shown violently, brand logos, clutter."
samagri-used,Samagri Used,Service Page Section Icons,redesign,prototypes/samagri-used.svg,puja plate with a small list,"Design the ""Samagri Used"" icon for VaranasiPooja.com. Subject: puja plate with a small list. Composition: one clear symbol, perfectly centred, balanced negative space, readable at 24px and 512px. Premium devotional icon, flat vector, single symbol centred on a 512x512 transparent artboard with 48px safe padding. Monoline style: 20px uniform stroke, round caps and joins, filled accents only where noted. Colour: gold gradient #F3D48A to #B08A4C for strokes, kumkum red #C0392B only for tilak/bindu/small accents, ivory #FFF8E8 for highlights. No text, no letters, no background tile, no glow, no drop shadow, no 3D, no photorealism, no human faces or deity bodies/idols - deities shown only through their symbols. No diya/flame unless the subject is about lamp, aarti, havan or fire. Geometric, symmetric, crisp at 24px, consistent optical weight with the whole set. Avoid: text, letters, numbers, watermark, background square or tile, glossy glass, bevel, 3D render, photorealism, drop shadow, outer glow, gradient mesh noise, sketchy or hand-drawn lines, uneven stroke widths, human faces, deity bodies or idols, weapons shown violently, brand logos, clutter."
location-venue,Location Venue,Service Page Section Icons,redesign,prototypes/location-venue.svg,map pin with a temple,"Design the ""Location Venue"" icon for VaranasiPooja.com. Subject: map pin with a temple. Composition: one clear symbol, perfectly centred, balanced negative space, readable at 24px and 512px. Premium devotional icon, flat vector, single symbol centred on a 512x512 transparent artboard with 48px safe padding. Monoline style: 20px uniform stroke, round caps and joins, filled accents only where noted. Colour: gold gradient #F3D48A to #B08A4C for strokes, kumkum red #C0392B only for tilak/bindu/small accents, ivory #FFF8E8 for highlights. No text, no letters, no background tile, no glow, no drop shadow, no 3D, no photorealism, no human faces or deity bodies/idols - deities shown only through their symbols. No diya/flame unless the subject is about lamp, aarti, havan or fire. Geometric, symmetric, crisp at 24px, consistent optical weight with the whole set. Avoid: text, letters, numbers, watermark, background square or tile, glossy glass, bevel, 3D render, photorealism, drop shadow, outer glow, gradient mesh noise, sketchy or hand-drawn lines, uneven stroke widths, human faces, deity bodies or idols, weapons shown violently, brand logos, clutter."
packages,Packages,Service Page Section Icons,redesign,prototypes/packages.svg,stacked boxes,"Design the ""Packages"" icon for VaranasiPooja.com. Subject: stacked boxes. Composition: one clear symbol, perfectly centred, balanced negative space, readable at 24px and 512px. Premium devotional icon, flat vector, single symbol centred on a 512x512 transparent artboard with 48px safe padding. Monoline style: 20px uniform stroke, round caps and joins, filled accents only where noted. Colour: gold gradient #F3D48A to #B08A4C for strokes, kumkum red #C0392B only for tilak/bindu/small accents, ivory #FFF8E8 for highlights. No text, no letters, no background tile, no glow, no drop shadow, no 3D, no photorealism, no human faces or deity bodies/idols - deities shown only through their symbols. No diya/flame unless the subject is about lamp, aarti, havan or fire. Geometric, symmetric, crisp at 24px, consistent optical weight with the whole set. Avoid: text, letters, numbers, watermark, background square or tile, glossy glass, bevel, 3D render, photorealism, drop shadow, outer glow, gradient mesh noise, sketchy or hand-drawn lines, uneven stroke widths, human faces, deity bodies or idols, weapons shown violently, brand logos, clutter."
faq-help,FAQ Help,Service Page Section Icons,redesign,prototypes/faq-help.svg,speech bubble with a question mark,"Design the ""FAQ Help"" icon for VaranasiPooja.com. Subject: speech bubble with a question mark. Composition: one clear symbol, perfectly centred, balanced negative space, readable at 24px and 512px. Premium devotional icon, flat vector, single symbol centred on a 512x512 transparent artboard with 48px safe padding. Monoline style: 20px uniform stroke, round caps and joins, filled accents only where noted. Colour: gold gradient #F3D48A to #B08A4C for strokes, kumkum red #C0392B only for tilak/bindu/small accents, ivory #FFF8E8 for highlights. No text, no letters, no background tile, no glow, no drop shadow, no 3D, no photorealism, no human faces or deity bodies/idols - deities shown only through their symbols. No diya/flame unless the subject is about lamp, aarti, havan or fire. Geometric, symmetric, crisp at 24px, consistent optical weight with the whole set. Avoid: text, letters, numbers, watermark, background square or tile, glossy glass, bevel, 3D render, photorealism, drop shadow, outer glow, gradient mesh noise, sketchy or hand-drawn lines, uneven stroke widths, human faces, deity bodies or idols, weapons shown violently, brand logos, clutter."
related-guides,Related Guides,Service Page Section Icons,redesign,prototypes/related-guides.svg,two overlapping books,"Design the ""Related Guides"" icon for VaranasiPooja.com. Subject: two overlapping books. Composition: one clear symbol, perfectly centred, balanced negative space, readable at 24px and 512px. Premium devotional icon, flat vector, single symbol centred on a 512x512 transparent artboard with 48px safe padding. Monoline style: 20px uniform stroke, round caps and joins, filled accents only where noted. Colour: gold gradient #F3D48A to #B08A4C for strokes, kumkum red #C0392B only for tilak/bindu/small accents, ivory #FFF8E8 for highlights. No text, no letters, no background tile, no glow, no drop shadow, no 3D, no photorealism, no human faces or deity bodies/idols - deities shown only through their symbols. No diya/flame unless the subject is about lamp, aarti, havan or fire. Geometric, symmetric, crisp at 24px, consistent optical weight with the whole set. Avoid: text, letters, numbers, watermark, background square or tile, glossy glass, bevel, 3D render, photorealism, drop shadow, outer glow, gradient mesh noise, sketchy or hand-drawn lines, uneven stroke widths, human faces, deity bodies or idols, weapons shown violently, brand logos, clutter."
verified-pandit,Verified Pandit,"Trust, Media, Gallery & Content",redesign,prototypes/verified-pandit.svg,badge rosette with a check mark,"Design the ""Verified Pandit"" icon for VaranasiPooja.com. Subject: badge rosette with a check mark. Composition: one clear symbol, perfectly centred, balanced negative space, readable at 24px and 512px. Premium devotional icon, flat vector, single symbol centred on a 512x512 transparent artboard with 48px safe padding. Monoline style: 20px uniform stroke, round caps and joins, filled accents only where noted. Colour: gold gradient #F3D48A to #B08A4C for strokes, kumkum red #C0392B only for tilak/bindu/small accents, ivory #FFF8E8 for highlights. No text, no letters, no background tile, no glow, no drop shadow, no 3D, no photorealism, no human faces or deity bodies/idols - deities shown only through their symbols. No diya/flame unless the subject is about lamp, aarti, havan or fire. Geometric, symmetric, crisp at 24px, consistent optical weight with the whole set. Avoid: text, letters, numbers, watermark, background square or tile, glossy glass, bevel, 3D render, photorealism, drop shadow, outer glow, gradient mesh noise, sketchy or hand-drawn lines, uneven stroke widths, human faces, deity bodies or idols, weapons shown violently, brand logos, clutter."
certified-pandit,Certified Pandit,"Trust, Media, Gallery & Content",redesign,prototypes/certified-pandit.svg,certificate ribbon seal with a small lotus,"Design the ""Certified Pandit"" icon for VaranasiPooja.com. Subject: certificate ribbon seal with a small lotus. Composition: one clear symbol, perfectly centred, balanced negative space, readable at 24px and 512px. Premium devotional icon, flat vector, single symbol centred on a 512x512 transparent artboard with 48px safe padding. Monoline style: 20px uniform stroke, round caps and joins, filled accents only where noted. Colour: gold gradient #F3D48A to #B08A4C for strokes, kumkum red #C0392B only for tilak/bindu/small accents, ivory #FFF8E8 for highlights. No text, no letters, no background tile, no glow, no drop shadow, no 3D, no photorealism, no human faces or deity bodies/idols - deities shown only through their symbols. No diya/flame unless the subject is about lamp, aarti, havan or fire. Geometric, symmetric, crisp at 24px, consistent optical weight with the whole set. Avoid: text, letters, numbers, watermark, background square or tile, glossy glass, bevel, 3D render, photorealism, drop shadow, outer glow, gradient mesh noise, sketchy or hand-drawn lines, uneven stroke widths, human faces, deity bodies or idols, weapons shown violently, brand logos, clutter."
experience,Experience,"Trust, Media, Gallery & Content",redesign,prototypes/experience.svg,medal with a star,"Design the ""Experience"" icon for VaranasiPooja.com. Subject: medal with a star. Composition: one clear symbol, perfectly centred, balanced negative space, readable at 24px and 512px. Premium devotional icon, flat vector, single symbol centred on a 512x512 transparent artboard with 48px safe padding. Monoline style: 20px uniform stroke, round caps and joins, filled accents only where noted. Colour: gold gradient #F3D48A to #B08A4C for strokes, kumkum red #C0392B only for tilak/bindu/small accents, ivory #FFF8E8 for highlights. No text, no letters, no background tile, no glow, no drop shadow, no 3D, no photorealism, no human faces or deity bodies/idols - deities shown only through their symbols. No diya/flame unless the subject is about lamp, aarti, havan or fire. Geometric, symmetric, crisp at 24px, consistent optical weight with the whole set. Avoid: text, letters, numbers, watermark, background square or tile, glossy glass, bevel, 3D render, photorealism, drop shadow, outer glow, gradient mesh noise, sketchy or hand-drawn lines, uneven stroke widths, human faces, deity bodies or idols, weapons shown violently, brand logos, clutter."
secure,Secure,"Trust, Media, Gallery & Content",redesign,prototypes/secure.svg,padlock,"Design the ""Secure"" icon for VaranasiPooja.com. Subject: padlock. Composition: one clear symbol, perfectly centred, balanced negative space, readable at 24px and 512px. Premium devotional icon, flat vector, single symbol centred on a 512x512 transparent artboard with 48px safe padding. Monoline style: 20px uniform stroke, round caps and joins, filled accents only where noted. Colour: gold gradient #F3D48A to #B08A4C for strokes, kumkum red #C0392B only for tilak/bindu/small accents, ivory #FFF8E8 for highlights. No text, no letters, no background tile, no glow, no drop shadow, no 3D, no photorealism, no human faces or deity bodies/idols - deities shown only through their symbols. No diya/flame unless the subject is about lamp, aarti, havan or fire. Geometric, symmetric, crisp at 24px, consistent optical weight with the whole set. Avoid: text, letters, numbers, watermark, background square or tile, glossy glass, bevel, 3D render, photorealism, drop shadow, outer glow, gradient mesh noise, sketchy or hand-drawn lines, uneven stroke widths, human faces, deity bodies or idols, weapons shown violently, brand logos, clutter."
shield-verified,Shield Verified,"Trust, Media, Gallery & Content",redesign,prototypes/shield-verified.svg,shield with a check mark,"Design the ""Shield Verified"" icon for VaranasiPooja.com. Subject: shield with a check mark. Composition: one clear symbol, perfectly centred, balanced negative space, readable at 24px and 512px. Premium devotional icon, flat vector, single symbol centred on a 512x512 transparent artboard with 48px safe padding. Monoline style: 20px uniform stroke, round caps and joins, filled accents only where noted. Colour: gold gradient #F3D48A to #B08A4C for strokes, kumkum red #C0392B only for tilak/bindu/small accents, ivory #FFF8E8 for highlights. No text, no letters, no background tile, no glow, no drop shadow, no 3D, no photorealism, no human faces or deity bodies/idols - deities shown only through their symbols. No diya/flame unless the subject is about lamp, aarti, havan or fire. Geometric, symmetric, crisp at 24px, consistent optical weight with the whole set. Avoid: text, letters, numbers, watermark, background square or tile, glossy glass, bevel, 3D render, photorealism, drop shadow, outer glow, gradient mesh noise, sketchy or hand-drawn lines, uneven stroke widths, human faces, deity bodies or idols, weapons shown violently, brand logos, clutter."
transparent-pricing,Transparent Pricing,"Trust, Media, Gallery & Content",redesign,prototypes/transparent-pricing.svg,rupee symbol inside a clear price tag,"Design the ""Transparent Pricing"" icon for VaranasiPooja.com. Subject: rupee symbol inside a clear price tag. Composition: one clear symbol, perfectly centred, balanced negative space, readable at 24px and 512px. Premium devotional icon, flat vector, single symbol centred on a 512x512 transparent artboard with 48px safe padding. Monoline style: 20px uniform stroke, round caps and joins, filled accents only where noted. Colour: gold gradient #F3D48A to #B08A4C for strokes, kumkum red #C0392B only for tilak/bindu/small accents, ivory #FFF8E8 for highlights. No text, no letters, no background tile, no glow, no drop shadow, no 3D, no photorealism, no human faces or deity bodies/idols - deities shown only through their symbols. No diya/flame unless the subject is about lamp, aarti, havan or fire. Geometric, symmetric, crisp at 24px, consistent optical weight with the whole set. Avoid: text, letters, numbers, watermark, background square or tile, glossy glass, bevel, 3D render, photorealism, drop shadow, outer glow, gradient mesh noise, sketchy or hand-drawn lines, uneven stroke widths, human faces, deity bodies or idols, weapons shown violently, brand logos, clutter."
authentic-ritual,Authentic Ritual,"Trust, Media, Gallery & Content",redesign,prototypes/authentic-ritual.svg,lotus with a check mark,"Design the ""Authentic Ritual"" icon for VaranasiPooja.com. Subject: lotus with a check mark. Composition: one clear symbol, perfectly centred, balanced negative space, readable at 24px and 512px. Premium devotional icon, flat vector, single symbol centred on a 512x512 transparent artboard with 48px safe padding. Monoline style: 20px uniform stroke, round caps and joins, filled accents only where noted. Colour: gold gradient #F3D48A to #B08A4C for strokes, kumkum red #C0392B only for tilak/bindu/small accents, ivory #FFF8E8 for highlights. No text, no letters, no background tile, no glow, no drop shadow, no 3D, no photorealism, no human faces or deity bodies/idols - deities shown only through their symbols. No diya/flame unless the subject is about lamp, aarti, havan or fire. Geometric, symmetric, crisp at 24px, consistent optical weight with the whole set. Avoid: text, letters, numbers, watermark, background square or tile, glossy glass, bevel, 3D render, photorealism, drop shadow, outer glow, gradient mesh noise, sketchy or hand-drawn lines, uneven stroke widths, human faces, deity bodies or idols, weapons shown violently, brand logos, clutter."
trust-promise,Trust Promise,"Trust, Media, Gallery & Content",redesign,prototypes/trust-promise.svg,two hands shaking (hands only),"Design the ""Trust Promise"" icon for VaranasiPooja.com. Subject: two hands shaking (hands only). Composition: one clear symbol, perfectly centred, balanced negative space, readable at 24px and 512px. Premium devotional icon, flat vector, single symbol centred on a 512x512 transparent artboard with 48px safe padding. Monoline style: 20px uniform stroke, round caps and joins, filled accents only where noted. Colour: gold gradient #F3D48A to #B08A4C for strokes, kumkum red #C0392B only for tilak/bindu/small accents, ivory #FFF8E8 for highlights. No text, no letters, no background tile, no glow, no drop shadow, no 3D, no photorealism, no human faces or deity bodies/idols - deities shown only through their symbols. No diya/flame unless the subject is about lamp, aarti, havan or fire. Geometric, symmetric, crisp at 24px, consistent optical weight with the whole set. Avoid: text, letters, numbers, watermark, background square or tile, glossy glass, bevel, 3D render, photorealism, drop shadow, outer glow, gradient mesh noise, sketchy or hand-drawn lines, uneven stroke widths, human faces, deity bodies or idols, weapons shown violently, brand logos, clutter."
rating,Rating,"Trust, Media, Gallery & Content",redesign,prototypes/rating.svg,five-point star,"Design the ""Rating"" icon for VaranasiPooja.com. Subject: five-point star. Composition: one clear symbol, perfectly centred, balanced negative space, readable at 24px and 512px. Premium devotional icon, flat vector, single symbol centred on a 512x512 transparent artboard with 48px safe padding. Monoline style: 20px uniform stroke, round caps and joins, filled accents only where noted. Colour: gold gradient #F3D48A to #B08A4C for strokes, kumkum red #C0392B only for tilak/bindu/small accents, ivory #FFF8E8 for highlights. No text, no letters, no background tile, no glow, no drop shadow, no 3D, no photorealism, no human faces or deity bodies/idols - deities shown only through their symbols. No diya/flame unless the subject is about lamp, aarti, havan or fire. Geometric, symmetric, crisp at 24px, consistent optical weight with the whole set. Avoid: text, letters, numbers, watermark, background square or tile, glossy glass, bevel, 3D render, photorealism, drop shadow, outer glow, gradient mesh noise, sketchy or hand-drawn lines, uneven stroke widths, human faces, deity bodies or idols, weapons shown violently, brand logos, clutter."
review,Review,"Trust, Media, Gallery & Content",redesign,prototypes/review.svg,speech bubble with a star,"Design the ""Review"" icon for VaranasiPooja.com. Subject: speech bubble with a star. Composition: one clear symbol, perfectly centred, balanced negative space, readable at 24px and 512px. Premium devotional icon, flat vector, single symbol centred on a 512x512 transparent artboard with 48px safe padding. Monoline style: 20px uniform stroke, round caps and joins, filled accents only where noted. Colour: gold gradient #F3D48A to #B08A4C for strokes, kumkum red #C0392B only for tilak/bindu/small accents, ivory #FFF8E8 for highlights. No text, no letters, no background tile, no glow, no drop shadow, no 3D, no photorealism, no human faces or deity bodies/idols - deities shown only through their symbols. No diya/flame unless the subject is about lamp, aarti, havan or fire. Geometric, symmetric, crisp at 24px, consistent optical weight with the whole set. Avoid: text, letters, numbers, watermark, background square or tile, glossy glass, bevel, 3D render, photorealism, drop shadow, outer glow, gradient mesh noise, sketchy or hand-drawn lines, uneven stroke widths, human faces, deity bodies or idols, weapons shown violently, brand logos, clutter."
testimonial,Testimonial,"Trust, Media, Gallery & Content",redesign,prototypes/testimonial.svg,quotation marks inside a speech bubble,"Design the ""Testimonial"" icon for VaranasiPooja.com. Subject: quotation marks inside a speech bubble. Composition: one clear symbol, perfectly centred, balanced negative space, readable at 24px and 512px. Premium devotional icon, flat vector, single symbol centred on a 512x512 transparent artboard with 48px safe padding. Monoline style: 20px uniform stroke, round caps and joins, filled accents only where noted. Colour: gold gradient #F3D48A to #B08A4C for strokes, kumkum red #C0392B only for tilak/bindu/small accents, ivory #FFF8E8 for highlights. No text, no letters, no background tile, no glow, no drop shadow, no 3D, no photorealism, no human faces or deity bodies/idols - deities shown only through their symbols. No diya/flame unless the subject is about lamp, aarti, havan or fire. Geometric, symmetric, crisp at 24px, consistent optical weight with the whole set. Avoid: text, letters, numbers, watermark, background square or tile, glossy glass, bevel, 3D render, photorealism, drop shadow, outer glow, gradient mesh noise, sketchy or hand-drawn lines, uneven stroke widths, human faces, deity bodies or idols, weapons shown violently, brand logos, clutter."
gallery,Gallery,"Trust, Media, Gallery & Content",redesign,prototypes/gallery.svg,photo frame with mountain and sun,"Design the ""Gallery"" icon for VaranasiPooja.com. Subject: photo frame with mountain and sun. Composition: one clear symbol, perfectly centred, balanced negative space, readable at 24px and 512px. Premium devotional icon, flat vector, single symbol centred on a 512x512 transparent artboard with 48px safe padding. Monoline style: 20px uniform stroke, round caps and joins, filled accents only where noted. Colour: gold gradient #F3D48A to #B08A4C for strokes, kumkum red #C0392B only for tilak/bindu/small accents, ivory #FFF8E8 for highlights. No text, no letters, no background tile, no glow, no drop shadow, no 3D, no photorealism, no human faces or deity bodies/idols - deities shown only through their symbols. No diya/flame unless the subject is about lamp, aarti, havan or fire. Geometric, symmetric, crisp at 24px, consistent optical weight with the whole set. Avoid: text, letters, numbers, watermark, background square or tile, glossy glass, bevel, 3D render, photorealism, drop shadow, outer glow, gradient mesh noise, sketchy or hand-drawn lines, uneven stroke widths, human faces, deity bodies or idols, weapons shown violently, brand logos, clutter."
camera,Camera,"Trust, Media, Gallery & Content",redesign,prototypes/camera.svg,camera body,"Design the ""Camera"" icon for VaranasiPooja.com. Subject: camera body. Composition: one clear symbol, perfectly centred, balanced negative space, readable at 24px and 512px. Premium devotional icon, flat vector, single symbol centred on a 512x512 transparent artboard with 48px safe padding. Monoline style: 20px uniform stroke, round caps and joins, filled accents only where noted. Colour: gold gradient #F3D48A to #B08A4C for strokes, kumkum red #C0392B only for tilak/bindu/small accents, ivory #FFF8E8 for highlights. No text, no letters, no background tile, no glow, no drop shadow, no 3D, no photorealism, no human faces or deity bodies/idols - deities shown only through their symbols. No diya/flame unless the subject is about lamp, aarti, havan or fire. Geometric, symmetric, crisp at 24px, consistent optical weight with the whole set. Avoid: text, letters, numbers, watermark, background square or tile, glossy glass, bevel, 3D render, photorealism, drop shadow, outer glow, gradient mesh noise, sketchy or hand-drawn lines, uneven stroke widths, human faces, deity bodies or idols, weapons shown violently, brand logos, clutter."
video,Video,"Trust, Media, Gallery & Content",redesign,prototypes/video.svg,rounded video screen with a play triangle,"Design the ""Video"" icon for VaranasiPooja.com. Subject: rounded video screen with a play triangle. Composition: one clear symbol, perfectly centred, balanced negative space, readable at 24px and 512px. Premium devotional icon, flat vector, single symbol centred on a 512x512 transparent artboard with 48px safe padding. Monoline style: 20px uniform stroke, round caps and joins, filled accents only where noted. Colour: gold gradient #F3D48A to #B08A4C for strokes, kumkum red #C0392B only for tilak/bindu/small accents, ivory #FFF8E8 for highlights. No text, no letters, no background tile, no glow, no drop shadow, no 3D, no photorealism, no human faces or deity bodies/idols - deities shown only through their symbols. No diya/flame unless the subject is about lamp, aarti, havan or fire. Geometric, symmetric, crisp at 24px, consistent optical weight with the whole set. Avoid: text, letters, numbers, watermark, background square or tile, glossy glass, bevel, 3D render, photorealism, drop shadow, outer glow, gradient mesh noise, sketchy or hand-drawn lines, uneven stroke widths, human faces, deity bodies or idols, weapons shown violently, brand logos, clutter."
play,Play,"Trust, Media, Gallery & Content",redesign,prototypes/play.svg,play triangle inside a circle,"Design the ""Play"" icon for VaranasiPooja.com. Subject: play triangle inside a circle. Composition: one clear symbol, perfectly centred, balanced negative space, readable at 24px and 512px. Premium devotional icon, flat vector, single symbol centred on a 512x512 transparent artboard with 48px safe padding. Monoline style: 20px uniform stroke, round caps and joins, filled accents only where noted. Colour: gold gradient #F3D48A to #B08A4C for strokes, kumkum red #C0392B only for tilak/bindu/small accents, ivory #FFF8E8 for highlights. No text, no letters, no background tile, no glow, no drop shadow, no 3D, no photorealism, no human faces or deity bodies/idols - deities shown only through their symbols. No diya/flame unless the subject is about lamp, aarti, havan or fire. Geometric, symmetric, crisp at 24px, consistent optical weight with the whole set. Avoid: text, letters, numbers, watermark, background square or tile, glossy glass, bevel, 3D render, photorealism, drop shadow, outer glow, gradient mesh noise, sketchy or hand-drawn lines, uneven stroke widths, human faces, deity bodies or idols, weapons shown violently, brand logos, clutter."
live-stream,Live Stream,"Trust, Media, Gallery & Content",redesign,prototypes/live-stream.svg,play triangle with broadcast arcs,"Design the ""Live Stream"" icon for VaranasiPooja.com. Subject: play triangle with broadcast arcs. Composition: one clear symbol, perfectly centred, balanced negative space, readable at 24px and 512px. Premium devotional icon, flat vector, single symbol centred on a 512x512 transparent artboard with 48px safe padding. Monoline style: 20px uniform stroke, round caps and joins, filled accents only where noted. Colour: gold gradient #F3D48A to #B08A4C for strokes, kumkum red #C0392B only for tilak/bindu/small accents, ivory #FFF8E8 for highlights. No text, no letters, no background tile, no glow, no drop shadow, no 3D, no photorealism, no human faces or deity bodies/idols - deities shown only through their symbols. No diya/flame unless the subject is about lamp, aarti, havan or fire. Geometric, symmetric, crisp at 24px, consistent optical weight with the whole set. Avoid: text, letters, numbers, watermark, background square or tile, glossy glass, bevel, 3D render, photorealism, drop shadow, outer glow, gradient mesh noise, sketchy or hand-drawn lines, uneven stroke widths, human faces, deity bodies or idols, weapons shown violently, brand logos, clutter."
video-proof,Video Proof,"Trust, Media, Gallery & Content",redesign,prototypes/video-proof.svg,video screen with a check mark,"Design the ""Video Proof"" icon for VaranasiPooja.com. Subject: video screen with a check mark. Composition: one clear symbol, perfectly centred, balanced negative space, readable at 24px and 512px. Premium devotional icon, flat vector, single symbol centred on a 512x512 transparent artboard with 48px safe padding. Monoline style: 20px uniform stroke, round caps and joins, filled accents only where noted. Colour: gold gradient #F3D48A to #B08A4C for strokes, kumkum red #C0392B only for tilak/bindu/small accents, ivory #FFF8E8 for highlights. No text, no letters, no background tile, no glow, no drop shadow, no 3D, no photorealism, no human faces or deity bodies/idols - deities shown only through their symbols. No diya/flame unless the subject is about lamp, aarti, havan or fire. Geometric, symmetric, crisp at 24px, consistent optical weight with the whole set. Avoid: text, letters, numbers, watermark, background square or tile, glossy glass, bevel, 3D render, photorealism, drop shadow, outer glow, gradient mesh noise, sketchy or hand-drawn lines, uneven stroke widths, human faces, deity bodies or idols, weapons shown violently, brand logos, clutter."
article,Article,"Trust, Media, Gallery & Content",redesign,prototypes/article.svg,document page with title bar and lines,"Design the ""Article"" icon for VaranasiPooja.com. Subject: document page with title bar and lines. Composition: one clear symbol, perfectly centred, balanced negative space, readable at 24px and 512px. Premium devotional icon, flat vector, single symbol centred on a 512x512 transparent artboard with 48px safe padding. Monoline style: 20px uniform stroke, round caps and joins, filled accents only where noted. Colour: gold gradient #F3D48A to #B08A4C for strokes, kumkum red #C0392B only for tilak/bindu/small accents, ivory #FFF8E8 for highlights. No text, no letters, no background tile, no glow, no drop shadow, no 3D, no photorealism, no human faces or deity bodies/idols - deities shown only through their symbols. No diya/flame unless the subject is about lamp, aarti, havan or fire. Geometric, symmetric, crisp at 24px, consistent optical weight with the whole set. Avoid: text, letters, numbers, watermark, background square or tile, glossy glass, bevel, 3D render, photorealism, drop shadow, outer glow, gradient mesh noise, sketchy or hand-drawn lines, uneven stroke widths, human faces, deity bodies or idols, weapons shown violently, brand logos, clutter."
blog-guide,Blog Guide,"Trust, Media, Gallery & Content",redesign,prototypes/blog-guide.svg,open book with a bookmark ribbon,"Design the ""Blog Guide"" icon for VaranasiPooja.com. Subject: open book with a bookmark ribbon. Composition: one clear symbol, perfectly centred, balanced negative space, readable at 24px and 512px. Premium devotional icon, flat vector, single symbol centred on a 512x512 transparent artboard with 48px safe padding. Monoline style: 20px uniform stroke, round caps and joins, filled accents only where noted. Colour: gold gradient #F3D48A to #B08A4C for strokes, kumkum red #C0392B only for tilak/bindu/small accents, ivory #FFF8E8 for highlights. No text, no letters, no background tile, no glow, no drop shadow, no 3D, no photorealism, no human faces or deity bodies/idols - deities shown only through their symbols. No diya/flame unless the subject is about lamp, aarti, havan or fire. Geometric, symmetric, crisp at 24px, consistent optical weight with the whole set. Avoid: text, letters, numbers, watermark, background square or tile, glossy glass, bevel, 3D render, photorealism, drop shadow, outer glow, gradient mesh noise, sketchy or hand-drawn lines, uneven stroke widths, human faces, deity bodies or idols, weapons shown violently, brand logos, clutter."
book,Book,"Trust, Media, Gallery & Content",redesign,prototypes/book.svg,closed book,"Design the ""Book"" icon for VaranasiPooja.com. Subject: closed book. Composition: one clear symbol, perfectly centred, balanced negative space, readable at 24px and 512px. Premium devotional icon, flat vector, single symbol centred on a 512x512 transparent artboard with 48px safe padding. Monoline style: 20px uniform stroke, round caps and joins, filled accents only where noted. Colour: gold gradient #F3D48A to #B08A4C for strokes, kumkum red #C0392B only for tilak/bindu/small accents, ivory #FFF8E8 for highlights. No text, no letters, no background tile, no glow, no drop shadow, no 3D, no photorealism, no human faces or deity bodies/idols - deities shown only through their symbols. No diya/flame unless the subject is about lamp, aarti, havan or fire. Geometric, symmetric, crisp at 24px, consistent optical weight with the whole set. Avoid: text, letters, numbers, watermark, background square or tile, glossy glass, bevel, 3D render, photorealism, drop shadow, outer glow, gradient mesh noise, sketchy or hand-drawn lines, uneven stroke widths, human faces, deity bodies or idols, weapons shown violently, brand logos, clutter."
reading-time,Reading Time,"Trust, Media, Gallery & Content",redesign,prototypes/reading-time.svg,open book with a small clock,"Design the ""Reading Time"" icon for VaranasiPooja.com. Subject: open book with a small clock. Composition: one clear symbol, perfectly centred, balanced negative space, readable at 24px and 512px. Premium devotional icon, flat vector, single symbol centred on a 512x512 transparent artboard with 48px safe padding. Monoline style: 20px uniform stroke, round caps and joins, filled accents only where noted. Colour: gold gradient #F3D48A to #B08A4C for strokes, kumkum red #C0392B only for tilak/bindu/small accents, ivory #FFF8E8 for highlights. No text, no letters, no background tile, no glow, no drop shadow, no 3D, no photorealism, no human faces or deity bodies/idols - deities shown only through their symbols. No diya/flame unless the subject is about lamp, aarti, havan or fire. Geometric, symmetric, crisp at 24px, consistent optical weight with the whole set. Avoid: text, letters, numbers, watermark, background square or tile, glossy glass, bevel, 3D render, photorealism, drop shadow, outer glow, gradient mesh noise, sketchy or hand-drawn lines, uneven stroke widths, human faces, deity bodies or idols, weapons shown violently, brand logos, clutter."
festival-reminder,Festival Reminder,"Trust, Media, Gallery & Content",redesign,prototypes/festival-reminder.svg,bell with a small calendar,"Design the ""Festival Reminder"" icon for VaranasiPooja.com. Subject: bell with a small calendar. Composition: one clear symbol, perfectly centred, balanced negative space, readable at 24px and 512px. Premium devotional icon, flat vector, single symbol centred on a 512x512 transparent artboard with 48px safe padding. Monoline style: 20px uniform stroke, round caps and joins, filled accents only where noted. Colour: gold gradient #F3D48A to #B08A4C for strokes, kumkum red #C0392B only for tilak/bindu/small accents, ivory #FFF8E8 for highlights. No text, no letters, no background tile, no glow, no drop shadow, no 3D, no photorealism, no human faces or deity bodies/idols - deities shown only through their symbols. No diya/flame unless the subject is about lamp, aarti, havan or fire. Geometric, symmetric, crisp at 24px, consistent optical weight with the whole set. Avoid: text, letters, numbers, watermark, background square or tile, glossy glass, bevel, 3D render, photorealism, drop shadow, outer glow, gradient mesh noise, sketchy or hand-drawn lines, uneven stroke widths, human faces, deity bodies or idols, weapons shown violently, brand logos, clutter."
calendar-update,Calendar Update,"Trust, Media, Gallery & Content",redesign,prototypes/calendar-update.svg,calendar page with a refresh arrow,"Design the ""Calendar Update"" icon for VaranasiPooja.com. Subject: calendar page with a refresh arrow. Composition: one clear symbol, perfectly centred, balanced negative space, readable at 24px and 512px. Premium devotional icon, flat vector, single symbol centred on a 512x512 transparent artboard with 48px safe padding. Monoline style: 20px uniform stroke, round caps and joins, filled accents only where noted. Colour: gold gradient #F3D48A to #B08A4C for strokes, kumkum red #C0392B only for tilak/bindu/small accents, ivory #FFF8E8 for highlights. No text, no letters, no background tile, no glow, no drop shadow, no 3D, no photorealism, no human faces or deity bodies/idols - deities shown only through their symbols. No diya/flame unless the subject is about lamp, aarti, havan or fire. Geometric, symmetric, crisp at 24px, consistent optical weight with the whole set. Avoid: text, letters, numbers, watermark, background square or tile, glossy glass, bevel, 3D render, photorealism, drop shadow, outer glow, gradient mesh noise, sketchy or hand-drawn lines, uneven stroke widths, human faces, deity bodies or idols, weapons shown violently, brand logos, clutter."
community,Community,"Trust, Media, Gallery & Content",redesign,prototypes/community.svg,three simple person outlines (no faces) in an arc,"Design the ""Community"" icon for VaranasiPooja.com. Subject: three simple person outlines (no faces) in an arc. Composition: one clear symbol, perfectly centred, balanced negative space, readable at 24px and 512px. Premium devotional icon, flat vector, single symbol centred on a 512x512 transparent artboard with 48px safe padding. Monoline style: 20px uniform stroke, round caps and joins, filled accents only where noted. Colour: gold gradient #F3D48A to #B08A4C for strokes, kumkum red #C0392B only for tilak/bindu/small accents, ivory #FFF8E8 for highlights. No text, no letters, no background tile, no glow, no drop shadow, no 3D, no photorealism, no human faces or deity bodies/idols - deities shown only through their symbols. No diya/flame unless the subject is about lamp, aarti, havan or fire. Geometric, symmetric, crisp at 24px, consistent optical weight with the whole set. Avoid: text, letters, numbers, watermark, background square or tile, glossy glass, bevel, 3D render, photorealism, drop shadow, outer glow, gradient mesh noise, sketchy or hand-drawn lines, uneven stroke widths, human faces, deity bodies or idols, weapons shown violently, brand logos, clutter."
newsletter,Newsletter,"Trust, Media, Gallery & Content",redesign,prototypes/newsletter.svg,envelope with a page coming out,"Design the ""Newsletter"" icon for VaranasiPooja.com. Subject: envelope with a page coming out. Composition: one clear symbol, perfectly centred, balanced negative space, readable at 24px and 512px. Premium devotional icon, flat vector, single symbol centred on a 512x512 transparent artboard with 48px safe padding. Monoline style: 20px uniform stroke, round caps and joins, filled accents only where noted. Colour: gold gradient #F3D48A to #B08A4C for strokes, kumkum red #C0392B only for tilak/bindu/small accents, ivory #FFF8E8 for highlights. No text, no letters, no background tile, no glow, no drop shadow, no 3D, no photorealism, no human faces or deity bodies/idols - deities shown only through their symbols. No diya/flame unless the subject is about lamp, aarti, havan or fire. Geometric, symmetric, crisp at 24px, consistent optical weight with the whole set. Avoid: text, letters, numbers, watermark, background square or tile, glossy glass, bevel, 3D render, photorealism, drop shadow, outer glow, gradient mesh noise, sketchy or hand-drawn lines, uneven stroke widths, human faces, deity bodies or idols, weapons shown violently, brand logos, clutter."
privacy,Privacy,"Trust, Media, Gallery & Content",redesign,prototypes/privacy.svg,shield with a keyhole,"Design the ""Privacy"" icon for VaranasiPooja.com. Subject: shield with a keyhole. Composition: one clear symbol, perfectly centred, balanced negative space, readable at 24px and 512px. Premium devotional icon, flat vector, single symbol centred on a 512x512 transparent artboard with 48px safe padding. Monoline style: 20px uniform stroke, round caps and joins, filled accents only where noted. Colour: gold gradient #F3D48A to #B08A4C for strokes, kumkum red #C0392B only for tilak/bindu/small accents, ivory #FFF8E8 for highlights. No text, no letters, no background tile, no glow, no drop shadow, no 3D, no photorealism, no human faces or deity bodies/idols - deities shown only through their symbols. No diya/flame unless the subject is about lamp, aarti, havan or fire. Geometric, symmetric, crisp at 24px, consistent optical weight with the whole set. Avoid: text, letters, numbers, watermark, background square or tile, glossy glass, bevel, 3D render, photorealism, drop shadow, outer glow, gradient mesh noise, sketchy or hand-drawn lines, uneven stroke widths, human faces, deity bodies or idols, weapons shown violently, brand logos, clutter."
trishul,Trishul,Sacred Symbols,new,,upright trishul (trident) with a small damru knot at the shaft,"Design the ""Trishul"" icon for VaranasiPooja.com. Subject: upright trishul (trident) with a small damru knot at the shaft. Composition: one clear symbol, perfectly centred, balanced negative space, readable at 24px and 512px. Premium devotional icon, flat vector, single symbol centred on a 512x512 transparent artboard with 48px safe padding. Monoline style: 20px uniform stroke, round caps and joins, filled accents only where noted. Colour: gold gradient #F3D48A to #B08A4C for strokes, kumkum red #C0392B only for tilak/bindu/small accents, ivory #FFF8E8 for highlights. No text, no letters, no background tile, no glow, no drop shadow, no 3D, no photorealism, no human faces or deity bodies/idols - deities shown only through their symbols. No diya/flame unless the subject is about lamp, aarti, havan or fire. Geometric, symmetric, crisp at 24px, consistent optical weight with the whole set. Avoid: text, letters, numbers, watermark, background square or tile, glossy glass, bevel, 3D render, photorealism, drop shadow, outer glow, gradient mesh noise, sketchy or hand-drawn lines, uneven stroke widths, human faces, deity bodies or idols, weapons shown violently, brand logos, clutter."
damru,Damru,Sacred Symbols,new,,hourglass-shaped damru drum with two cord beads,"Design the ""Damru"" icon for VaranasiPooja.com. Subject: hourglass-shaped damru drum with two cord beads. Composition: one clear symbol, perfectly centred, balanced negative space, readable at 24px and 512px. Premium devotional icon, flat vector, single symbol centred on a 512x512 transparent artboard with 48px safe padding. Monoline style: 20px uniform stroke, round caps and joins, filled accents only where noted. Colour: gold gradient #F3D48A to #B08A4C for strokes, kumkum red #C0392B only for tilak/bindu/small accents, ivory #FFF8E8 for highlights. No text, no letters, no background tile, no glow, no drop shadow, no 3D, no photorealism, no human faces or deity bodies/idols - deities shown only through their symbols. No diya/flame unless the subject is about lamp, aarti, havan or fire. Geometric, symmetric, crisp at 24px, consistent optical weight with the whole set. Avoid: text, letters, numbers, watermark, background square or tile, glossy glass, bevel, 3D render, photorealism, drop shadow, outer glow, gradient mesh noise, sketchy or hand-drawn lines, uneven stroke widths, human faces, deity bodies or idols, weapons shown violently, brand logos, clutter."
shankh,Shankh,Sacred Symbols,new,,"spiral conch shell, opening facing right","Design the ""Shankh"" icon for VaranasiPooja.com. Subject: spiral conch shell, opening facing right. Composition: one clear symbol, perfectly centred, balanced negative space, readable at 24px and 512px. Premium devotional icon, flat vector, single symbol centred on a 512x512 transparent artboard with 48px safe padding. Monoline style: 20px uniform stroke, round caps and joins, filled accents only where noted. Colour: gold gradient #F3D48A to #B08A4C for strokes, kumkum red #C0392B only for tilak/bindu/small accents, ivory #FFF8E8 for highlights. No text, no letters, no background tile, no glow, no drop shadow, no 3D, no photorealism, no human faces or deity bodies/idols - deities shown only through their symbols. No diya/flame unless the subject is about lamp, aarti, havan or fire. Geometric, symmetric, crisp at 24px, consistent optical weight with the whole set. Avoid: text, letters, numbers, watermark, background square or tile, glossy glass, bevel, 3D render, photorealism, drop shadow, outer glow, gradient mesh noise, sketchy or hand-drawn lines, uneven stroke widths, human faces, deity bodies or idols, weapons shown violently, brand logos, clutter."
lotus,Lotus,Sacred Symbols,new,,symmetric eight-petal lotus seen from the front,"Design the ""Lotus"" icon for VaranasiPooja.com. Subject: symmetric eight-petal lotus seen from the front. Composition: one clear symbol, perfectly centred, balanced negative space, readable at 24px and 512px. Premium devotional icon, flat vector, single symbol centred on a 512x512 transparent artboard with 48px safe padding. Monoline style: 20px uniform stroke, round caps and joins, filled accents only where noted. Colour: gold gradient #F3D48A to #B08A4C for strokes, kumkum red #C0392B only for tilak/bindu/small accents, ivory #FFF8E8 for highlights. No text, no letters, no background tile, no glow, no drop shadow, no 3D, no photorealism, no human faces or deity bodies/idols - deities shown only through their symbols. No diya/flame unless the subject is about lamp, aarti, havan or fire. Geometric, symmetric, crisp at 24px, consistent optical weight with the whole set. Avoid: text, letters, numbers, watermark, background square or tile, glossy glass, bevel, 3D render, photorealism, drop shadow, outer glow, gradient mesh noise, sketchy or hand-drawn lines, uneven stroke widths, human faces, deity bodies or idols, weapons shown violently, brand logos, clutter."
om-symbol,Om,Sacred Symbols,new,,Om glyph drawn as clean geometric monoline (the only allowed glyph in the set),"Design the ""Om"" icon for VaranasiPooja.com. Subject: Om glyph drawn as clean geometric monoline (the only allowed glyph in the set). Composition: one clear symbol, perfectly centred, balanced negative space, readable at 24px and 512px. Premium devotional icon, flat vector, single symbol centred on a 512x512 transparent artboard with 48px safe padding. Monoline style: 20px uniform stroke, round caps and joins, filled accents only where noted. Colour: gold gradient #F3D48A to #B08A4C for strokes, kumkum red #C0392B only for tilak/bindu/small accents, ivory #FFF8E8 for highlights. No text, no letters, no background tile, no glow, no drop shadow, no 3D, no photorealism, no human faces or deity bodies/idols - deities shown only through their symbols. No diya/flame unless the subject is about lamp, aarti, havan or fire. Geometric, symmetric, crisp at 24px, consistent optical weight with the whole set. Avoid: text, letters, numbers, watermark, background square or tile, glossy glass, bevel, 3D render, photorealism, drop shadow, outer glow, gradient mesh noise, sketchy or hand-drawn lines, uneven stroke widths, human faces, deity bodies or idols, weapons shown violently, brand logos, clutter."
nandi,Nandi,Sacred Symbols,new,,"seated Nandi bull silhouette in side profile, simplified, facing left","Design the ""Nandi"" icon for VaranasiPooja.com. Subject: seated Nandi bull silhouette in side profile, simplified, facing left. Composition: one clear symbol, perfectly centred, balanced negative space, readable at 24px and 512px. Premium devotional icon, flat vector, single symbol centred on a 512x512 transparent artboard with 48px safe padding. Monoline style: 20px uniform stroke, round caps and joins, filled accents only where noted. Colour: gold gradient #F3D48A to #B08A4C for strokes, kumkum red #C0392B only for tilak/bindu/small accents, ivory #FFF8E8 for highlights. No text, no letters, no background tile, no glow, no drop shadow, no 3D, no photorealism, no human faces or deity bodies/idols - deities shown only through their symbols. No diya/flame unless the subject is about lamp, aarti, havan or fire. Geometric, symmetric, crisp at 24px, consistent optical weight with the whole set. Avoid: text, letters, numbers, watermark, background square or tile, glossy glass, bevel, 3D render, photorealism, drop shadow, outer glow, gradient mesh noise, sketchy or hand-drawn lines, uneven stroke widths, human faces, deity bodies or idols, weapons shown violently, brand logos, clutter."
tripundra-tilak,Tripundra Tilak,Sacred Symbols,new,,three horizontal ash lines with a red bindu in the centre,"Design the ""Tripundra Tilak"" icon for VaranasiPooja.com. Subject: three horizontal ash lines with a red bindu in the centre. Composition: one clear symbol, perfectly centred, balanced negative space, readable at 24px and 512px. Premium devotional icon, flat vector, single symbol centred on a 512x512 transparent artboard with 48px safe padding. Monoline style: 20px uniform stroke, round caps and joins, filled accents only where noted. Colour: gold gradient #F3D48A to #B08A4C for strokes, kumkum red #C0392B only for tilak/bindu/small accents, ivory #FFF8E8 for highlights. No text, no letters, no background tile, no glow, no drop shadow, no 3D, no photorealism, no human faces or deity bodies/idols - deities shown only through their symbols. No diya/flame unless the subject is about lamp, aarti, havan or fire. Geometric, symmetric, crisp at 24px, consistent optical weight with the whole set. Avoid: text, letters, numbers, watermark, background square or tile, glossy glass, bevel, 3D render, photorealism, drop shadow, outer glow, gradient mesh noise, sketchy or hand-drawn lines, uneven stroke widths, human faces, deity bodies or idols, weapons shown violently, brand logos, clutter."
kamandal,Kamandal,Samagri,new,,round kamandal water pot with a curved handle and spout,"Design the ""Kamandal"" icon for VaranasiPooja.com. Subject: round kamandal water pot with a curved handle and spout. Composition: one clear symbol, perfectly centred, balanced negative space, readable at 24px and 512px. Premium devotional icon, flat vector, single symbol centred on a 512x512 transparent artboard with 48px safe padding. Monoline style: 20px uniform stroke, round caps and joins, filled accents only where noted. Colour: gold gradient #F3D48A to #B08A4C for strokes, kumkum red #C0392B only for tilak/bindu/small accents, ivory #FFF8E8 for highlights. No text, no letters, no background tile, no glow, no drop shadow, no 3D, no photorealism, no human faces or deity bodies/idols - deities shown only through their symbols. No diya/flame unless the subject is about lamp, aarti, havan or fire. Geometric, symmetric, crisp at 24px, consistent optical weight with the whole set. Avoid: text, letters, numbers, watermark, background square or tile, glossy glass, bevel, 3D render, photorealism, drop shadow, outer glow, gradient mesh noise, sketchy or hand-drawn lines, uneven stroke widths, human faces, deity bodies or idols, weapons shown violently, brand logos, clutter."
ghanta-bell,Puja Ghanta,Samagri,new,,hand-held puja bell with a small handle on top,"Design the ""Puja Ghanta"" icon for VaranasiPooja.com. Subject: hand-held puja bell with a small handle on top. Composition: one clear symbol, perfectly centred, balanced negative space, readable at 24px and 512px. Premium devotional icon, flat vector, single symbol centred on a 512x512 transparent artboard with 48px safe padding. Monoline style: 20px uniform stroke, round caps and joins, filled accents only where noted. Colour: gold gradient #F3D48A to #B08A4C for strokes, kumkum red #C0392B only for tilak/bindu/small accents, ivory #FFF8E8 for highlights. No text, no letters, no background tile, no glow, no drop shadow, no 3D, no photorealism, no human faces or deity bodies/idols - deities shown only through their symbols. No diya/flame unless the subject is about lamp, aarti, havan or fire. Geometric, symmetric, crisp at 24px, consistent optical weight with the whole set. Avoid: text, letters, numbers, watermark, background square or tile, glossy glass, bevel, 3D render, photorealism, drop shadow, outer glow, gradient mesh noise, sketchy or hand-drawn lines, uneven stroke widths, human faces, deity bodies or idols, weapons shown violently, brand logos, clutter."
chandan,Chandan,Samagri,new,,small bowl of sandalwood paste with a stick resting on it,"Design the ""Chandan"" icon for VaranasiPooja.com. Subject: small bowl of sandalwood paste with a stick resting on it. Composition: one clear symbol, perfectly centred, balanced negative space, readable at 24px and 512px. Premium devotional icon, flat vector, single symbol centred on a 512x512 transparent artboard with 48px safe padding. Monoline style: 20px uniform stroke, round caps and joins, filled accents only where noted. Colour: gold gradient #F3D48A to #B08A4C for strokes, kumkum red #C0392B only for tilak/bindu/small accents, ivory #FFF8E8 for highlights. No text, no letters, no background tile, no glow, no drop shadow, no 3D, no photorealism, no human faces or deity bodies/idols - deities shown only through their symbols. No diya/flame unless the subject is about lamp, aarti, havan or fire. Geometric, symmetric, crisp at 24px, consistent optical weight with the whole set. Avoid: text, letters, numbers, watermark, background square or tile, glossy glass, bevel, 3D render, photorealism, drop shadow, outer glow, gradient mesh noise, sketchy or hand-drawn lines, uneven stroke widths, human faces, deity bodies or idols, weapons shown violently, brand logos, clutter."
pushpa-mala,Pushpa Mala,Samagri,new,,marigold flower garland forming a U loop,"Design the ""Pushpa Mala"" icon for VaranasiPooja.com. Subject: marigold flower garland forming a U loop. Composition: one clear symbol, perfectly centred, balanced negative space, readable at 24px and 512px. Premium devotional icon, flat vector, single symbol centred on a 512x512 transparent artboard with 48px safe padding. Monoline style: 20px uniform stroke, round caps and joins, filled accents only where noted. Colour: gold gradient #F3D48A to #B08A4C for strokes, kumkum red #C0392B only for tilak/bindu/small accents, ivory #FFF8E8 for highlights. No text, no letters, no background tile, no glow, no drop shadow, no 3D, no photorealism, no human faces or deity bodies/idols - deities shown only through their symbols. No diya/flame unless the subject is about lamp, aarti, havan or fire. Geometric, symmetric, crisp at 24px, consistent optical weight with the whole set. Avoid: text, letters, numbers, watermark, background square or tile, glossy glass, bevel, 3D render, photorealism, drop shadow, outer glow, gradient mesh noise, sketchy or hand-drawn lines, uneven stroke widths, human faces, deity bodies or idols, weapons shown violently, brand logos, clutter."
dhoop-agarbatti,Dhoop Agarbatti,Samagri,new,,two incense sticks in a stand with a thin curling smoke line,"Design the ""Dhoop Agarbatti"" icon for VaranasiPooja.com. Subject: two incense sticks in a stand with a thin curling smoke line. Composition: one clear symbol, perfectly centred, balanced negative space, readable at 24px and 512px. Premium devotional icon, flat vector, single symbol centred on a 512x512 transparent artboard with 48px safe padding. Monoline style: 20px uniform stroke, round caps and joins, filled accents only where noted. Colour: gold gradient #F3D48A to #B08A4C for strokes, kumkum red #C0392B only for tilak/bindu/small accents, ivory #FFF8E8 for highlights. No text, no letters, no background tile, no glow, no drop shadow, no 3D, no photorealism, no human faces or deity bodies/idols - deities shown only through their symbols. No diya/flame unless the subject is about lamp, aarti, havan or fire. Geometric, symmetric, crisp at 24px, consistent optical weight with the whole set. Avoid: text, letters, numbers, watermark, background square or tile, glossy glass, bevel, 3D render, photorealism, drop shadow, outer glow, gradient mesh noise, sketchy or hand-drawn lines, uneven stroke widths, human faces, deity bodies or idols, weapons shown violently, brand logos, clutter."
shriphal-coconut,Shriphal,Samagri,new,,coconut with a red-thread kalava tied around it,"Design the ""Shriphal"" icon for VaranasiPooja.com. Subject: coconut with a red-thread kalava tied around it. Composition: one clear symbol, perfectly centred, balanced negative space, readable at 24px and 512px. Premium devotional icon, flat vector, single symbol centred on a 512x512 transparent artboard with 48px safe padding. Monoline style: 20px uniform stroke, round caps and joins, filled accents only where noted. Colour: gold gradient #F3D48A to #B08A4C for strokes, kumkum red #C0392B only for tilak/bindu/small accents, ivory #FFF8E8 for highlights. No text, no letters, no background tile, no glow, no drop shadow, no 3D, no photorealism, no human faces or deity bodies/idols - deities shown only through their symbols. No diya/flame unless the subject is about lamp, aarti, havan or fire. Geometric, symmetric, crisp at 24px, consistent optical weight with the whole set. Avoid: text, letters, numbers, watermark, background square or tile, glossy glass, bevel, 3D render, photorealism, drop shadow, outer glow, gradient mesh noise, sketchy or hand-drawn lines, uneven stroke widths, human faces, deity bodies or idols, weapons shown violently, brand logos, clutter."
panchamrit,Panchamrit,Samagri,new,,small bowl with five dots representing the five nectars,"Design the ""Panchamrit"" icon for VaranasiPooja.com. Subject: small bowl with five dots representing the five nectars. Composition: one clear symbol, perfectly centred, balanced negative space, readable at 24px and 512px. Premium devotional icon, flat vector, single symbol centred on a 512x512 transparent artboard with 48px safe padding. Monoline style: 20px uniform stroke, round caps and joins, filled accents only where noted. Colour: gold gradient #F3D48A to #B08A4C for strokes, kumkum red #C0392B only for tilak/bindu/small accents, ivory #FFF8E8 for highlights. No text, no letters, no background tile, no glow, no drop shadow, no 3D, no photorealism, no human faces or deity bodies/idols - deities shown only through their symbols. No diya/flame unless the subject is about lamp, aarti, havan or fire. Geometric, symmetric, crisp at 24px, consistent optical weight with the whole set. Avoid: text, letters, numbers, watermark, background square or tile, glossy glass, bevel, 3D render, photorealism, drop shadow, outer glow, gradient mesh noise, sketchy or hand-drawn lines, uneven stroke widths, human faces, deity bodies or idols, weapons shown violently, brand logos, clutter."
ganga-jal,Ganga Jal,Samagri,new,,small copper lota with a water drop and two wave lines,"Design the ""Ganga Jal"" icon for VaranasiPooja.com. Subject: small copper lota with a water drop and two wave lines. Composition: one clear symbol, perfectly centred, balanced negative space, readable at 24px and 512px. Premium devotional icon, flat vector, single symbol centred on a 512x512 transparent artboard with 48px safe padding. Monoline style: 20px uniform stroke, round caps and joins, filled accents only where noted. Colour: gold gradient #F3D48A to #B08A4C for strokes, kumkum red #C0392B only for tilak/bindu/small accents, ivory #FFF8E8 for highlights. No text, no letters, no background tile, no glow, no drop shadow, no 3D, no photorealism, no human faces or deity bodies/idols - deities shown only through their symbols. No diya/flame unless the subject is about lamp, aarti, havan or fire. Geometric, symmetric, crisp at 24px, consistent optical weight with the whole set. Avoid: text, letters, numbers, watermark, background square or tile, glossy glass, bevel, 3D render, photorealism, drop shadow, outer glow, gradient mesh noise, sketchy or hand-drawn lines, uneven stroke widths, human faces, deity bodies or idols, weapons shown violently, brand logos, clutter."
yantra,Yantra,Sacred Symbols,new,,square yantra with a central triangle and lotus border,"Design the ""Yantra"" icon for VaranasiPooja.com. Subject: square yantra with a central triangle and lotus border. Composition: one clear symbol, perfectly centred, balanced negative space, readable at 24px and 512px. Premium devotional icon, flat vector, single symbol centred on a 512x512 transparent artboard with 48px safe padding. Monoline style: 20px uniform stroke, round caps and joins, filled accents only where noted. Colour: gold gradient #F3D48A to #B08A4C for strokes, kumkum red #C0392B only for tilak/bindu/small accents, ivory #FFF8E8 for highlights. No text, no letters, no background tile, no glow, no drop shadow, no 3D, no photorealism, no human faces or deity bodies/idols - deities shown only through their symbols. No diya/flame unless the subject is about lamp, aarti, havan or fire. Geometric, symmetric, crisp at 24px, consistent optical weight with the whole set. Avoid: text, letters, numbers, watermark, background square or tile, glossy glass, bevel, 3D render, photorealism, drop shadow, outer glow, gradient mesh noise, sketchy or hand-drawn lines, uneven stroke widths, human faces, deity bodies or idols, weapons shown violently, brand logos, clutter."
mantra-jaap,Mantra Jaap,Core Pooja,new,,rudraksha mala held in a circle around a small sound-wave arc,"Design the ""Mantra Jaap"" icon for VaranasiPooja.com. Subject: rudraksha mala held in a circle around a small sound-wave arc. Composition: one clear symbol, perfectly centred, balanced negative space, readable at 24px and 512px. Premium devotional icon, flat vector, single symbol centred on a 512x512 transparent artboard with 48px safe padding. Monoline style: 20px uniform stroke, round caps and joins, filled accents only where noted. Colour: gold gradient #F3D48A to #B08A4C for strokes, kumkum red #C0392B only for tilak/bindu/small accents, ivory #FFF8E8 for highlights. No text, no letters, no background tile, no glow, no drop shadow, no 3D, no photorealism, no human faces or deity bodies/idols - deities shown only through their symbols. No diya/flame unless the subject is about lamp, aarti, havan or fire. Geometric, symmetric, crisp at 24px, consistent optical weight with the whole set. Avoid: text, letters, numbers, watermark, background square or tile, glossy glass, bevel, 3D render, photorealism, drop shadow, outer glow, gradient mesh noise, sketchy or hand-drawn lines, uneven stroke widths, human faces, deity bodies or idols, weapons shown violently, brand logos, clutter."
katha-path,Katha Path,Core Pooja,new,,open scripture book on a wooden stand (vyas peeth),"Design the ""Katha Path"" icon for VaranasiPooja.com. Subject: open scripture book on a wooden stand (vyas peeth). Composition: one clear symbol, perfectly centred, balanced negative space, readable at 24px and 512px. Premium devotional icon, flat vector, single symbol centred on a 512x512 transparent artboard with 48px safe padding. Monoline style: 20px uniform stroke, round caps and joins, filled accents only where noted. Colour: gold gradient #F3D48A to #B08A4C for strokes, kumkum red #C0392B only for tilak/bindu/small accents, ivory #FFF8E8 for highlights. No text, no letters, no background tile, no glow, no drop shadow, no 3D, no photorealism, no human faces or deity bodies/idols - deities shown only through their symbols. No diya/flame unless the subject is about lamp, aarti, havan or fire. Geometric, symmetric, crisp at 24px, consistent optical weight with the whole set. Avoid: text, letters, numbers, watermark, background square or tile, glossy glass, bevel, 3D render, photorealism, drop shadow, outer glow, gradient mesh noise, sketchy or hand-drawn lines, uneven stroke widths, human faces, deity bodies or idols, weapons shown violently, brand logos, clutter."
satyanarayan-katha,Satyanarayan Katha,Core Pooja,new,,banana-leaf pillars framing a small kalash and book,"Design the ""Satyanarayan Katha"" icon for VaranasiPooja.com. Subject: banana-leaf pillars framing a small kalash and book. Composition: one clear symbol, perfectly centred, balanced negative space, readable at 24px and 512px. Premium devotional icon, flat vector, single symbol centred on a 512x512 transparent artboard with 48px safe padding. Monoline style: 20px uniform stroke, round caps and joins, filled accents only where noted. Colour: gold gradient #F3D48A to #B08A4C for strokes, kumkum red #C0392B only for tilak/bindu/small accents, ivory #FFF8E8 for highlights. No text, no letters, no background tile, no glow, no drop shadow, no 3D, no photorealism, no human faces or deity bodies/idols - deities shown only through their symbols. No diya/flame unless the subject is about lamp, aarti, havan or fire. Geometric, symmetric, crisp at 24px, consistent optical weight with the whole set. Avoid: text, letters, numbers, watermark, background square or tile, glossy glass, bevel, 3D render, photorealism, drop shadow, outer glow, gradient mesh noise, sketchy or hand-drawn lines, uneven stroke widths, human faces, deity bodies or idols, weapons shown violently, brand logos, clutter."
griha-pravesh,Griha Pravesh,Sanskar,new,,house outline with a kalash at the door,"Design the ""Griha Pravesh"" icon for VaranasiPooja.com. Subject: house outline with a kalash at the door. Composition: one clear symbol, perfectly centred, balanced negative space, readable at 24px and 512px. Premium devotional icon, flat vector, single symbol centred on a 512x512 transparent artboard with 48px safe padding. Monoline style: 20px uniform stroke, round caps and joins, filled accents only where noted. Colour: gold gradient #F3D48A to #B08A4C for strokes, kumkum red #C0392B only for tilak/bindu/small accents, ivory #FFF8E8 for highlights. No text, no letters, no background tile, no glow, no drop shadow, no 3D, no photorealism, no human faces or deity bodies/idols - deities shown only through their symbols. No diya/flame unless the subject is about lamp, aarti, havan or fire. Geometric, symmetric, crisp at 24px, consistent optical weight with the whole set. Avoid: text, letters, numbers, watermark, background square or tile, glossy glass, bevel, 3D render, photorealism, drop shadow, outer glow, gradient mesh noise, sketchy or hand-drawn lines, uneven stroke widths, human faces, deity bodies or idols, weapons shown violently, brand logos, clutter."
mundan-sanskar,Mundan Sanskar,Sanskar,new,,small tuft of hair (shikha) above a kalash,"Design the ""Mundan Sanskar"" icon for VaranasiPooja.com. Subject: small tuft of hair (shikha) above a kalash. Composition: one clear symbol, perfectly centred, balanced negative space, readable at 24px and 512px. Premium devotional icon, flat vector, single symbol centred on a 512x512 transparent artboard with 48px safe padding. Monoline style: 20px uniform stroke, round caps and joins, filled accents only where noted. Colour: gold gradient #F3D48A to #B08A4C for strokes, kumkum red #C0392B only for tilak/bindu/small accents, ivory #FFF8E8 for highlights. No text, no letters, no background tile, no glow, no drop shadow, no 3D, no photorealism, no human faces or deity bodies/idols - deities shown only through their symbols. No diya/flame unless the subject is about lamp, aarti, havan or fire. Geometric, symmetric, crisp at 24px, consistent optical weight with the whole set. Avoid: text, letters, numbers, watermark, background square or tile, glossy glass, bevel, 3D render, photorealism, drop shadow, outer glow, gradient mesh noise, sketchy or hand-drawn lines, uneven stroke widths, human faces, deity bodies or idols, weapons shown violently, brand logos, clutter."
namkaran-sanskar,Namkaran Sanskar,Sanskar,new,,small cradle with a star above,"Design the ""Namkaran Sanskar"" icon for VaranasiPooja.com. Subject: small cradle with a star above. Composition: one clear symbol, perfectly centred, balanced negative space, readable at 24px and 512px. Premium devotional icon, flat vector, single symbol centred on a 512x512 transparent artboard with 48px safe padding. Monoline style: 20px uniform stroke, round caps and joins, filled accents only where noted. Colour: gold gradient #F3D48A to #B08A4C for strokes, kumkum red #C0392B only for tilak/bindu/small accents, ivory #FFF8E8 for highlights. No text, no letters, no background tile, no glow, no drop shadow, no 3D, no photorealism, no human faces or deity bodies/idols - deities shown only through their symbols. No diya/flame unless the subject is about lamp, aarti, havan or fire. Geometric, symmetric, crisp at 24px, consistent optical weight with the whole set. Avoid: text, letters, numbers, watermark, background square or tile, glossy glass, bevel, 3D render, photorealism, drop shadow, outer glow, gradient mesh noise, sketchy or hand-drawn lines, uneven stroke widths, human faces, deity bodies or idols, weapons shown violently, brand logos, clutter."
upanayan-janeu,Upanayan / Janeu,Sanskar,new,,sacred thread loop with three knots,"Design the ""Upanayan / Janeu"" icon for VaranasiPooja.com. Subject: sacred thread loop with three knots. Composition: one clear symbol, perfectly centred, balanced negative space, readable at 24px and 512px. Premium devotional icon, flat vector, single symbol centred on a 512x512 transparent artboard with 48px safe padding. Monoline style: 20px uniform stroke, round caps and joins, filled accents only where noted. Colour: gold gradient #F3D48A to #B08A4C for strokes, kumkum red #C0392B only for tilak/bindu/small accents, ivory #FFF8E8 for highlights. No text, no letters, no background tile, no glow, no drop shadow, no 3D, no photorealism, no human faces or deity bodies/idols - deities shown only through their symbols. No diya/flame unless the subject is about lamp, aarti, havan or fire. Geometric, symmetric, crisp at 24px, consistent optical weight with the whole set. Avoid: text, letters, numbers, watermark, background square or tile, glossy glass, bevel, 3D render, photorealism, drop shadow, outer glow, gradient mesh noise, sketchy or hand-drawn lines, uneven stroke widths, human faces, deity bodies or idols, weapons shown violently, brand logos, clutter."
rudri-path,Rudri Path,Core Pooja,new,,open scripture book with a Shiva lingam mark on the page,"Design the ""Rudri Path"" icon for VaranasiPooja.com. Subject: open scripture book with a Shiva lingam mark on the page. Composition: one clear symbol, perfectly centred, balanced negative space, readable at 24px and 512px. Premium devotional icon, flat vector, single symbol centred on a 512x512 transparent artboard with 48px safe padding. Monoline style: 20px uniform stroke, round caps and joins, filled accents only where noted. Colour: gold gradient #F3D48A to #B08A4C for strokes, kumkum red #C0392B only for tilak/bindu/small accents, ivory #FFF8E8 for highlights. No text, no letters, no background tile, no glow, no drop shadow, no 3D, no photorealism, no human faces or deity bodies/idols - deities shown only through their symbols. No diya/flame unless the subject is about lamp, aarti, havan or fire. Geometric, symmetric, crisp at 24px, consistent optical weight with the whole set. Avoid: text, letters, numbers, watermark, background square or tile, glossy glass, bevel, 3D render, photorealism, drop shadow, outer glow, gradient mesh noise, sketchy or hand-drawn lines, uneven stroke widths, human faces, deity bodies or idols, weapons shown violently, brand logos, clutter."
maha-shivratri,Maha Shivratri,Festivals,new,,Shiva lingam under a crescent moon and night stars,"Design the ""Maha Shivratri"" icon for VaranasiPooja.com. Subject: Shiva lingam under a crescent moon and night stars. Composition: one clear symbol, perfectly centred, balanced negative space, readable at 24px and 512px. Premium devotional icon, flat vector, single symbol centred on a 512x512 transparent artboard with 48px safe padding. Monoline style: 20px uniform stroke, round caps and joins, filled accents only where noted. Colour: gold gradient #F3D48A to #B08A4C for strokes, kumkum red #C0392B only for tilak/bindu/small accents, ivory #FFF8E8 for highlights. No text, no letters, no background tile, no glow, no drop shadow, no 3D, no photorealism, no human faces or deity bodies/idols - deities shown only through their symbols. No diya/flame unless the subject is about lamp, aarti, havan or fire. Geometric, symmetric, crisp at 24px, consistent optical weight with the whole set. Avoid: text, letters, numbers, watermark, background square or tile, glossy glass, bevel, 3D render, photorealism, drop shadow, outer glow, gradient mesh noise, sketchy or hand-drawn lines, uneven stroke widths, human faces, deity bodies or idols, weapons shown violently, brand logos, clutter."
sawan-somvar,Sawan Somvar,Festivals,new,,Shiva lingam with rain drops falling,"Design the ""Sawan Somvar"" icon for VaranasiPooja.com. Subject: Shiva lingam with rain drops falling. Composition: one clear symbol, perfectly centred, balanced negative space, readable at 24px and 512px. Premium devotional icon, flat vector, single symbol centred on a 512x512 transparent artboard with 48px safe padding. Monoline style: 20px uniform stroke, round caps and joins, filled accents only where noted. Colour: gold gradient #F3D48A to #B08A4C for strokes, kumkum red #C0392B only for tilak/bindu/small accents, ivory #FFF8E8 for highlights. No text, no letters, no background tile, no glow, no drop shadow, no 3D, no photorealism, no human faces or deity bodies/idols - deities shown only through their symbols. No diya/flame unless the subject is about lamp, aarti, havan or fire. Geometric, symmetric, crisp at 24px, consistent optical weight with the whole set. Avoid: text, letters, numbers, watermark, background square or tile, glossy glass, bevel, 3D render, photorealism, drop shadow, outer glow, gradient mesh noise, sketchy or hand-drawn lines, uneven stroke widths, human faces, deity bodies or idols, weapons shown violently, brand logos, clutter."
dev-deepawali,Dev Deepawali,Festivals,new,,row of five diyas on ghat steps above river waves,"Design the ""Dev Deepawali"" icon for VaranasiPooja.com. Subject: row of five diyas on ghat steps above river waves. Composition: one clear symbol, perfectly centred, balanced negative space, readable at 24px and 512px. Premium devotional icon, flat vector, single symbol centred on a 512x512 transparent artboard with 48px safe padding. Monoline style: 20px uniform stroke, round caps and joins, filled accents only where noted. Colour: gold gradient #F3D48A to #B08A4C for strokes, kumkum red #C0392B only for tilak/bindu/small accents, ivory #FFF8E8 for highlights. No text, no letters, no background tile, no glow, no drop shadow, no 3D, no photorealism, no human faces or deity bodies/idols - deities shown only through their symbols. No diya/flame unless the subject is about lamp, aarti, havan or fire. Geometric, symmetric, crisp at 24px, consistent optical weight with the whole set. Avoid: text, letters, numbers, watermark, background square or tile, glossy glass, bevel, 3D render, photorealism, drop shadow, outer glow, gradient mesh noise, sketchy or hand-drawn lines, uneven stroke widths, human faces, deity bodies or idols, weapons shown violently, brand logos, clutter."
navratri,Navratri,Festivals,new,,kalash with nine small dots arranged in an arc above it,"Design the ""Navratri"" icon for VaranasiPooja.com. Subject: kalash with nine small dots arranged in an arc above it. Composition: one clear symbol, perfectly centred, balanced negative space, readable at 24px and 512px. Premium devotional icon, flat vector, single symbol centred on a 512x512 transparent artboard with 48px safe padding. Monoline style: 20px uniform stroke, round caps and joins, filled accents only where noted. Colour: gold gradient #F3D48A to #B08A4C for strokes, kumkum red #C0392B only for tilak/bindu/small accents, ivory #FFF8E8 for highlights. No text, no letters, no background tile, no glow, no drop shadow, no 3D, no photorealism, no human faces or deity bodies/idols - deities shown only through their symbols. No diya/flame unless the subject is about lamp, aarti, havan or fire. Geometric, symmetric, crisp at 24px, consistent optical weight with the whole set. Avoid: text, letters, numbers, watermark, background square or tile, glossy glass, bevel, 3D render, photorealism, drop shadow, outer glow, gradient mesh noise, sketchy or hand-drawn lines, uneven stroke widths, human faces, deity bodies or idols, weapons shown violently, brand logos, clutter."
pitru-paksha,Pitru Paksha,Festivals,new,,pinda ball on a leaf under a waning crescent moon,"Design the ""Pitru Paksha"" icon for VaranasiPooja.com. Subject: pinda ball on a leaf under a waning crescent moon. Composition: one clear symbol, perfectly centred, balanced negative space, readable at 24px and 512px. Premium devotional icon, flat vector, single symbol centred on a 512x512 transparent artboard with 48px safe padding. Monoline style: 20px uniform stroke, round caps and joins, filled accents only where noted. Colour: gold gradient #F3D48A to #B08A4C for strokes, kumkum red #C0392B only for tilak/bindu/small accents, ivory #FFF8E8 for highlights. No text, no letters, no background tile, no glow, no drop shadow, no 3D, no photorealism, no human faces or deity bodies/idols - deities shown only through their symbols. No diya/flame unless the subject is about lamp, aarti, havan or fire. Geometric, symmetric, crisp at 24px, consistent optical weight with the whole set. Avoid: text, letters, numbers, watermark, background square or tile, glossy glass, bevel, 3D render, photorealism, drop shadow, outer glow, gradient mesh noise, sketchy or hand-drawn lines, uneven stroke widths, human faces, deity bodies or idols, weapons shown violently, brand logos, clutter."
group-booking,Group Booking,Booking,new,,three simple person outlines (no faces) with a calendar tag,"Design the ""Group Booking"" icon for VaranasiPooja.com. Subject: three simple person outlines (no faces) with a calendar tag. Composition: one clear symbol, perfectly centred, balanced negative space, readable at 24px and 512px. Premium devotional icon, flat vector, single symbol centred on a 512x512 transparent artboard with 48px safe padding. Monoline style: 20px uniform stroke, round caps and joins, filled accents only where noted. Colour: gold gradient #F3D48A to #B08A4C for strokes, kumkum red #C0392B only for tilak/bindu/small accents, ivory #FFF8E8 for highlights. No text, no letters, no background tile, no glow, no drop shadow, no 3D, no photorealism, no human faces or deity bodies/idols - deities shown only through their symbols. No diya/flame unless the subject is about lamp, aarti, havan or fire. Geometric, symmetric, crisp at 24px, consistent optical weight with the whole set. Avoid: text, letters, numbers, watermark, background square or tile, glossy glass, bevel, 3D render, photorealism, drop shadow, outer glow, gradient mesh noise, sketchy or hand-drawn lines, uneven stroke widths, human faces, deity bodies or idols, weapons shown violently, brand logos, clutter."
nri-online-booking,NRI Online Booking,Booking,new,,globe with a small temple pin on it,"Design the ""NRI Online Booking"" icon for VaranasiPooja.com. Subject: globe with a small temple pin on it. Composition: one clear symbol, perfectly centred, balanced negative space, readable at 24px and 512px. Premium devotional icon, flat vector, single symbol centred on a 512x512 transparent artboard with 48px safe padding. Monoline style: 20px uniform stroke, round caps and joins, filled accents only where noted. Colour: gold gradient #F3D48A to #B08A4C for strokes, kumkum red #C0392B only for tilak/bindu/small accents, ivory #FFF8E8 for highlights. No text, no letters, no background tile, no glow, no drop shadow, no 3D, no photorealism, no human faces or deity bodies/idols - deities shown only through their symbols. No diya/flame unless the subject is about lamp, aarti, havan or fire. Geometric, symmetric, crisp at 24px, consistent optical weight with the whole set. Avoid: text, letters, numbers, watermark, background square or tile, glossy glass, bevel, 3D render, photorealism, drop shadow, outer glow, gradient mesh noise, sketchy or hand-drawn lines, uneven stroke widths, human faces, deity bodies or idols, weapons shown violently, brand logos, clutter."
