section,audience,slug,name,used_in,draw,prompt
01-core-ui,Frontend + Backend,menu,Menu,"Mobile header, admin sidebar toggle","three horizontal lines, middle shorter","Icon ""Menu"" (menu). Meaning: Mobile header, admin sidebar toggle. Draw: three horizontal lines, middle shorter. Professional product UI icon, one consistent family. 24x24 grid, 2px live padding, 20x20 safe area, 1.75px stroke, round caps and joins, 2px corner radius. Duotone: primary outline #A97824 (antique gold), secondary flat fill #F1D592 at 100% placed only inside key shapes, max one accent #C0392B (kumkum red) for the meaning-carrying detail. Pixel-snapped, optically balanced, geometric, no gradients, no shadows, no texture, no text/letters unless specified. Must read clearly at 16px, 20px, 24px and 48px on cream #F3E9D6 and dark #0F0A06. Export a single clean SVG, viewBox 0 0 24 24, outlined strokes, no hidden layers. Avoid: emoji look, clip-art, cartoon faces, thin hairlines, 3D, glow, sparkles, halos, random dots, mixed stroke widths, filled blobs, illegible micro-detail, stock-icon clones."
01-core-ui,Frontend + Backend,close,Close,"Modals, drawers, chips",X made of two rounded strokes,"Icon ""Close"" (close). Meaning: Modals, drawers, chips. Draw: X made of two rounded strokes. Professional product UI icon, one consistent family. 24x24 grid, 2px live padding, 20x20 safe area, 1.75px stroke, round caps and joins, 2px corner radius. Duotone: primary outline #A97824 (antique gold), secondary flat fill #F1D592 at 100% placed only inside key shapes, max one accent #C0392B (kumkum red) for the meaning-carrying detail. Pixel-snapped, optically balanced, geometric, no gradients, no shadows, no texture, no text/letters unless specified. Must read clearly at 16px, 20px, 24px and 48px on cream #F3E9D6 and dark #0F0A06. Export a single clean SVG, viewBox 0 0 24 24, outlined strokes, no hidden layers. Avoid: emoji look, clip-art, cartoon faces, thin hairlines, 3D, glow, sparkles, halos, random dots, mixed stroke widths, filled blobs, illegible micro-detail, stock-icon clones."
01-core-ui,Frontend + Backend,search,Search,"Header search, admin tables","magnifier, lens filled light gold","Icon ""Search"" (search). Meaning: Header search, admin tables. Draw: magnifier, lens filled light gold. Professional product UI icon, one consistent family. 24x24 grid, 2px live padding, 20x20 safe area, 1.75px stroke, round caps and joins, 2px corner radius. Duotone: primary outline #A97824 (antique gold), secondary flat fill #F1D592 at 100% placed only inside key shapes, max one accent #C0392B (kumkum red) for the meaning-carrying detail. Pixel-snapped, optically balanced, geometric, no gradients, no shadows, no texture, no text/letters unless specified. Must read clearly at 16px, 20px, 24px and 48px on cream #F3E9D6 and dark #0F0A06. Export a single clean SVG, viewBox 0 0 24 24, outlined strokes, no hidden layers. Avoid: emoji look, clip-art, cartoon faces, thin hairlines, 3D, glow, sparkles, halos, random dots, mixed stroke widths, filled blobs, illegible micro-detail, stock-icon clones."
01-core-ui,Frontend + Backend,filter,Filter,"Service list, admin tables",funnel with fill inside cone,"Icon ""Filter"" (filter). Meaning: Service list, admin tables. Draw: funnel with fill inside cone. Professional product UI icon, one consistent family. 24x24 grid, 2px live padding, 20x20 safe area, 1.75px stroke, round caps and joins, 2px corner radius. Duotone: primary outline #A97824 (antique gold), secondary flat fill #F1D592 at 100% placed only inside key shapes, max one accent #C0392B (kumkum red) for the meaning-carrying detail. Pixel-snapped, optically balanced, geometric, no gradients, no shadows, no texture, no text/letters unless specified. Must read clearly at 16px, 20px, 24px and 48px on cream #F3E9D6 and dark #0F0A06. Export a single clean SVG, viewBox 0 0 24 24, outlined strokes, no hidden layers. Avoid: emoji look, clip-art, cartoon faces, thin hairlines, 3D, glow, sparkles, halos, random dots, mixed stroke widths, filled blobs, illegible micro-detail, stock-icon clones."
01-core-ui,Frontend + Backend,sort,Sort,"Tables, listings",up arrow and down arrow side by side,"Icon ""Sort"" (sort). Meaning: Tables, listings. Draw: up arrow and down arrow side by side. Professional product UI icon, one consistent family. 24x24 grid, 2px live padding, 20x20 safe area, 1.75px stroke, round caps and joins, 2px corner radius. Duotone: primary outline #A97824 (antique gold), secondary flat fill #F1D592 at 100% placed only inside key shapes, max one accent #C0392B (kumkum red) for the meaning-carrying detail. Pixel-snapped, optically balanced, geometric, no gradients, no shadows, no texture, no text/letters unless specified. Must read clearly at 16px, 20px, 24px and 48px on cream #F3E9D6 and dark #0F0A06. Export a single clean SVG, viewBox 0 0 24 24, outlined strokes, no hidden layers. Avoid: emoji look, clip-art, cartoon faces, thin hairlines, 3D, glow, sparkles, halos, random dots, mixed stroke widths, filled blobs, illegible micro-detail, stock-icon clones."
01-core-ui,Frontend + Backend,add,Add,Create booking/service/slot,plus inside rounded square,"Icon ""Add"" (add). Meaning: Create booking/service/slot. Draw: plus inside rounded square. Professional product UI icon, one consistent family. 24x24 grid, 2px live padding, 20x20 safe area, 1.75px stroke, round caps and joins, 2px corner radius. Duotone: primary outline #A97824 (antique gold), secondary flat fill #F1D592 at 100% placed only inside key shapes, max one accent #C0392B (kumkum red) for the meaning-carrying detail. Pixel-snapped, optically balanced, geometric, no gradients, no shadows, no texture, no text/letters unless specified. Must read clearly at 16px, 20px, 24px and 48px on cream #F3E9D6 and dark #0F0A06. Export a single clean SVG, viewBox 0 0 24 24, outlined strokes, no hidden layers. Avoid: emoji look, clip-art, cartoon faces, thin hairlines, 3D, glow, sparkles, halos, random dots, mixed stroke widths, filled blobs, illegible micro-detail, stock-icon clones."
01-core-ui,Frontend + Backend,edit,Edit,Edit any record,"pencil at 45deg, tip in red","Icon ""Edit"" (edit). Meaning: Edit any record. Draw: pencil at 45deg, tip in red. Professional product UI icon, one consistent family. 24x24 grid, 2px live padding, 20x20 safe area, 1.75px stroke, round caps and joins, 2px corner radius. Duotone: primary outline #A97824 (antique gold), secondary flat fill #F1D592 at 100% placed only inside key shapes, max one accent #C0392B (kumkum red) for the meaning-carrying detail. Pixel-snapped, optically balanced, geometric, no gradients, no shadows, no texture, no text/letters unless specified. Must read clearly at 16px, 20px, 24px and 48px on cream #F3E9D6 and dark #0F0A06. Export a single clean SVG, viewBox 0 0 24 24, outlined strokes, no hidden layers. Avoid: emoji look, clip-art, cartoon faces, thin hairlines, 3D, glow, sparkles, halos, random dots, mixed stroke widths, filled blobs, illegible micro-detail, stock-icon clones."
01-core-ui,Frontend + Backend,delete,Delete,Remove records,"trash bin with lid, two inner lines","Icon ""Delete"" (delete). Meaning: Remove records. Draw: trash bin with lid, two inner lines. Professional product UI icon, one consistent family. 24x24 grid, 2px live padding, 20x20 safe area, 1.75px stroke, round caps and joins, 2px corner radius. Duotone: primary outline #A97824 (antique gold), secondary flat fill #F1D592 at 100% placed only inside key shapes, max one accent #C0392B (kumkum red) for the meaning-carrying detail. Pixel-snapped, optically balanced, geometric, no gradients, no shadows, no texture, no text/letters unless specified. Must read clearly at 16px, 20px, 24px and 48px on cream #F3E9D6 and dark #0F0A06. Export a single clean SVG, viewBox 0 0 24 24, outlined strokes, no hidden layers. Avoid: emoji look, clip-art, cartoon faces, thin hairlines, 3D, glow, sparkles, halos, random dots, mixed stroke widths, filled blobs, illegible micro-detail, stock-icon clones."
01-core-ui,Frontend + Backend,save,Save,Forms,check mark inside a document with folded corner,"Icon ""Save"" (save). Meaning: Forms. Draw: check mark inside a document with folded corner. Professional product UI icon, one consistent family. 24x24 grid, 2px live padding, 20x20 safe area, 1.75px stroke, round caps and joins, 2px corner radius. Duotone: primary outline #A97824 (antique gold), secondary flat fill #F1D592 at 100% placed only inside key shapes, max one accent #C0392B (kumkum red) for the meaning-carrying detail. Pixel-snapped, optically balanced, geometric, no gradients, no shadows, no texture, no text/letters unless specified. Must read clearly at 16px, 20px, 24px and 48px on cream #F3E9D6 and dark #0F0A06. Export a single clean SVG, viewBox 0 0 24 24, outlined strokes, no hidden layers. Avoid: emoji look, clip-art, cartoon faces, thin hairlines, 3D, glow, sparkles, halos, random dots, mixed stroke widths, filled blobs, illegible micro-detail, stock-icon clones."
01-core-ui,Frontend + Backend,copy,Copy,Copy links/IDs,two overlapping rounded rectangles,"Icon ""Copy"" (copy). Meaning: Copy links/IDs. Draw: two overlapping rounded rectangles. Professional product UI icon, one consistent family. 24x24 grid, 2px live padding, 20x20 safe area, 1.75px stroke, round caps and joins, 2px corner radius. Duotone: primary outline #A97824 (antique gold), secondary flat fill #F1D592 at 100% placed only inside key shapes, max one accent #C0392B (kumkum red) for the meaning-carrying detail. Pixel-snapped, optically balanced, geometric, no gradients, no shadows, no texture, no text/letters unless specified. Must read clearly at 16px, 20px, 24px and 48px on cream #F3E9D6 and dark #0F0A06. Export a single clean SVG, viewBox 0 0 24 24, outlined strokes, no hidden layers. Avoid: emoji look, clip-art, cartoon faces, thin hairlines, 3D, glow, sparkles, halos, random dots, mixed stroke widths, filled blobs, illegible micro-detail, stock-icon clones."
01-core-ui,Frontend + Backend,share,Share,"Service pages, blog",three connected nodes,"Icon ""Share"" (share). Meaning: Service pages, blog. Draw: three connected nodes. Professional product UI icon, one consistent family. 24x24 grid, 2px live padding, 20x20 safe area, 1.75px stroke, round caps and joins, 2px corner radius. Duotone: primary outline #A97824 (antique gold), secondary flat fill #F1D592 at 100% placed only inside key shapes, max one accent #C0392B (kumkum red) for the meaning-carrying detail. Pixel-snapped, optically balanced, geometric, no gradients, no shadows, no texture, no text/letters unless specified. Must read clearly at 16px, 20px, 24px and 48px on cream #F3E9D6 and dark #0F0A06. Export a single clean SVG, viewBox 0 0 24 24, outlined strokes, no hidden layers. Avoid: emoji look, clip-art, cartoon faces, thin hairlines, 3D, glow, sparkles, halos, random dots, mixed stroke widths, filled blobs, illegible micro-detail, stock-icon clones."
01-core-ui,Frontend + Backend,download,Download,"Invoices, reports, recordings",arrow down into tray,"Icon ""Download"" (download). Meaning: Invoices, reports, recordings. Draw: arrow down into tray. Professional product UI icon, one consistent family. 24x24 grid, 2px live padding, 20x20 safe area, 1.75px stroke, round caps and joins, 2px corner radius. Duotone: primary outline #A97824 (antique gold), secondary flat fill #F1D592 at 100% placed only inside key shapes, max one accent #C0392B (kumkum red) for the meaning-carrying detail. Pixel-snapped, optically balanced, geometric, no gradients, no shadows, no texture, no text/letters unless specified. Must read clearly at 16px, 20px, 24px and 48px on cream #F3E9D6 and dark #0F0A06. Export a single clean SVG, viewBox 0 0 24 24, outlined strokes, no hidden layers. Avoid: emoji look, clip-art, cartoon faces, thin hairlines, 3D, glow, sparkles, halos, random dots, mixed stroke widths, filled blobs, illegible micro-detail, stock-icon clones."
01-core-ui,Frontend + Backend,upload,Upload,"Media, priest photo upload",arrow up out of tray,"Icon ""Upload"" (upload). Meaning: Media, priest photo upload. Draw: arrow up out of tray. Professional product UI icon, one consistent family. 24x24 grid, 2px live padding, 20x20 safe area, 1.75px stroke, round caps and joins, 2px corner radius. Duotone: primary outline #A97824 (antique gold), secondary flat fill #F1D592 at 100% placed only inside key shapes, max one accent #C0392B (kumkum red) for the meaning-carrying detail. Pixel-snapped, optically balanced, geometric, no gradients, no shadows, no texture, no text/letters unless specified. Must read clearly at 16px, 20px, 24px and 48px on cream #F3E9D6 and dark #0F0A06. Export a single clean SVG, viewBox 0 0 24 24, outlined strokes, no hidden layers. Avoid: emoji look, clip-art, cartoon faces, thin hairlines, 3D, glow, sparkles, halos, random dots, mixed stroke widths, filled blobs, illegible micro-detail, stock-icon clones."
01-core-ui,Frontend + Backend,print,Print,"Invoice, receipt",printer with paper,"Icon ""Print"" (print). Meaning: Invoice, receipt. Draw: printer with paper. Professional product UI icon, one consistent family. 24x24 grid, 2px live padding, 20x20 safe area, 1.75px stroke, round caps and joins, 2px corner radius. Duotone: primary outline #A97824 (antique gold), secondary flat fill #F1D592 at 100% placed only inside key shapes, max one accent #C0392B (kumkum red) for the meaning-carrying detail. Pixel-snapped, optically balanced, geometric, no gradients, no shadows, no texture, no text/letters unless specified. Must read clearly at 16px, 20px, 24px and 48px on cream #F3E9D6 and dark #0F0A06. Export a single clean SVG, viewBox 0 0 24 24, outlined strokes, no hidden layers. Avoid: emoji look, clip-art, cartoon faces, thin hairlines, 3D, glow, sparkles, halos, random dots, mixed stroke widths, filled blobs, illegible micro-detail, stock-icon clones."
01-core-ui,Frontend + Backend,refresh,Refresh,Reload data,circular arrow 300deg,"Icon ""Refresh"" (refresh). Meaning: Reload data. Draw: circular arrow 300deg. Professional product UI icon, one consistent family. 24x24 grid, 2px live padding, 20x20 safe area, 1.75px stroke, round caps and joins, 2px corner radius. Duotone: primary outline #A97824 (antique gold), secondary flat fill #F1D592 at 100% placed only inside key shapes, max one accent #C0392B (kumkum red) for the meaning-carrying detail. Pixel-snapped, optically balanced, geometric, no gradients, no shadows, no texture, no text/letters unless specified. Must read clearly at 16px, 20px, 24px and 48px on cream #F3E9D6 and dark #0F0A06. Export a single clean SVG, viewBox 0 0 24 24, outlined strokes, no hidden layers. Avoid: emoji look, clip-art, cartoon faces, thin hairlines, 3D, glow, sparkles, halos, random dots, mixed stroke widths, filled blobs, illegible micro-detail, stock-icon clones."
01-core-ui,Frontend + Backend,more-horizontal,More,Row actions,three dots horizontal,"Icon ""More"" (more-horizontal). Meaning: Row actions. Draw: three dots horizontal. Professional product UI icon, one consistent family. 24x24 grid, 2px live padding, 20x20 safe area, 1.75px stroke, round caps and joins, 2px corner radius. Duotone: primary outline #A97824 (antique gold), secondary flat fill #F1D592 at 100% placed only inside key shapes, max one accent #C0392B (kumkum red) for the meaning-carrying detail. Pixel-snapped, optically balanced, geometric, no gradients, no shadows, no texture, no text/letters unless specified. Must read clearly at 16px, 20px, 24px and 48px on cream #F3E9D6 and dark #0F0A06. Export a single clean SVG, viewBox 0 0 24 24, outlined strokes, no hidden layers. Avoid: emoji look, clip-art, cartoon faces, thin hairlines, 3D, glow, sparkles, halos, random dots, mixed stroke widths, filled blobs, illegible micro-detail, stock-icon clones."
01-core-ui,Frontend + Backend,more-vertical,More (vertical),Card menus,three dots vertical,"Icon ""More (vertical)"" (more-vertical). Meaning: Card menus. Draw: three dots vertical. Professional product UI icon, one consistent family. 24x24 grid, 2px live padding, 20x20 safe area, 1.75px stroke, round caps and joins, 2px corner radius. Duotone: primary outline #A97824 (antique gold), secondary flat fill #F1D592 at 100% placed only inside key shapes, max one accent #C0392B (kumkum red) for the meaning-carrying detail. Pixel-snapped, optically balanced, geometric, no gradients, no shadows, no texture, no text/letters unless specified. Must read clearly at 16px, 20px, 24px and 48px on cream #F3E9D6 and dark #0F0A06. Export a single clean SVG, viewBox 0 0 24 24, outlined strokes, no hidden layers. Avoid: emoji look, clip-art, cartoon faces, thin hairlines, 3D, glow, sparkles, halos, random dots, mixed stroke widths, filled blobs, illegible micro-detail, stock-icon clones."
01-core-ui,Frontend + Backend,chevron-left,Chevron left,"Sliders, back",left chevron,"Icon ""Chevron left"" (chevron-left). Meaning: Sliders, back. Draw: left chevron. Professional product UI icon, one consistent family. 24x24 grid, 2px live padding, 20x20 safe area, 1.75px stroke, round caps and joins, 2px corner radius. Duotone: primary outline #A97824 (antique gold), secondary flat fill #F1D592 at 100% placed only inside key shapes, max one accent #C0392B (kumkum red) for the meaning-carrying detail. Pixel-snapped, optically balanced, geometric, no gradients, no shadows, no texture, no text/letters unless specified. Must read clearly at 16px, 20px, 24px and 48px on cream #F3E9D6 and dark #0F0A06. Export a single clean SVG, viewBox 0 0 24 24, outlined strokes, no hidden layers. Avoid: emoji look, clip-art, cartoon faces, thin hairlines, 3D, glow, sparkles, halos, random dots, mixed stroke widths, filled blobs, illegible micro-detail, stock-icon clones."
01-core-ui,Frontend + Backend,chevron-right,Chevron right,"Sliders, links",right chevron,"Icon ""Chevron right"" (chevron-right). Meaning: Sliders, links. Draw: right chevron. Professional product UI icon, one consistent family. 24x24 grid, 2px live padding, 20x20 safe area, 1.75px stroke, round caps and joins, 2px corner radius. Duotone: primary outline #A97824 (antique gold), secondary flat fill #F1D592 at 100% placed only inside key shapes, max one accent #C0392B (kumkum red) for the meaning-carrying detail. Pixel-snapped, optically balanced, geometric, no gradients, no shadows, no texture, no text/letters unless specified. Must read clearly at 16px, 20px, 24px and 48px on cream #F3E9D6 and dark #0F0A06. Export a single clean SVG, viewBox 0 0 24 24, outlined strokes, no hidden layers. Avoid: emoji look, clip-art, cartoon faces, thin hairlines, 3D, glow, sparkles, halos, random dots, mixed stroke widths, filled blobs, illegible micro-detail, stock-icon clones."
01-core-ui,Frontend + Backend,chevron-up,Chevron up,Accordions,up chevron,"Icon ""Chevron up"" (chevron-up). Meaning: Accordions. Draw: up chevron. Professional product UI icon, one consistent family. 24x24 grid, 2px live padding, 20x20 safe area, 1.75px stroke, round caps and joins, 2px corner radius. Duotone: primary outline #A97824 (antique gold), secondary flat fill #F1D592 at 100% placed only inside key shapes, max one accent #C0392B (kumkum red) for the meaning-carrying detail. Pixel-snapped, optically balanced, geometric, no gradients, no shadows, no texture, no text/letters unless specified. Must read clearly at 16px, 20px, 24px and 48px on cream #F3E9D6 and dark #0F0A06. Export a single clean SVG, viewBox 0 0 24 24, outlined strokes, no hidden layers. Avoid: emoji look, clip-art, cartoon faces, thin hairlines, 3D, glow, sparkles, halos, random dots, mixed stroke widths, filled blobs, illegible micro-detail, stock-icon clones."
01-core-ui,Frontend + Backend,chevron-down,Chevron down,"Dropdowns, FAQ",down chevron,"Icon ""Chevron down"" (chevron-down). Meaning: Dropdowns, FAQ. Draw: down chevron. Professional product UI icon, one consistent family. 24x24 grid, 2px live padding, 20x20 safe area, 1.75px stroke, round caps and joins, 2px corner radius. Duotone: primary outline #A97824 (antique gold), secondary flat fill #F1D592 at 100% placed only inside key shapes, max one accent #C0392B (kumkum red) for the meaning-carrying detail. Pixel-snapped, optically balanced, geometric, no gradients, no shadows, no texture, no text/letters unless specified. Must read clearly at 16px, 20px, 24px and 48px on cream #F3E9D6 and dark #0F0A06. Export a single clean SVG, viewBox 0 0 24 24, outlined strokes, no hidden layers. Avoid: emoji look, clip-art, cartoon faces, thin hairlines, 3D, glow, sparkles, halos, random dots, mixed stroke widths, filled blobs, illegible micro-detail, stock-icon clones."
01-core-ui,Frontend + Backend,arrow-left,Arrow left,Back navigation,arrow with shaft left,"Icon ""Arrow left"" (arrow-left). Meaning: Back navigation. Draw: arrow with shaft left. Professional product UI icon, one consistent family. 24x24 grid, 2px live padding, 20x20 safe area, 1.75px stroke, round caps and joins, 2px corner radius. Duotone: primary outline #A97824 (antique gold), secondary flat fill #F1D592 at 100% placed only inside key shapes, max one accent #C0392B (kumkum red) for the meaning-carrying detail. Pixel-snapped, optically balanced, geometric, no gradients, no shadows, no texture, no text/letters unless specified. Must read clearly at 16px, 20px, 24px and 48px on cream #F3E9D6 and dark #0F0A06. Export a single clean SVG, viewBox 0 0 24 24, outlined strokes, no hidden layers. Avoid: emoji look, clip-art, cartoon faces, thin hairlines, 3D, glow, sparkles, halos, random dots, mixed stroke widths, filled blobs, illegible micro-detail, stock-icon clones."
01-core-ui,Frontend + Backend,arrow-right,Arrow right,CTA buttons,arrow with shaft right,"Icon ""Arrow right"" (arrow-right). Meaning: CTA buttons. Draw: arrow with shaft right. Professional product UI icon, one consistent family. 24x24 grid, 2px live padding, 20x20 safe area, 1.75px stroke, round caps and joins, 2px corner radius. Duotone: primary outline #A97824 (antique gold), secondary flat fill #F1D592 at 100% placed only inside key shapes, max one accent #C0392B (kumkum red) for the meaning-carrying detail. Pixel-snapped, optically balanced, geometric, no gradients, no shadows, no texture, no text/letters unless specified. Must read clearly at 16px, 20px, 24px and 48px on cream #F3E9D6 and dark #0F0A06. Export a single clean SVG, viewBox 0 0 24 24, outlined strokes, no hidden layers. Avoid: emoji look, clip-art, cartoon faces, thin hairlines, 3D, glow, sparkles, halos, random dots, mixed stroke widths, filled blobs, illegible micro-detail, stock-icon clones."
01-core-ui,Frontend + Backend,external-link,External link,Outbound links,arrow leaving a square corner,"Icon ""External link"" (external-link). Meaning: Outbound links. Draw: arrow leaving a square corner. Professional product UI icon, one consistent family. 24x24 grid, 2px live padding, 20x20 safe area, 1.75px stroke, round caps and joins, 2px corner radius. Duotone: primary outline #A97824 (antique gold), secondary flat fill #F1D592 at 100% placed only inside key shapes, max one accent #C0392B (kumkum red) for the meaning-carrying detail. Pixel-snapped, optically balanced, geometric, no gradients, no shadows, no texture, no text/letters unless specified. Must read clearly at 16px, 20px, 24px and 48px on cream #F3E9D6 and dark #0F0A06. Export a single clean SVG, viewBox 0 0 24 24, outlined strokes, no hidden layers. Avoid: emoji look, clip-art, cartoon faces, thin hairlines, 3D, glow, sparkles, halos, random dots, mixed stroke widths, filled blobs, illegible micro-detail, stock-icon clones."
01-core-ui,Frontend + Backend,link,Link,Copy URL,two chain links,"Icon ""Link"" (link). Meaning: Copy URL. Draw: two chain links. Professional product UI icon, one consistent family. 24x24 grid, 2px live padding, 20x20 safe area, 1.75px stroke, round caps and joins, 2px corner radius. Duotone: primary outline #A97824 (antique gold), secondary flat fill #F1D592 at 100% placed only inside key shapes, max one accent #C0392B (kumkum red) for the meaning-carrying detail. Pixel-snapped, optically balanced, geometric, no gradients, no shadows, no texture, no text/letters unless specified. Must read clearly at 16px, 20px, 24px and 48px on cream #F3E9D6 and dark #0F0A06. Export a single clean SVG, viewBox 0 0 24 24, outlined strokes, no hidden layers. Avoid: emoji look, clip-art, cartoon faces, thin hairlines, 3D, glow, sparkles, halos, random dots, mixed stroke widths, filled blobs, illegible micro-detail, stock-icon clones."
01-core-ui,Frontend + Backend,eye,Show,"Password, preview",eye with filled iris,"Icon ""Show"" (eye). Meaning: Password, preview. Draw: eye with filled iris. Professional product UI icon, one consistent family. 24x24 grid, 2px live padding, 20x20 safe area, 1.75px stroke, round caps and joins, 2px corner radius. Duotone: primary outline #A97824 (antique gold), secondary flat fill #F1D592 at 100% placed only inside key shapes, max one accent #C0392B (kumkum red) for the meaning-carrying detail. Pixel-snapped, optically balanced, geometric, no gradients, no shadows, no texture, no text/letters unless specified. Must read clearly at 16px, 20px, 24px and 48px on cream #F3E9D6 and dark #0F0A06. Export a single clean SVG, viewBox 0 0 24 24, outlined strokes, no hidden layers. Avoid: emoji look, clip-art, cartoon faces, thin hairlines, 3D, glow, sparkles, halos, random dots, mixed stroke widths, filled blobs, illegible micro-detail, stock-icon clones."
01-core-ui,Frontend + Backend,eye-off,Hide,Password,eye with diagonal slash,"Icon ""Hide"" (eye-off). Meaning: Password. Draw: eye with diagonal slash. Professional product UI icon, one consistent family. 24x24 grid, 2px live padding, 20x20 safe area, 1.75px stroke, round caps and joins, 2px corner radius. Duotone: primary outline #A97824 (antique gold), secondary flat fill #F1D592 at 100% placed only inside key shapes, max one accent #C0392B (kumkum red) for the meaning-carrying detail. Pixel-snapped, optically balanced, geometric, no gradients, no shadows, no texture, no text/letters unless specified. Must read clearly at 16px, 20px, 24px and 48px on cream #F3E9D6 and dark #0F0A06. Export a single clean SVG, viewBox 0 0 24 24, outlined strokes, no hidden layers. Avoid: emoji look, clip-art, cartoon faces, thin hairlines, 3D, glow, sparkles, halos, random dots, mixed stroke widths, filled blobs, illegible micro-detail, stock-icon clones."
01-core-ui,Frontend + Backend,lock,Lock,"Secure payment, locked slot","padlock closed, body filled","Icon ""Lock"" (lock). Meaning: Secure payment, locked slot. Draw: padlock closed, body filled. Professional product UI icon, one consistent family. 24x24 grid, 2px live padding, 20x20 safe area, 1.75px stroke, round caps and joins, 2px corner radius. Duotone: primary outline #A97824 (antique gold), secondary flat fill #F1D592 at 100% placed only inside key shapes, max one accent #C0392B (kumkum red) for the meaning-carrying detail. Pixel-snapped, optically balanced, geometric, no gradients, no shadows, no texture, no text/letters unless specified. Must read clearly at 16px, 20px, 24px and 48px on cream #F3E9D6 and dark #0F0A06. Export a single clean SVG, viewBox 0 0 24 24, outlined strokes, no hidden layers. Avoid: emoji look, clip-art, cartoon faces, thin hairlines, 3D, glow, sparkles, halos, random dots, mixed stroke widths, filled blobs, illegible micro-detail, stock-icon clones."
01-core-ui,Frontend + Backend,unlock,Unlock,Released slot,padlock open shackle,"Icon ""Unlock"" (unlock). Meaning: Released slot. Draw: padlock open shackle. Professional product UI icon, one consistent family. 24x24 grid, 2px live padding, 20x20 safe area, 1.75px stroke, round caps and joins, 2px corner radius. Duotone: primary outline #A97824 (antique gold), secondary flat fill #F1D592 at 100% placed only inside key shapes, max one accent #C0392B (kumkum red) for the meaning-carrying detail. Pixel-snapped, optically balanced, geometric, no gradients, no shadows, no texture, no text/letters unless specified. Must read clearly at 16px, 20px, 24px and 48px on cream #F3E9D6 and dark #0F0A06. Export a single clean SVG, viewBox 0 0 24 24, outlined strokes, no hidden layers. Avoid: emoji look, clip-art, cartoon faces, thin hairlines, 3D, glow, sparkles, halos, random dots, mixed stroke widths, filled blobs, illegible micro-detail, stock-icon clones."
01-core-ui,Frontend + Backend,settings,Settings,"Account, admin","gear with 8 teeth, centre hole","Icon ""Settings"" (settings). Meaning: Account, admin. Draw: gear with 8 teeth, centre hole. Professional product UI icon, one consistent family. 24x24 grid, 2px live padding, 20x20 safe area, 1.75px stroke, round caps and joins, 2px corner radius. Duotone: primary outline #A97824 (antique gold), secondary flat fill #F1D592 at 100% placed only inside key shapes, max one accent #C0392B (kumkum red) for the meaning-carrying detail. Pixel-snapped, optically balanced, geometric, no gradients, no shadows, no texture, no text/letters unless specified. Must read clearly at 16px, 20px, 24px and 48px on cream #F3E9D6 and dark #0F0A06. Export a single clean SVG, viewBox 0 0 24 24, outlined strokes, no hidden layers. Avoid: emoji look, clip-art, cartoon faces, thin hairlines, 3D, glow, sparkles, halos, random dots, mixed stroke widths, filled blobs, illegible micro-detail, stock-icon clones."
01-core-ui,Frontend + Backend,help,Help,"Help centre, tooltips",question mark in circle,"Icon ""Help"" (help). Meaning: Help centre, tooltips. Draw: question mark in circle. Professional product UI icon, one consistent family. 24x24 grid, 2px live padding, 20x20 safe area, 1.75px stroke, round caps and joins, 2px corner radius. Duotone: primary outline #A97824 (antique gold), secondary flat fill #F1D592 at 100% placed only inside key shapes, max one accent #C0392B (kumkum red) for the meaning-carrying detail. Pixel-snapped, optically balanced, geometric, no gradients, no shadows, no texture, no text/letters unless specified. Must read clearly at 16px, 20px, 24px and 48px on cream #F3E9D6 and dark #0F0A06. Export a single clean SVG, viewBox 0 0 24 24, outlined strokes, no hidden layers. Avoid: emoji look, clip-art, cartoon faces, thin hairlines, 3D, glow, sparkles, halos, random dots, mixed stroke widths, filled blobs, illegible micro-detail, stock-icon clones."
01-core-ui,Frontend + Backend,info,Info,"Notes, hints",letter i in circle,"Icon ""Info"" (info). Meaning: Notes, hints. Draw: letter i in circle. Professional product UI icon, one consistent family. 24x24 grid, 2px live padding, 20x20 safe area, 1.75px stroke, round caps and joins, 2px corner radius. Duotone: primary outline #A97824 (antique gold), secondary flat fill #F1D592 at 100% placed only inside key shapes, max one accent #C0392B (kumkum red) for the meaning-carrying detail. Pixel-snapped, optically balanced, geometric, no gradients, no shadows, no texture, no text/letters unless specified. Must read clearly at 16px, 20px, 24px and 48px on cream #F3E9D6 and dark #0F0A06. Export a single clean SVG, viewBox 0 0 24 24, outlined strokes, no hidden layers. Avoid: emoji look, clip-art, cartoon faces, thin hairlines, 3D, glow, sparkles, halos, random dots, mixed stroke widths, filled blobs, illegible micro-detail, stock-icon clones."
01-core-ui,Frontend + Backend,home,Home,"Breadcrumb, nav",house with door filled,"Icon ""Home"" (home). Meaning: Breadcrumb, nav. Draw: house with door filled. Professional product UI icon, one consistent family. 24x24 grid, 2px live padding, 20x20 safe area, 1.75px stroke, round caps and joins, 2px corner radius. Duotone: primary outline #A97824 (antique gold), secondary flat fill #F1D592 at 100% placed only inside key shapes, max one accent #C0392B (kumkum red) for the meaning-carrying detail. Pixel-snapped, optically balanced, geometric, no gradients, no shadows, no texture, no text/letters unless specified. Must read clearly at 16px, 20px, 24px and 48px on cream #F3E9D6 and dark #0F0A06. Export a single clean SVG, viewBox 0 0 24 24, outlined strokes, no hidden layers. Avoid: emoji look, clip-art, cartoon faces, thin hairlines, 3D, glow, sparkles, halos, random dots, mixed stroke widths, filled blobs, illegible micro-detail, stock-icon clones."
01-core-ui,Frontend + Backend,grid-view,Grid view,Listings toggle,2x2 rounded squares,"Icon ""Grid view"" (grid-view). Meaning: Listings toggle. Draw: 2x2 rounded squares. Professional product UI icon, one consistent family. 24x24 grid, 2px live padding, 20x20 safe area, 1.75px stroke, round caps and joins, 2px corner radius. Duotone: primary outline #A97824 (antique gold), secondary flat fill #F1D592 at 100% placed only inside key shapes, max one accent #C0392B (kumkum red) for the meaning-carrying detail. Pixel-snapped, optically balanced, geometric, no gradients, no shadows, no texture, no text/letters unless specified. Must read clearly at 16px, 20px, 24px and 48px on cream #F3E9D6 and dark #0F0A06. Export a single clean SVG, viewBox 0 0 24 24, outlined strokes, no hidden layers. Avoid: emoji look, clip-art, cartoon faces, thin hairlines, 3D, glow, sparkles, halos, random dots, mixed stroke widths, filled blobs, illegible micro-detail, stock-icon clones."
01-core-ui,Frontend + Backend,list-view,List view,Listings toggle,three bullets with lines,"Icon ""List view"" (list-view). Meaning: Listings toggle. Draw: three bullets with lines. Professional product UI icon, one consistent family. 24x24 grid, 2px live padding, 20x20 safe area, 1.75px stroke, round caps and joins, 2px corner radius. Duotone: primary outline #A97824 (antique gold), secondary flat fill #F1D592 at 100% placed only inside key shapes, max one accent #C0392B (kumkum red) for the meaning-carrying detail. Pixel-snapped, optically balanced, geometric, no gradients, no shadows, no texture, no text/letters unless specified. Must read clearly at 16px, 20px, 24px and 48px on cream #F3E9D6 and dark #0F0A06. Export a single clean SVG, viewBox 0 0 24 24, outlined strokes, no hidden layers. Avoid: emoji look, clip-art, cartoon faces, thin hairlines, 3D, glow, sparkles, halos, random dots, mixed stroke widths, filled blobs, illegible micro-detail, stock-icon clones."
01-core-ui,Frontend + Backend,fullscreen,Fullscreen,"Video, gallery",four corner brackets outward,"Icon ""Fullscreen"" (fullscreen). Meaning: Video, gallery. Draw: four corner brackets outward. Professional product UI icon, one consistent family. 24x24 grid, 2px live padding, 20x20 safe area, 1.75px stroke, round caps and joins, 2px corner radius. Duotone: primary outline #A97824 (antique gold), secondary flat fill #F1D592 at 100% placed only inside key shapes, max one accent #C0392B (kumkum red) for the meaning-carrying detail. Pixel-snapped, optically balanced, geometric, no gradients, no shadows, no texture, no text/letters unless specified. Must read clearly at 16px, 20px, 24px and 48px on cream #F3E9D6 and dark #0F0A06. Export a single clean SVG, viewBox 0 0 24 24, outlined strokes, no hidden layers. Avoid: emoji look, clip-art, cartoon faces, thin hairlines, 3D, glow, sparkles, halos, random dots, mixed stroke widths, filled blobs, illegible micro-detail, stock-icon clones."
01-core-ui,Frontend + Backend,language,Language,Hindi/English switch,"globe with meridian, small 'अ' allowed","Icon ""Language"" (language). Meaning: Hindi/English switch. Draw: globe with meridian, small 'अ' allowed. Professional product UI icon, one consistent family. 24x24 grid, 2px live padding, 20x20 safe area, 1.75px stroke, round caps and joins, 2px corner radius. Duotone: primary outline #A97824 (antique gold), secondary flat fill #F1D592 at 100% placed only inside key shapes, max one accent #C0392B (kumkum red) for the meaning-carrying detail. Pixel-snapped, optically balanced, geometric, no gradients, no shadows, no texture, no text/letters unless specified. Must read clearly at 16px, 20px, 24px and 48px on cream #F3E9D6 and dark #0F0A06. Export a single clean SVG, viewBox 0 0 24 24, outlined strokes, no hidden layers. Avoid: emoji look, clip-art, cartoon faces, thin hairlines, 3D, glow, sparkles, halos, random dots, mixed stroke widths, filled blobs, illegible micro-detail, stock-icon clones."
01-core-ui,Frontend + Backend,dark-mode,Dark mode,Theme toggle,crescent moon,"Icon ""Dark mode"" (dark-mode). Meaning: Theme toggle. Draw: crescent moon. Professional product UI icon, one consistent family. 24x24 grid, 2px live padding, 20x20 safe area, 1.75px stroke, round caps and joins, 2px corner radius. Duotone: primary outline #A97824 (antique gold), secondary flat fill #F1D592 at 100% placed only inside key shapes, max one accent #C0392B (kumkum red) for the meaning-carrying detail. Pixel-snapped, optically balanced, geometric, no gradients, no shadows, no texture, no text/letters unless specified. Must read clearly at 16px, 20px, 24px and 48px on cream #F3E9D6 and dark #0F0A06. Export a single clean SVG, viewBox 0 0 24 24, outlined strokes, no hidden layers. Avoid: emoji look, clip-art, cartoon faces, thin hairlines, 3D, glow, sparkles, halos, random dots, mixed stroke widths, filled blobs, illegible micro-detail, stock-icon clones."
01-core-ui,Frontend + Backend,light-mode,Light mode,Theme toggle,sun with 8 short rays,"Icon ""Light mode"" (light-mode). Meaning: Theme toggle. Draw: sun with 8 short rays. Professional product UI icon, one consistent family. 24x24 grid, 2px live padding, 20x20 safe area, 1.75px stroke, round caps and joins, 2px corner radius. Duotone: primary outline #A97824 (antique gold), secondary flat fill #F1D592 at 100% placed only inside key shapes, max one accent #C0392B (kumkum red) for the meaning-carrying detail. Pixel-snapped, optically balanced, geometric, no gradients, no shadows, no texture, no text/letters unless specified. Must read clearly at 16px, 20px, 24px and 48px on cream #F3E9D6 and dark #0F0A06. Export a single clean SVG, viewBox 0 0 24 24, outlined strokes, no hidden layers. Avoid: emoji look, clip-art, cartoon faces, thin hairlines, 3D, glow, sparkles, halos, random dots, mixed stroke widths, filled blobs, illegible micro-detail, stock-icon clones."
01-core-ui,Frontend + Backend,drag-handle,Drag,Reorder lists,six dots 2x3,"Icon ""Drag"" (drag-handle). Meaning: Reorder lists. Draw: six dots 2x3. Professional product UI icon, one consistent family. 24x24 grid, 2px live padding, 20x20 safe area, 1.75px stroke, round caps and joins, 2px corner radius. Duotone: primary outline #A97824 (antique gold), secondary flat fill #F1D592 at 100% placed only inside key shapes, max one accent #C0392B (kumkum red) for the meaning-carrying detail. Pixel-snapped, optically balanced, geometric, no gradients, no shadows, no texture, no text/letters unless specified. Must read clearly at 16px, 20px, 24px and 48px on cream #F3E9D6 and dark #0F0A06. Export a single clean SVG, viewBox 0 0 24 24, outlined strokes, no hidden layers. Avoid: emoji look, clip-art, cartoon faces, thin hairlines, 3D, glow, sparkles, halos, random dots, mixed stroke widths, filled blobs, illegible micro-detail, stock-icon clones."
02-navigation-header-footer,Frontend,phone-call,Call Now,"Header CTA, footer",phone handset with two signal arcs,"Icon ""Call Now"" (phone-call). Meaning: Header CTA, footer. Draw: phone handset with two signal arcs. Professional product UI icon, one consistent family. 24x24 grid, 2px live padding, 20x20 safe area, 1.75px stroke, round caps and joins, 2px corner radius. Duotone: primary outline #A97824 (antique gold), secondary flat fill #F1D592 at 100% placed only inside key shapes, max one accent #C0392B (kumkum red) for the meaning-carrying detail. Pixel-snapped, optically balanced, geometric, no gradients, no shadows, no texture, no text/letters unless specified. Must read clearly at 16px, 20px, 24px and 48px on cream #F3E9D6 and dark #0F0A06. Export a single clean SVG, viewBox 0 0 24 24, outlined strokes, no hidden layers. Avoid: emoji look, clip-art, cartoon faces, thin hairlines, 3D, glow, sparkles, halos, random dots, mixed stroke widths, filled blobs, illegible micro-detail, stock-icon clones."
02-navigation-header-footer,Frontend,whatsapp,WhatsApp,Booking CTA,"speech bubble with handset (brand-safe, not the logo)","Icon ""WhatsApp"" (whatsapp). Meaning: Booking CTA. Draw: speech bubble with handset (brand-safe, not the logo). Professional product UI icon, one consistent family. 24x24 grid, 2px live padding, 20x20 safe area, 1.75px stroke, round caps and joins, 2px corner radius. Duotone: primary outline #A97824 (antique gold), secondary flat fill #F1D592 at 100% placed only inside key shapes, max one accent #C0392B (kumkum red) for the meaning-carrying detail. Pixel-snapped, optically balanced, geometric, no gradients, no shadows, no texture, no text/letters unless specified. Must read clearly at 16px, 20px, 24px and 48px on cream #F3E9D6 and dark #0F0A06. Export a single clean SVG, viewBox 0 0 24 24, outlined strokes, no hidden layers. Avoid: emoji look, clip-art, cartoon faces, thin hairlines, 3D, glow, sparkles, halos, random dots, mixed stroke widths, filled blobs, illegible micro-detail, stock-icon clones."
02-navigation-header-footer,Frontend,email,Email,"Footer, contact",envelope with flap filled,"Icon ""Email"" (email). Meaning: Footer, contact. Draw: envelope with flap filled. Professional product UI icon, one consistent family. 24x24 grid, 2px live padding, 20x20 safe area, 1.75px stroke, round caps and joins, 2px corner radius. Duotone: primary outline #A97824 (antique gold), secondary flat fill #F1D592 at 100% placed only inside key shapes, max one accent #C0392B (kumkum red) for the meaning-carrying detail. Pixel-snapped, optically balanced, geometric, no gradients, no shadows, no texture, no text/letters unless specified. Must read clearly at 16px, 20px, 24px and 48px on cream #F3E9D6 and dark #0F0A06. Export a single clean SVG, viewBox 0 0 24 24, outlined strokes, no hidden layers. Avoid: emoji look, clip-art, cartoon faces, thin hairlines, 3D, glow, sparkles, halos, random dots, mixed stroke widths, filled blobs, illegible micro-detail, stock-icon clones."
02-navigation-header-footer,Frontend,location-pin,Location,Ghat/temple address,map pin with filled centre,"Icon ""Location"" (location-pin). Meaning: Ghat/temple address. Draw: map pin with filled centre. Professional product UI icon, one consistent family. 24x24 grid, 2px live padding, 20x20 safe area, 1.75px stroke, round caps and joins, 2px corner radius. Duotone: primary outline #A97824 (antique gold), secondary flat fill #F1D592 at 100% placed only inside key shapes, max one accent #C0392B (kumkum red) for the meaning-carrying detail. Pixel-snapped, optically balanced, geometric, no gradients, no shadows, no texture, no text/letters unless specified. Must read clearly at 16px, 20px, 24px and 48px on cream #F3E9D6 and dark #0F0A06. Export a single clean SVG, viewBox 0 0 24 24, outlined strokes, no hidden layers. Avoid: emoji look, clip-art, cartoon faces, thin hairlines, 3D, glow, sparkles, halos, random dots, mixed stroke widths, filled blobs, illegible micro-detail, stock-icon clones."
02-navigation-header-footer,Frontend,map,Map,Directions,folded map with route dot in red,"Icon ""Map"" (map). Meaning: Directions. Draw: folded map with route dot in red. Professional product UI icon, one consistent family. 24x24 grid, 2px live padding, 20x20 safe area, 1.75px stroke, round caps and joins, 2px corner radius. Duotone: primary outline #A97824 (antique gold), secondary flat fill #F1D592 at 100% placed only inside key shapes, max one accent #C0392B (kumkum red) for the meaning-carrying detail. Pixel-snapped, optically balanced, geometric, no gradients, no shadows, no texture, no text/letters unless specified. Must read clearly at 16px, 20px, 24px and 48px on cream #F3E9D6 and dark #0F0A06. Export a single clean SVG, viewBox 0 0 24 24, outlined strokes, no hidden layers. Avoid: emoji look, clip-art, cartoon faces, thin hairlines, 3D, glow, sparkles, halos, random dots, mixed stroke widths, filled blobs, illegible micro-detail, stock-icon clones."
02-navigation-header-footer,Frontend,clock-hours,Working hours,Footer,clock at 10:10,"Icon ""Working hours"" (clock-hours). Meaning: Footer. Draw: clock at 10:10. Professional product UI icon, one consistent family. 24x24 grid, 2px live padding, 20x20 safe area, 1.75px stroke, round caps and joins, 2px corner radius. Duotone: primary outline #A97824 (antique gold), secondary flat fill #F1D592 at 100% placed only inside key shapes, max one accent #C0392B (kumkum red) for the meaning-carrying detail. Pixel-snapped, optically balanced, geometric, no gradients, no shadows, no texture, no text/letters unless specified. Must read clearly at 16px, 20px, 24px and 48px on cream #F3E9D6 and dark #0F0A06. Export a single clean SVG, viewBox 0 0 24 24, outlined strokes, no hidden layers. Avoid: emoji look, clip-art, cartoon faces, thin hairlines, 3D, glow, sparkles, halos, random dots, mixed stroke widths, filled blobs, illegible micro-detail, stock-icon clones."
02-navigation-header-footer,Frontend,user-account,My Account,Header,person bust in circle,"Icon ""My Account"" (user-account). Meaning: Header. Draw: person bust in circle. Professional product UI icon, one consistent family. 24x24 grid, 2px live padding, 20x20 safe area, 1.75px stroke, round caps and joins, 2px corner radius. Duotone: primary outline #A97824 (antique gold), secondary flat fill #F1D592 at 100% placed only inside key shapes, max one accent #C0392B (kumkum red) for the meaning-carrying detail. Pixel-snapped, optically balanced, geometric, no gradients, no shadows, no texture, no text/letters unless specified. Must read clearly at 16px, 20px, 24px and 48px on cream #F3E9D6 and dark #0F0A06. Export a single clean SVG, viewBox 0 0 24 24, outlined strokes, no hidden layers. Avoid: emoji look, clip-art, cartoon faces, thin hairlines, 3D, glow, sparkles, halos, random dots, mixed stroke widths, filled blobs, illegible micro-detail, stock-icon clones."
02-navigation-header-footer,Frontend,cart,Cart,"Header, checkout",shopping cart with two wheels,"Icon ""Cart"" (cart). Meaning: Header, checkout. Draw: shopping cart with two wheels. Professional product UI icon, one consistent family. 24x24 grid, 2px live padding, 20x20 safe area, 1.75px stroke, round caps and joins, 2px corner radius. Duotone: primary outline #A97824 (antique gold), secondary flat fill #F1D592 at 100% placed only inside key shapes, max one accent #C0392B (kumkum red) for the meaning-carrying detail. Pixel-snapped, optically balanced, geometric, no gradients, no shadows, no texture, no text/letters unless specified. Must read clearly at 16px, 20px, 24px and 48px on cream #F3E9D6 and dark #0F0A06. Export a single clean SVG, viewBox 0 0 24 24, outlined strokes, no hidden layers. Avoid: emoji look, clip-art, cartoon faces, thin hairlines, 3D, glow, sparkles, halos, random dots, mixed stroke widths, filled blobs, illegible micro-detail, stock-icon clones."
02-navigation-header-footer,Frontend,book-now,Book Now,Primary CTA,"calendar with check mark, check in red","Icon ""Book Now"" (book-now). Meaning: Primary CTA. Draw: calendar with check mark, check in red. Professional product UI icon, one consistent family. 24x24 grid, 2px live padding, 20x20 safe area, 1.75px stroke, round caps and joins, 2px corner radius. Duotone: primary outline #A97824 (antique gold), secondary flat fill #F1D592 at 100% placed only inside key shapes, max one accent #C0392B (kumkum red) for the meaning-carrying detail. Pixel-snapped, optically balanced, geometric, no gradients, no shadows, no texture, no text/letters unless specified. Must read clearly at 16px, 20px, 24px and 48px on cream #F3E9D6 and dark #0F0A06. Export a single clean SVG, viewBox 0 0 24 24, outlined strokes, no hidden layers. Avoid: emoji look, clip-art, cartoon faces, thin hairlines, 3D, glow, sparkles, halos, random dots, mixed stroke widths, filled blobs, illegible micro-detail, stock-icon clones."
02-navigation-header-footer,Frontend,gift-puja,Gift a Puja,Mega menu,gift box with diya on top,"Icon ""Gift a Puja"" (gift-puja). Meaning: Mega menu. Draw: gift box with diya on top. Professional product UI icon, one consistent family. 24x24 grid, 2px live padding, 20x20 safe area, 1.75px stroke, round caps and joins, 2px corner radius. Duotone: primary outline #A97824 (antique gold), secondary flat fill #F1D592 at 100% placed only inside key shapes, max one accent #C0392B (kumkum red) for the meaning-carrying detail. Pixel-snapped, optically balanced, geometric, no gradients, no shadows, no texture, no text/letters unless specified. Must read clearly at 16px, 20px, 24px and 48px on cream #F3E9D6 and dark #0F0A06. Export a single clean SVG, viewBox 0 0 24 24, outlined strokes, no hidden layers. Avoid: emoji look, clip-art, cartoon faces, thin hairlines, 3D, glow, sparkles, halos, random dots, mixed stroke widths, filled blobs, illegible micro-detail, stock-icon clones."
02-navigation-header-footer,Frontend,blog,Blog,Mega menu,open book with bookmark,"Icon ""Blog"" (blog). Meaning: Mega menu. Draw: open book with bookmark. Professional product UI icon, one consistent family. 24x24 grid, 2px live padding, 20x20 safe area, 1.75px stroke, round caps and joins, 2px corner radius. Duotone: primary outline #A97824 (antique gold), secondary flat fill #F1D592 at 100% placed only inside key shapes, max one accent #C0392B (kumkum red) for the meaning-carrying detail. Pixel-snapped, optically balanced, geometric, no gradients, no shadows, no texture, no text/letters unless specified. Must read clearly at 16px, 20px, 24px and 48px on cream #F3E9D6 and dark #0F0A06. Export a single clean SVG, viewBox 0 0 24 24, outlined strokes, no hidden layers. Avoid: emoji look, clip-art, cartoon faces, thin hairlines, 3D, glow, sparkles, halos, random dots, mixed stroke widths, filled blobs, illegible micro-detail, stock-icon clones."
02-navigation-header-footer,Frontend,gallery,Gallery,Mega menu,photo frame with mountain and sun,"Icon ""Gallery"" (gallery). Meaning: Mega menu. Draw: photo frame with mountain and sun. Professional product UI icon, one consistent family. 24x24 grid, 2px live padding, 20x20 safe area, 1.75px stroke, round caps and joins, 2px corner radius. Duotone: primary outline #A97824 (antique gold), secondary flat fill #F1D592 at 100% placed only inside key shapes, max one accent #C0392B (kumkum red) for the meaning-carrying detail. Pixel-snapped, optically balanced, geometric, no gradients, no shadows, no texture, no text/letters unless specified. Must read clearly at 16px, 20px, 24px and 48px on cream #F3E9D6 and dark #0F0A06. Export a single clean SVG, viewBox 0 0 24 24, outlined strokes, no hidden layers. Avoid: emoji look, clip-art, cartoon faces, thin hairlines, 3D, glow, sparkles, halos, random dots, mixed stroke widths, filled blobs, illegible micro-detail, stock-icon clones."
02-navigation-header-footer,Frontend,video,Videos,Mega menu,play triangle in rounded rectangle,"Icon ""Videos"" (video). Meaning: Mega menu. Draw: play triangle in rounded rectangle. Professional product UI icon, one consistent family. 24x24 grid, 2px live padding, 20x20 safe area, 1.75px stroke, round caps and joins, 2px corner radius. Duotone: primary outline #A97824 (antique gold), secondary flat fill #F1D592 at 100% placed only inside key shapes, max one accent #C0392B (kumkum red) for the meaning-carrying detail. Pixel-snapped, optically balanced, geometric, no gradients, no shadows, no texture, no text/letters unless specified. Must read clearly at 16px, 20px, 24px and 48px on cream #F3E9D6 and dark #0F0A06. Export a single clean SVG, viewBox 0 0 24 24, outlined strokes, no hidden layers. Avoid: emoji look, clip-art, cartoon faces, thin hairlines, 3D, glow, sparkles, halos, random dots, mixed stroke widths, filled blobs, illegible micro-detail, stock-icon clones."
02-navigation-header-footer,Frontend,about-trust,About Trust,Footer,shield with lotus,"Icon ""About Trust"" (about-trust). Meaning: Footer. Draw: shield with lotus. Professional product UI icon, one consistent family. 24x24 grid, 2px live padding, 20x20 safe area, 1.75px stroke, round caps and joins, 2px corner radius. Duotone: primary outline #A97824 (antique gold), secondary flat fill #F1D592 at 100% placed only inside key shapes, max one accent #C0392B (kumkum red) for the meaning-carrying detail. Pixel-snapped, optically balanced, geometric, no gradients, no shadows, no texture, no text/letters unless specified. Must read clearly at 16px, 20px, 24px and 48px on cream #F3E9D6 and dark #0F0A06. Export a single clean SVG, viewBox 0 0 24 24, outlined strokes, no hidden layers. Avoid: emoji look, clip-art, cartoon faces, thin hairlines, 3D, glow, sparkles, halos, random dots, mixed stroke widths, filled blobs, illegible micro-detail, stock-icon clones."
02-navigation-header-footer,Frontend,faq,FAQ,Help centre,two speech bubbles with ? and !,"Icon ""FAQ"" (faq). Meaning: Help centre. Draw: two speech bubbles with ? and !. Professional product UI icon, one consistent family. 24x24 grid, 2px live padding, 20x20 safe area, 1.75px stroke, round caps and joins, 2px corner radius. Duotone: primary outline #A97824 (antique gold), secondary flat fill #F1D592 at 100% placed only inside key shapes, max one accent #C0392B (kumkum red) for the meaning-carrying detail. Pixel-snapped, optically balanced, geometric, no gradients, no shadows, no texture, no text/letters unless specified. Must read clearly at 16px, 20px, 24px and 48px on cream #F3E9D6 and dark #0F0A06. Export a single clean SVG, viewBox 0 0 24 24, outlined strokes, no hidden layers. Avoid: emoji look, clip-art, cartoon faces, thin hairlines, 3D, glow, sparkles, halos, random dots, mixed stroke widths, filled blobs, illegible micro-detail, stock-icon clones."
02-navigation-header-footer,Frontend,social-youtube,YouTube,Footer,rounded rectangle with play (generic),"Icon ""YouTube"" (social-youtube). Meaning: Footer. Draw: rounded rectangle with play (generic). Professional product UI icon, one consistent family. 24x24 grid, 2px live padding, 20x20 safe area, 1.75px stroke, round caps and joins, 2px corner radius. Duotone: primary outline #A97824 (antique gold), secondary flat fill #F1D592 at 100% placed only inside key shapes, max one accent #C0392B (kumkum red) for the meaning-carrying detail. Pixel-snapped, optically balanced, geometric, no gradients, no shadows, no texture, no text/letters unless specified. Must read clearly at 16px, 20px, 24px and 48px on cream #F3E9D6 and dark #0F0A06. Export a single clean SVG, viewBox 0 0 24 24, outlined strokes, no hidden layers. Avoid: emoji look, clip-art, cartoon faces, thin hairlines, 3D, glow, sparkles, halos, random dots, mixed stroke widths, filled blobs, illegible micro-detail, stock-icon clones."
02-navigation-header-footer,Frontend,social-instagram,Instagram,Footer,rounded square camera (generic),"Icon ""Instagram"" (social-instagram). Meaning: Footer. Draw: rounded square camera (generic). Professional product UI icon, one consistent family. 24x24 grid, 2px live padding, 20x20 safe area, 1.75px stroke, round caps and joins, 2px corner radius. Duotone: primary outline #A97824 (antique gold), secondary flat fill #F1D592 at 100% placed only inside key shapes, max one accent #C0392B (kumkum red) for the meaning-carrying detail. Pixel-snapped, optically balanced, geometric, no gradients, no shadows, no texture, no text/letters unless specified. Must read clearly at 16px, 20px, 24px and 48px on cream #F3E9D6 and dark #0F0A06. Export a single clean SVG, viewBox 0 0 24 24, outlined strokes, no hidden layers. Avoid: emoji look, clip-art, cartoon faces, thin hairlines, 3D, glow, sparkles, halos, random dots, mixed stroke widths, filled blobs, illegible micro-detail, stock-icon clones."
02-navigation-header-footer,Frontend,social-facebook,Facebook,Footer,rounded square with f,"Icon ""Facebook"" (social-facebook). Meaning: Footer. Draw: rounded square with f. Professional product UI icon, one consistent family. 24x24 grid, 2px live padding, 20x20 safe area, 1.75px stroke, round caps and joins, 2px corner radius. Duotone: primary outline #A97824 (antique gold), secondary flat fill #F1D592 at 100% placed only inside key shapes, max one accent #C0392B (kumkum red) for the meaning-carrying detail. Pixel-snapped, optically balanced, geometric, no gradients, no shadows, no texture, no text/letters unless specified. Must read clearly at 16px, 20px, 24px and 48px on cream #F3E9D6 and dark #0F0A06. Export a single clean SVG, viewBox 0 0 24 24, outlined strokes, no hidden layers. Avoid: emoji look, clip-art, cartoon faces, thin hairlines, 3D, glow, sparkles, halos, random dots, mixed stroke widths, filled blobs, illegible micro-detail, stock-icon clones."
02-navigation-header-footer,Frontend,social-x,X,Footer,letter X in square,"Icon ""X"" (social-x). Meaning: Footer. Draw: letter X in square. Professional product UI icon, one consistent family. 24x24 grid, 2px live padding, 20x20 safe area, 1.75px stroke, round caps and joins, 2px corner radius. Duotone: primary outline #A97824 (antique gold), secondary flat fill #F1D592 at 100% placed only inside key shapes, max one accent #C0392B (kumkum red) for the meaning-carrying detail. Pixel-snapped, optically balanced, geometric, no gradients, no shadows, no texture, no text/letters unless specified. Must read clearly at 16px, 20px, 24px and 48px on cream #F3E9D6 and dark #0F0A06. Export a single clean SVG, viewBox 0 0 24 24, outlined strokes, no hidden layers. Avoid: emoji look, clip-art, cartoon faces, thin hairlines, 3D, glow, sparkles, halos, random dots, mixed stroke widths, filled blobs, illegible micro-detail, stock-icon clones."
02-navigation-header-footer,Frontend,breadcrumb-sep,Breadcrumb separator,Breadcrumbs,small chevron dot,"Icon ""Breadcrumb separator"" (breadcrumb-sep). Meaning: Breadcrumbs. Draw: small chevron dot. Professional product UI icon, one consistent family. 24x24 grid, 2px live padding, 20x20 safe area, 1.75px stroke, round caps and joins, 2px corner radius. Duotone: primary outline #A97824 (antique gold), secondary flat fill #F1D592 at 100% placed only inside key shapes, max one accent #C0392B (kumkum red) for the meaning-carrying detail. Pixel-snapped, optically balanced, geometric, no gradients, no shadows, no texture, no text/letters unless specified. Must read clearly at 16px, 20px, 24px and 48px on cream #F3E9D6 and dark #0F0A06. Export a single clean SVG, viewBox 0 0 24 24, outlined strokes, no hidden layers. Avoid: emoji look, clip-art, cartoon faces, thin hairlines, 3D, glow, sparkles, halos, random dots, mixed stroke widths, filled blobs, illegible micro-detail, stock-icon clones."
03-trust-badges,Frontend,verified-pandit,Verified Pandit,Service cards,priest silhouette with check badge,"Icon ""Verified Pandit"" (verified-pandit). Meaning: Service cards. Draw: priest silhouette with check badge. Professional product UI icon, one consistent family. 24x24 grid, 2px live padding, 20x20 safe area, 1.75px stroke, round caps and joins, 2px corner radius. Duotone: primary outline #A97824 (antique gold), secondary flat fill #F1D592 at 100% placed only inside key shapes, max one accent #C0392B (kumkum red) for the meaning-carrying detail. Pixel-snapped, optically balanced, geometric, no gradients, no shadows, no texture, no text/letters unless specified. Must read clearly at 16px, 20px, 24px and 48px on cream #F3E9D6 and dark #0F0A06. Export a single clean SVG, viewBox 0 0 24 24, outlined strokes, no hidden layers. Avoid: emoji look, clip-art, cartoon faces, thin hairlines, 3D, glow, sparkles, halos, random dots, mixed stroke widths, filled blobs, illegible micro-detail, stock-icon clones."
03-trust-badges,Frontend,authentic-vedic,Authentic Vedic,Hero eyebrow,scroll with om mark,"Icon ""Authentic Vedic"" (authentic-vedic). Meaning: Hero eyebrow. Draw: scroll with om mark. Professional product UI icon, one consistent family. 24x24 grid, 2px live padding, 20x20 safe area, 1.75px stroke, round caps and joins, 2px corner radius. Duotone: primary outline #A97824 (antique gold), secondary flat fill #F1D592 at 100% placed only inside key shapes, max one accent #C0392B (kumkum red) for the meaning-carrying detail. Pixel-snapped, optically balanced, geometric, no gradients, no shadows, no texture, no text/letters unless specified. Must read clearly at 16px, 20px, 24px and 48px on cream #F3E9D6 and dark #0F0A06. Export a single clean SVG, viewBox 0 0 24 24, outlined strokes, no hidden layers. Avoid: emoji look, clip-art, cartoon faces, thin hairlines, 3D, glow, sparkles, halos, random dots, mixed stroke widths, filled blobs, illegible micro-detail, stock-icon clones."
03-trust-badges,Frontend,secure-payment,Secure Payment,Checkout,shield with padlock,"Icon ""Secure Payment"" (secure-payment). Meaning: Checkout. Draw: shield with padlock. Professional product UI icon, one consistent family. 24x24 grid, 2px live padding, 20x20 safe area, 1.75px stroke, round caps and joins, 2px corner radius. Duotone: primary outline #A97824 (antique gold), secondary flat fill #F1D592 at 100% placed only inside key shapes, max one accent #C0392B (kumkum red) for the meaning-carrying detail. Pixel-snapped, optically balanced, geometric, no gradients, no shadows, no texture, no text/letters unless specified. Must read clearly at 16px, 20px, 24px and 48px on cream #F3E9D6 and dark #0F0A06. Export a single clean SVG, viewBox 0 0 24 24, outlined strokes, no hidden layers. Avoid: emoji look, clip-art, cartoon faces, thin hairlines, 3D, glow, sparkles, halos, random dots, mixed stroke widths, filled blobs, illegible micro-detail, stock-icon clones."
03-trust-badges,Frontend,live-streaming,Live Streaming,Service cards,broadcast tower waves around diya,"Icon ""Live Streaming"" (live-streaming). Meaning: Service cards. Draw: broadcast tower waves around diya. Professional product UI icon, one consistent family. 24x24 grid, 2px live padding, 20x20 safe area, 1.75px stroke, round caps and joins, 2px corner radius. Duotone: primary outline #A97824 (antique gold), secondary flat fill #F1D592 at 100% placed only inside key shapes, max one accent #C0392B (kumkum red) for the meaning-carrying detail. Pixel-snapped, optically balanced, geometric, no gradients, no shadows, no texture, no text/letters unless specified. Must read clearly at 16px, 20px, 24px and 48px on cream #F3E9D6 and dark #0F0A06. Export a single clean SVG, viewBox 0 0 24 24, outlined strokes, no hidden layers. Avoid: emoji look, clip-art, cartoon faces, thin hairlines, 3D, glow, sparkles, halos, random dots, mixed stroke widths, filled blobs, illegible micro-detail, stock-icon clones."
03-trust-badges,Frontend,video-proof,Video Proof,Service cards,camera with check,"Icon ""Video Proof"" (video-proof). Meaning: Service cards. Draw: camera with check. Professional product UI icon, one consistent family. 24x24 grid, 2px live padding, 20x20 safe area, 1.75px stroke, round caps and joins, 2px corner radius. Duotone: primary outline #A97824 (antique gold), secondary flat fill #F1D592 at 100% placed only inside key shapes, max one accent #C0392B (kumkum red) for the meaning-carrying detail. Pixel-snapped, optically balanced, geometric, no gradients, no shadows, no texture, no text/letters unless specified. Must read clearly at 16px, 20px, 24px and 48px on cream #F3E9D6 and dark #0F0A06. Export a single clean SVG, viewBox 0 0 24 24, outlined strokes, no hidden layers. Avoid: emoji look, clip-art, cartoon faces, thin hairlines, 3D, glow, sparkles, halos, random dots, mixed stroke widths, filled blobs, illegible micro-detail, stock-icon clones."
03-trust-badges,Frontend,prasad-delivery,Prasad Delivery,Service cards,box with leaf and motion lines,"Icon ""Prasad Delivery"" (prasad-delivery). Meaning: Service cards. Draw: box with leaf and motion lines. Professional product UI icon, one consistent family. 24x24 grid, 2px live padding, 20x20 safe area, 1.75px stroke, round caps and joins, 2px corner radius. Duotone: primary outline #A97824 (antique gold), secondary flat fill #F1D592 at 100% placed only inside key shapes, max one accent #C0392B (kumkum red) for the meaning-carrying detail. Pixel-snapped, optically balanced, geometric, no gradients, no shadows, no texture, no text/letters unless specified. Must read clearly at 16px, 20px, 24px and 48px on cream #F3E9D6 and dark #0F0A06. Export a single clean SVG, viewBox 0 0 24 24, outlined strokes, no hidden layers. Avoid: emoji look, clip-art, cartoon faces, thin hairlines, 3D, glow, sparkles, halos, random dots, mixed stroke widths, filled blobs, illegible micro-detail, stock-icon clones."
03-trust-badges,Frontend,rating-star,Rating,Testimonials,"5-point star, filled gold","Icon ""Rating"" (rating-star). Meaning: Testimonials. Draw: 5-point star, filled gold. Professional product UI icon, one consistent family. 24x24 grid, 2px live padding, 20x20 safe area, 1.75px stroke, round caps and joins, 2px corner radius. Duotone: primary outline #A97824 (antique gold), secondary flat fill #F1D592 at 100% placed only inside key shapes, max one accent #C0392B (kumkum red) for the meaning-carrying detail. Pixel-snapped, optically balanced, geometric, no gradients, no shadows, no texture, no text/letters unless specified. Must read clearly at 16px, 20px, 24px and 48px on cream #F3E9D6 and dark #0F0A06. Export a single clean SVG, viewBox 0 0 24 24, outlined strokes, no hidden layers. Avoid: emoji look, clip-art, cartoon faces, thin hairlines, 3D, glow, sparkles, halos, random dots, mixed stroke widths, filled blobs, illegible micro-detail, stock-icon clones."
03-trust-badges,Frontend,rating-half,Half star,Testimonials,half-filled star,"Icon ""Half star"" (rating-half). Meaning: Testimonials. Draw: half-filled star. Professional product UI icon, one consistent family. 24x24 grid, 2px live padding, 20x20 safe area, 1.75px stroke, round caps and joins, 2px corner radius. Duotone: primary outline #A97824 (antique gold), secondary flat fill #F1D592 at 100% placed only inside key shapes, max one accent #C0392B (kumkum red) for the meaning-carrying detail. Pixel-snapped, optically balanced, geometric, no gradients, no shadows, no texture, no text/letters unless specified. Must read clearly at 16px, 20px, 24px and 48px on cream #F3E9D6 and dark #0F0A06. Export a single clean SVG, viewBox 0 0 24 24, outlined strokes, no hidden layers. Avoid: emoji look, clip-art, cartoon faces, thin hairlines, 3D, glow, sparkles, halos, random dots, mixed stroke widths, filled blobs, illegible micro-detail, stock-icon clones."
03-trust-badges,Frontend,years-experience,Years of Experience,Stats strip,laurel around number-free medal,"Icon ""Years of Experience"" (years-experience). Meaning: Stats strip. Draw: laurel around number-free medal. Professional product UI icon, one consistent family. 24x24 grid, 2px live padding, 20x20 safe area, 1.75px stroke, round caps and joins, 2px corner radius. Duotone: primary outline #A97824 (antique gold), secondary flat fill #F1D592 at 100% placed only inside key shapes, max one accent #C0392B (kumkum red) for the meaning-carrying detail. Pixel-snapped, optically balanced, geometric, no gradients, no shadows, no texture, no text/letters unless specified. Must read clearly at 16px, 20px, 24px and 48px on cream #F3E9D6 and dark #0F0A06. Export a single clean SVG, viewBox 0 0 24 24, outlined strokes, no hidden layers. Avoid: emoji look, clip-art, cartoon faces, thin hairlines, 3D, glow, sparkles, halos, random dots, mixed stroke widths, filled blobs, illegible micro-detail, stock-icon clones."
03-trust-badges,Frontend,devotees-served,Devotees Served,Stats strip,three people group,"Icon ""Devotees Served"" (devotees-served). Meaning: Stats strip. Draw: three people group. Professional product UI icon, one consistent family. 24x24 grid, 2px live padding, 20x20 safe area, 1.75px stroke, round caps and joins, 2px corner radius. Duotone: primary outline #A97824 (antique gold), secondary flat fill #F1D592 at 100% placed only inside key shapes, max one accent #C0392B (kumkum red) for the meaning-carrying detail. Pixel-snapped, optically balanced, geometric, no gradients, no shadows, no texture, no text/letters unless specified. Must read clearly at 16px, 20px, 24px and 48px on cream #F3E9D6 and dark #0F0A06. Export a single clean SVG, viewBox 0 0 24 24, outlined strokes, no hidden layers. Avoid: emoji look, clip-art, cartoon faces, thin hairlines, 3D, glow, sparkles, halos, random dots, mixed stroke widths, filled blobs, illegible micro-detail, stock-icon clones."
03-trust-badges,Frontend,support-24x7,24x7 Support,Stats strip,headset with mic,"Icon ""24x7 Support"" (support-24x7). Meaning: Stats strip. Draw: headset with mic. Professional product UI icon, one consistent family. 24x24 grid, 2px live padding, 20x20 safe area, 1.75px stroke, round caps and joins, 2px corner radius. Duotone: primary outline #A97824 (antique gold), secondary flat fill #F1D592 at 100% placed only inside key shapes, max one accent #C0392B (kumkum red) for the meaning-carrying detail. Pixel-snapped, optically balanced, geometric, no gradients, no shadows, no texture, no text/letters unless specified. Must read clearly at 16px, 20px, 24px and 48px on cream #F3E9D6 and dark #0F0A06. Export a single clean SVG, viewBox 0 0 24 24, outlined strokes, no hidden layers. Avoid: emoji look, clip-art, cartoon faces, thin hairlines, 3D, glow, sparkles, halos, random dots, mixed stroke widths, filled blobs, illegible micro-detail, stock-icon clones."
03-trust-badges,Frontend,nri-friendly,NRI Friendly,Service cards,globe with diya,"Icon ""NRI Friendly"" (nri-friendly). Meaning: Service cards. Draw: globe with diya. Professional product UI icon, one consistent family. 24x24 grid, 2px live padding, 20x20 safe area, 1.75px stroke, round caps and joins, 2px corner radius. Duotone: primary outline #A97824 (antique gold), secondary flat fill #F1D592 at 100% placed only inside key shapes, max one accent #C0392B (kumkum red) for the meaning-carrying detail. Pixel-snapped, optically balanced, geometric, no gradients, no shadows, no texture, no text/letters unless specified. Must read clearly at 16px, 20px, 24px and 48px on cream #F3E9D6 and dark #0F0A06. Export a single clean SVG, viewBox 0 0 24 24, outlined strokes, no hidden layers. Avoid: emoji look, clip-art, cartoon faces, thin hairlines, 3D, glow, sparkles, halos, random dots, mixed stroke widths, filled blobs, illegible micro-detail, stock-icon clones."
03-trust-badges,Frontend,money-back,Refund Guarantee,Policies,coin with circular arrow,"Icon ""Refund Guarantee"" (money-back). Meaning: Policies. Draw: coin with circular arrow. Professional product UI icon, one consistent family. 24x24 grid, 2px live padding, 20x20 safe area, 1.75px stroke, round caps and joins, 2px corner radius. Duotone: primary outline #A97824 (antique gold), secondary flat fill #F1D592 at 100% placed only inside key shapes, max one accent #C0392B (kumkum red) for the meaning-carrying detail. Pixel-snapped, optically balanced, geometric, no gradients, no shadows, no texture, no text/letters unless specified. Must read clearly at 16px, 20px, 24px and 48px on cream #F3E9D6 and dark #0F0A06. Export a single clean SVG, viewBox 0 0 24 24, outlined strokes, no hidden layers. Avoid: emoji look, clip-art, cartoon faces, thin hairlines, 3D, glow, sparkles, halos, random dots, mixed stroke widths, filled blobs, illegible micro-detail, stock-icon clones."
04-booking-flow,Frontend,step-service,Choose Service,Stepper 1,diya in square,"Icon ""Choose Service"" (step-service). Meaning: Stepper 1. Draw: diya in square. Professional product UI icon, one consistent family. 24x24 grid, 2px live padding, 20x20 safe area, 1.75px stroke, round caps and joins, 2px corner radius. Duotone: primary outline #A97824 (antique gold), secondary flat fill #F1D592 at 100% placed only inside key shapes, max one accent #C0392B (kumkum red) for the meaning-carrying detail. Pixel-snapped, optically balanced, geometric, no gradients, no shadows, no texture, no text/letters unless specified. Must read clearly at 16px, 20px, 24px and 48px on cream #F3E9D6 and dark #0F0A06. Export a single clean SVG, viewBox 0 0 24 24, outlined strokes, no hidden layers. Avoid: emoji look, clip-art, cartoon faces, thin hairlines, 3D, glow, sparkles, halos, random dots, mixed stroke widths, filled blobs, illegible micro-detail, stock-icon clones."
04-booking-flow,Frontend,step-date,Choose Date,Stepper 2,calendar page,"Icon ""Choose Date"" (step-date). Meaning: Stepper 2. Draw: calendar page. Professional product UI icon, one consistent family. 24x24 grid, 2px live padding, 20x20 safe area, 1.75px stroke, round caps and joins, 2px corner radius. Duotone: primary outline #A97824 (antique gold), secondary flat fill #F1D592 at 100% placed only inside key shapes, max one accent #C0392B (kumkum red) for the meaning-carrying detail. Pixel-snapped, optically balanced, geometric, no gradients, no shadows, no texture, no text/letters unless specified. Must read clearly at 16px, 20px, 24px and 48px on cream #F3E9D6 and dark #0F0A06. Export a single clean SVG, viewBox 0 0 24 24, outlined strokes, no hidden layers. Avoid: emoji look, clip-art, cartoon faces, thin hairlines, 3D, glow, sparkles, halos, random dots, mixed stroke widths, filled blobs, illegible micro-detail, stock-icon clones."
04-booking-flow,Frontend,step-slot,Choose Slot,Stepper 3,clock with filled sector,"Icon ""Choose Slot"" (step-slot). Meaning: Stepper 3. Draw: clock with filled sector. Professional product UI icon, one consistent family. 24x24 grid, 2px live padding, 20x20 safe area, 1.75px stroke, round caps and joins, 2px corner radius. Duotone: primary outline #A97824 (antique gold), secondary flat fill #F1D592 at 100% placed only inside key shapes, max one accent #C0392B (kumkum red) for the meaning-carrying detail. Pixel-snapped, optically balanced, geometric, no gradients, no shadows, no texture, no text/letters unless specified. Must read clearly at 16px, 20px, 24px and 48px on cream #F3E9D6 and dark #0F0A06. Export a single clean SVG, viewBox 0 0 24 24, outlined strokes, no hidden layers. Avoid: emoji look, clip-art, cartoon faces, thin hairlines, 3D, glow, sparkles, halos, random dots, mixed stroke widths, filled blobs, illegible micro-detail, stock-icon clones."
04-booking-flow,Frontend,step-sankalp,Sankalp Details,Stepper 4,hand holding water drop (sankalp),"Icon ""Sankalp Details"" (step-sankalp). Meaning: Stepper 4. Draw: hand holding water drop (sankalp). Professional product UI icon, one consistent family. 24x24 grid, 2px live padding, 20x20 safe area, 1.75px stroke, round caps and joins, 2px corner radius. Duotone: primary outline #A97824 (antique gold), secondary flat fill #F1D592 at 100% placed only inside key shapes, max one accent #C0392B (kumkum red) for the meaning-carrying detail. Pixel-snapped, optically balanced, geometric, no gradients, no shadows, no texture, no text/letters unless specified. Must read clearly at 16px, 20px, 24px and 48px on cream #F3E9D6 and dark #0F0A06. Export a single clean SVG, viewBox 0 0 24 24, outlined strokes, no hidden layers. Avoid: emoji look, clip-art, cartoon faces, thin hairlines, 3D, glow, sparkles, halos, random dots, mixed stroke widths, filled blobs, illegible micro-detail, stock-icon clones."
04-booking-flow,Frontend,step-payment,Payment,Stepper 5,card with rupee,"Icon ""Payment"" (step-payment). Meaning: Stepper 5. Draw: card with rupee. Professional product UI icon, one consistent family. 24x24 grid, 2px live padding, 20x20 safe area, 1.75px stroke, round caps and joins, 2px corner radius. Duotone: primary outline #A97824 (antique gold), secondary flat fill #F1D592 at 100% placed only inside key shapes, max one accent #C0392B (kumkum red) for the meaning-carrying detail. Pixel-snapped, optically balanced, geometric, no gradients, no shadows, no texture, no text/letters unless specified. Must read clearly at 16px, 20px, 24px and 48px on cream #F3E9D6 and dark #0F0A06. Export a single clean SVG, viewBox 0 0 24 24, outlined strokes, no hidden layers. Avoid: emoji look, clip-art, cartoon faces, thin hairlines, 3D, glow, sparkles, halos, random dots, mixed stroke widths, filled blobs, illegible micro-detail, stock-icon clones."
04-booking-flow,Frontend,step-confirm,Confirmation,Stepper 6,seal with check,"Icon ""Confirmation"" (step-confirm). Meaning: Stepper 6. Draw: seal with check. Professional product UI icon, one consistent family. 24x24 grid, 2px live padding, 20x20 safe area, 1.75px stroke, round caps and joins, 2px corner radius. Duotone: primary outline #A97824 (antique gold), secondary flat fill #F1D592 at 100% placed only inside key shapes, max one accent #C0392B (kumkum red) for the meaning-carrying detail. Pixel-snapped, optically balanced, geometric, no gradients, no shadows, no texture, no text/letters unless specified. Must read clearly at 16px, 20px, 24px and 48px on cream #F3E9D6 and dark #0F0A06. Export a single clean SVG, viewBox 0 0 24 24, outlined strokes, no hidden layers. Avoid: emoji look, clip-art, cartoon faces, thin hairlines, 3D, glow, sparkles, halos, random dots, mixed stroke widths, filled blobs, illegible micro-detail, stock-icon clones."
04-booking-flow,Frontend,calendar,Calendar,Date picker,calendar with two rings,"Icon ""Calendar"" (calendar). Meaning: Date picker. Draw: calendar with two rings. Professional product UI icon, one consistent family. 24x24 grid, 2px live padding, 20x20 safe area, 1.75px stroke, round caps and joins, 2px corner radius. Duotone: primary outline #A97824 (antique gold), secondary flat fill #F1D592 at 100% placed only inside key shapes, max one accent #C0392B (kumkum red) for the meaning-carrying detail. Pixel-snapped, optically balanced, geometric, no gradients, no shadows, no texture, no text/letters unless specified. Must read clearly at 16px, 20px, 24px and 48px on cream #F3E9D6 and dark #0F0A06. Export a single clean SVG, viewBox 0 0 24 24, outlined strokes, no hidden layers. Avoid: emoji look, clip-art, cartoon faces, thin hairlines, 3D, glow, sparkles, halos, random dots, mixed stroke widths, filled blobs, illegible micro-detail, stock-icon clones."
04-booking-flow,Frontend,calendar-auspicious,Auspicious Date,Date picker highlight,calendar with small red dot and star,"Icon ""Auspicious Date"" (calendar-auspicious). Meaning: Date picker highlight. Draw: calendar with small red dot and star. Professional product UI icon, one consistent family. 24x24 grid, 2px live padding, 20x20 safe area, 1.75px stroke, round caps and joins, 2px corner radius. Duotone: primary outline #A97824 (antique gold), secondary flat fill #F1D592 at 100% placed only inside key shapes, max one accent #C0392B (kumkum red) for the meaning-carrying detail. Pixel-snapped, optically balanced, geometric, no gradients, no shadows, no texture, no text/letters unless specified. Must read clearly at 16px, 20px, 24px and 48px on cream #F3E9D6 and dark #0F0A06. Export a single clean SVG, viewBox 0 0 24 24, outlined strokes, no hidden layers. Avoid: emoji look, clip-art, cartoon faces, thin hairlines, 3D, glow, sparkles, halos, random dots, mixed stroke widths, filled blobs, illegible micro-detail, stock-icon clones."
04-booking-flow,Frontend,slot-available,Slot Available,Slot grid,clock with check,"Icon ""Slot Available"" (slot-available). Meaning: Slot grid. Draw: clock with check. Professional product UI icon, one consistent family. 24x24 grid, 2px live padding, 20x20 safe area, 1.75px stroke, round caps and joins, 2px corner radius. Duotone: primary outline #A97824 (antique gold), secondary flat fill #F1D592 at 100% placed only inside key shapes, max one accent #C0392B (kumkum red) for the meaning-carrying detail. Pixel-snapped, optically balanced, geometric, no gradients, no shadows, no texture, no text/letters unless specified. Must read clearly at 16px, 20px, 24px and 48px on cream #F3E9D6 and dark #0F0A06. Export a single clean SVG, viewBox 0 0 24 24, outlined strokes, no hidden layers. Avoid: emoji look, clip-art, cartoon faces, thin hairlines, 3D, glow, sparkles, halos, random dots, mixed stroke widths, filled blobs, illegible micro-detail, stock-icon clones."
04-booking-flow,Frontend,slot-full,Slot Full,Slot grid,clock with X,"Icon ""Slot Full"" (slot-full). Meaning: Slot grid. Draw: clock with X. Professional product UI icon, one consistent family. 24x24 grid, 2px live padding, 20x20 safe area, 1.75px stroke, round caps and joins, 2px corner radius. Duotone: primary outline #A97824 (antique gold), secondary flat fill #F1D592 at 100% placed only inside key shapes, max one accent #C0392B (kumkum red) for the meaning-carrying detail. Pixel-snapped, optically balanced, geometric, no gradients, no shadows, no texture, no text/letters unless specified. Must read clearly at 16px, 20px, 24px and 48px on cream #F3E9D6 and dark #0F0A06. Export a single clean SVG, viewBox 0 0 24 24, outlined strokes, no hidden layers. Avoid: emoji look, clip-art, cartoon faces, thin hairlines, 3D, glow, sparkles, halos, random dots, mixed stroke widths, filled blobs, illegible micro-detail, stock-icon clones."
04-booking-flow,Frontend,slot-held,Slot Held,Reservation timer,hourglass half filled,"Icon ""Slot Held"" (slot-held). Meaning: Reservation timer. Draw: hourglass half filled. Professional product UI icon, one consistent family. 24x24 grid, 2px live padding, 20x20 safe area, 1.75px stroke, round caps and joins, 2px corner radius. Duotone: primary outline #A97824 (antique gold), secondary flat fill #F1D592 at 100% placed only inside key shapes, max one accent #C0392B (kumkum red) for the meaning-carrying detail. Pixel-snapped, optically balanced, geometric, no gradients, no shadows, no texture, no text/letters unless specified. Must read clearly at 16px, 20px, 24px and 48px on cream #F3E9D6 and dark #0F0A06. Export a single clean SVG, viewBox 0 0 24 24, outlined strokes, no hidden layers. Avoid: emoji look, clip-art, cartoon faces, thin hairlines, 3D, glow, sparkles, halos, random dots, mixed stroke widths, filled blobs, illegible micro-detail, stock-icon clones."
04-booking-flow,Frontend,timer,Hold Timer,Checkout countdown,stopwatch,"Icon ""Hold Timer"" (timer). Meaning: Checkout countdown. Draw: stopwatch. Professional product UI icon, one consistent family. 24x24 grid, 2px live padding, 20x20 safe area, 1.75px stroke, round caps and joins, 2px corner radius. Duotone: primary outline #A97824 (antique gold), secondary flat fill #F1D592 at 100% placed only inside key shapes, max one accent #C0392B (kumkum red) for the meaning-carrying detail. Pixel-snapped, optically balanced, geometric, no gradients, no shadows, no texture, no text/letters unless specified. Must read clearly at 16px, 20px, 24px and 48px on cream #F3E9D6 and dark #0F0A06. Export a single clean SVG, viewBox 0 0 24 24, outlined strokes, no hidden layers. Avoid: emoji look, clip-art, cartoon faces, thin hairlines, 3D, glow, sparkles, halos, random dots, mixed stroke widths, filled blobs, illegible micro-detail, stock-icon clones."
04-booking-flow,Frontend,gotra,Gotra,Sankalp form,family tree with three nodes,"Icon ""Gotra"" (gotra). Meaning: Sankalp form. Draw: family tree with three nodes. Professional product UI icon, one consistent family. 24x24 grid, 2px live padding, 20x20 safe area, 1.75px stroke, round caps and joins, 2px corner radius. Duotone: primary outline #A97824 (antique gold), secondary flat fill #F1D592 at 100% placed only inside key shapes, max one accent #C0392B (kumkum red) for the meaning-carrying detail. Pixel-snapped, optically balanced, geometric, no gradients, no shadows, no texture, no text/letters unless specified. Must read clearly at 16px, 20px, 24px and 48px on cream #F3E9D6 and dark #0F0A06. Export a single clean SVG, viewBox 0 0 24 24, outlined strokes, no hidden layers. Avoid: emoji look, clip-art, cartoon faces, thin hairlines, 3D, glow, sparkles, halos, random dots, mixed stroke widths, filled blobs, illegible micro-detail, stock-icon clones."
04-booking-flow,Frontend,devotee-name,Devotee Name,Sankalp form,person with tag,"Icon ""Devotee Name"" (devotee-name). Meaning: Sankalp form. Draw: person with tag. Professional product UI icon, one consistent family. 24x24 grid, 2px live padding, 20x20 safe area, 1.75px stroke, round caps and joins, 2px corner radius. Duotone: primary outline #A97824 (antique gold), secondary flat fill #F1D592 at 100% placed only inside key shapes, max one accent #C0392B (kumkum red) for the meaning-carrying detail. Pixel-snapped, optically balanced, geometric, no gradients, no shadows, no texture, no text/letters unless specified. Must read clearly at 16px, 20px, 24px and 48px on cream #F3E9D6 and dark #0F0A06. Export a single clean SVG, viewBox 0 0 24 24, outlined strokes, no hidden layers. Avoid: emoji look, clip-art, cartoon faces, thin hairlines, 3D, glow, sparkles, halos, random dots, mixed stroke widths, filled blobs, illegible micro-detail, stock-icon clones."
04-booking-flow,Frontend,family-members,Family Members,Sankalp form,two adults one child,"Icon ""Family Members"" (family-members). Meaning: Sankalp form. Draw: two adults one child. Professional product UI icon, one consistent family. 24x24 grid, 2px live padding, 20x20 safe area, 1.75px stroke, round caps and joins, 2px corner radius. Duotone: primary outline #A97824 (antique gold), secondary flat fill #F1D592 at 100% placed only inside key shapes, max one accent #C0392B (kumkum red) for the meaning-carrying detail. Pixel-snapped, optically balanced, geometric, no gradients, no shadows, no texture, no text/letters unless specified. Must read clearly at 16px, 20px, 24px and 48px on cream #F3E9D6 and dark #0F0A06. Export a single clean SVG, viewBox 0 0 24 24, outlined strokes, no hidden layers. Avoid: emoji look, clip-art, cartoon faces, thin hairlines, 3D, glow, sparkles, halos, random dots, mixed stroke widths, filled blobs, illegible micro-detail, stock-icon clones."
04-booking-flow,Frontend,birth-details,Birth Details,Kundali form,star over calendar,"Icon ""Birth Details"" (birth-details). Meaning: Kundali form. Draw: star over calendar. Professional product UI icon, one consistent family. 24x24 grid, 2px live padding, 20x20 safe area, 1.75px stroke, round caps and joins, 2px corner radius. Duotone: primary outline #A97824 (antique gold), secondary flat fill #F1D592 at 100% placed only inside key shapes, max one accent #C0392B (kumkum red) for the meaning-carrying detail. Pixel-snapped, optically balanced, geometric, no gradients, no shadows, no texture, no text/letters unless specified. Must read clearly at 16px, 20px, 24px and 48px on cream #F3E9D6 and dark #0F0A06. Export a single clean SVG, viewBox 0 0 24 24, outlined strokes, no hidden layers. Avoid: emoji look, clip-art, cartoon faces, thin hairlines, 3D, glow, sparkles, halos, random dots, mixed stroke widths, filled blobs, illegible micro-detail, stock-icon clones."
04-booking-flow,Frontend,nakshatra-input,Nakshatra,Sankalp form,star cluster of three,"Icon ""Nakshatra"" (nakshatra-input). Meaning: Sankalp form. Draw: star cluster of three. Professional product UI icon, one consistent family. 24x24 grid, 2px live padding, 20x20 safe area, 1.75px stroke, round caps and joins, 2px corner radius. Duotone: primary outline #A97824 (antique gold), secondary flat fill #F1D592 at 100% placed only inside key shapes, max one accent #C0392B (kumkum red) for the meaning-carrying detail. Pixel-snapped, optically balanced, geometric, no gradients, no shadows, no texture, no text/letters unless specified. Must read clearly at 16px, 20px, 24px and 48px on cream #F3E9D6 and dark #0F0A06. Export a single clean SVG, viewBox 0 0 24 24, outlined strokes, no hidden layers. Avoid: emoji look, clip-art, cartoon faces, thin hairlines, 3D, glow, sparkles, halos, random dots, mixed stroke widths, filled blobs, illegible micro-detail, stock-icon clones."
04-booking-flow,Frontend,intention,Purpose / Wish,Sankalp form,folded hands with spark,"Icon ""Purpose / Wish"" (intention). Meaning: Sankalp form. Draw: folded hands with spark. Professional product UI icon, one consistent family. 24x24 grid, 2px live padding, 20x20 safe area, 1.75px stroke, round caps and joins, 2px corner radius. Duotone: primary outline #A97824 (antique gold), secondary flat fill #F1D592 at 100% placed only inside key shapes, max one accent #C0392B (kumkum red) for the meaning-carrying detail. Pixel-snapped, optically balanced, geometric, no gradients, no shadows, no texture, no text/letters unless specified. Must read clearly at 16px, 20px, 24px and 48px on cream #F3E9D6 and dark #0F0A06. Export a single clean SVG, viewBox 0 0 24 24, outlined strokes, no hidden layers. Avoid: emoji look, clip-art, cartoon faces, thin hairlines, 3D, glow, sparkles, halos, random dots, mixed stroke widths, filled blobs, illegible micro-detail, stock-icon clones."
04-booking-flow,Frontend,pandit-choice,Choose Pandit,Booking options,priest bust with tilak,"Icon ""Choose Pandit"" (pandit-choice). Meaning: Booking options. Draw: priest bust with tilak. Professional product UI icon, one consistent family. 24x24 grid, 2px live padding, 20x20 safe area, 1.75px stroke, round caps and joins, 2px corner radius. Duotone: primary outline #A97824 (antique gold), secondary flat fill #F1D592 at 100% placed only inside key shapes, max one accent #C0392B (kumkum red) for the meaning-carrying detail. Pixel-snapped, optically balanced, geometric, no gradients, no shadows, no texture, no text/letters unless specified. Must read clearly at 16px, 20px, 24px and 48px on cream #F3E9D6 and dark #0F0A06. Export a single clean SVG, viewBox 0 0 24 24, outlined strokes, no hidden layers. Avoid: emoji look, clip-art, cartoon faces, thin hairlines, 3D, glow, sparkles, halos, random dots, mixed stroke widths, filled blobs, illegible micro-detail, stock-icon clones."
04-booking-flow,Frontend,location-temple,Temple / Ghat Choice,Booking options,temple shikhara with flag,"Icon ""Temple / Ghat Choice"" (location-temple). Meaning: Booking options. Draw: temple shikhara with flag. Professional product UI icon, one consistent family. 24x24 grid, 2px live padding, 20x20 safe area, 1.75px stroke, round caps and joins, 2px corner radius. Duotone: primary outline #A97824 (antique gold), secondary flat fill #F1D592 at 100% placed only inside key shapes, max one accent #C0392B (kumkum red) for the meaning-carrying detail. Pixel-snapped, optically balanced, geometric, no gradients, no shadows, no texture, no text/letters unless specified. Must read clearly at 16px, 20px, 24px and 48px on cream #F3E9D6 and dark #0F0A06. Export a single clean SVG, viewBox 0 0 24 24, outlined strokes, no hidden layers. Avoid: emoji look, clip-art, cartoon faces, thin hairlines, 3D, glow, sparkles, halos, random dots, mixed stroke widths, filled blobs, illegible micro-detail, stock-icon clones."
04-booking-flow,Frontend,online-mode,Online Puja,Mode selector,laptop with diya on screen,"Icon ""Online Puja"" (online-mode). Meaning: Mode selector. Draw: laptop with diya on screen. Professional product UI icon, one consistent family. 24x24 grid, 2px live padding, 20x20 safe area, 1.75px stroke, round caps and joins, 2px corner radius. Duotone: primary outline #A97824 (antique gold), secondary flat fill #F1D592 at 100% placed only inside key shapes, max one accent #C0392B (kumkum red) for the meaning-carrying detail. Pixel-snapped, optically balanced, geometric, no gradients, no shadows, no texture, no text/letters unless specified. Must read clearly at 16px, 20px, 24px and 48px on cream #F3E9D6 and dark #0F0A06. Export a single clean SVG, viewBox 0 0 24 24, outlined strokes, no hidden layers. Avoid: emoji look, clip-art, cartoon faces, thin hairlines, 3D, glow, sparkles, halos, random dots, mixed stroke widths, filled blobs, illegible micro-detail, stock-icon clones."
04-booking-flow,Frontend,offline-mode,In-person Puja,Mode selector,two people at a havan kund,"Icon ""In-person Puja"" (offline-mode). Meaning: Mode selector. Draw: two people at a havan kund. Professional product UI icon, one consistent family. 24x24 grid, 2px live padding, 20x20 safe area, 1.75px stroke, round caps and joins, 2px corner radius. Duotone: primary outline #A97824 (antique gold), secondary flat fill #F1D592 at 100% placed only inside key shapes, max one accent #C0392B (kumkum red) for the meaning-carrying detail. Pixel-snapped, optically balanced, geometric, no gradients, no shadows, no texture, no text/letters unless specified. Must read clearly at 16px, 20px, 24px and 48px on cream #F3E9D6 and dark #0F0A06. Export a single clean SVG, viewBox 0 0 24 24, outlined strokes, no hidden layers. Avoid: emoji look, clip-art, cartoon faces, thin hairlines, 3D, glow, sparkles, halos, random dots, mixed stroke widths, filled blobs, illegible micro-detail, stock-icon clones."
04-booking-flow,Frontend,add-on,Add-on,Upsell,plus in circle with leaf,"Icon ""Add-on"" (add-on). Meaning: Upsell. Draw: plus in circle with leaf. Professional product UI icon, one consistent family. 24x24 grid, 2px live padding, 20x20 safe area, 1.75px stroke, round caps and joins, 2px corner radius. Duotone: primary outline #A97824 (antique gold), secondary flat fill #F1D592 at 100% placed only inside key shapes, max one accent #C0392B (kumkum red) for the meaning-carrying detail. Pixel-snapped, optically balanced, geometric, no gradients, no shadows, no texture, no text/letters unless specified. Must read clearly at 16px, 20px, 24px and 48px on cream #F3E9D6 and dark #0F0A06. Export a single clean SVG, viewBox 0 0 24 24, outlined strokes, no hidden layers. Avoid: emoji look, clip-art, cartoon faces, thin hairlines, 3D, glow, sparkles, halos, random dots, mixed stroke widths, filled blobs, illegible micro-detail, stock-icon clones."
04-booking-flow,Frontend,samagri-included,Samagri Included,Package,basket with flowers,"Icon ""Samagri Included"" (samagri-included). Meaning: Package. Draw: basket with flowers. Professional product UI icon, one consistent family. 24x24 grid, 2px live padding, 20x20 safe area, 1.75px stroke, round caps and joins, 2px corner radius. Duotone: primary outline #A97824 (antique gold), secondary flat fill #F1D592 at 100% placed only inside key shapes, max one accent #C0392B (kumkum red) for the meaning-carrying detail. Pixel-snapped, optically balanced, geometric, no gradients, no shadows, no texture, no text/letters unless specified. Must read clearly at 16px, 20px, 24px and 48px on cream #F3E9D6 and dark #0F0A06. Export a single clean SVG, viewBox 0 0 24 24, outlined strokes, no hidden layers. Avoid: emoji look, clip-art, cartoon faces, thin hairlines, 3D, glow, sparkles, halos, random dots, mixed stroke widths, filled blobs, illegible micro-detail, stock-icon clones."
04-booking-flow,Frontend,coupon,Coupon,Checkout,ticket with percent,"Icon ""Coupon"" (coupon). Meaning: Checkout. Draw: ticket with percent. Professional product UI icon, one consistent family. 24x24 grid, 2px live padding, 20x20 safe area, 1.75px stroke, round caps and joins, 2px corner radius. Duotone: primary outline #A97824 (antique gold), secondary flat fill #F1D592 at 100% placed only inside key shapes, max one accent #C0392B (kumkum red) for the meaning-carrying detail. Pixel-snapped, optically balanced, geometric, no gradients, no shadows, no texture, no text/letters unless specified. Must read clearly at 16px, 20px, 24px and 48px on cream #F3E9D6 and dark #0F0A06. Export a single clean SVG, viewBox 0 0 24 24, outlined strokes, no hidden layers. Avoid: emoji look, clip-art, cartoon faces, thin hairlines, 3D, glow, sparkles, halos, random dots, mixed stroke widths, filled blobs, illegible micro-detail, stock-icon clones."
04-booking-flow,Frontend,package,Package Tier,Pricing,stack of three layers,"Icon ""Package Tier"" (package). Meaning: Pricing. Draw: stack of three layers. Professional product UI icon, one consistent family. 24x24 grid, 2px live padding, 20x20 safe area, 1.75px stroke, round caps and joins, 2px corner radius. Duotone: primary outline #A97824 (antique gold), secondary flat fill #F1D592 at 100% placed only inside key shapes, max one accent #C0392B (kumkum red) for the meaning-carrying detail. Pixel-snapped, optically balanced, geometric, no gradients, no shadows, no texture, no text/letters unless specified. Must read clearly at 16px, 20px, 24px and 48px on cream #F3E9D6 and dark #0F0A06. Export a single clean SVG, viewBox 0 0 24 24, outlined strokes, no hidden layers. Avoid: emoji look, clip-art, cartoon faces, thin hairlines, 3D, glow, sparkles, halos, random dots, mixed stroke widths, filled blobs, illegible micro-detail, stock-icon clones."
04-booking-flow,Frontend,quote,Get Quote,Custom puja,document with rupee,"Icon ""Get Quote"" (quote). Meaning: Custom puja. Draw: document with rupee. Professional product UI icon, one consistent family. 24x24 grid, 2px live padding, 20x20 safe area, 1.75px stroke, round caps and joins, 2px corner radius. Duotone: primary outline #A97824 (antique gold), secondary flat fill #F1D592 at 100% placed only inside key shapes, max one accent #C0392B (kumkum red) for the meaning-carrying detail. Pixel-snapped, optically balanced, geometric, no gradients, no shadows, no texture, no text/letters unless specified. Must read clearly at 16px, 20px, 24px and 48px on cream #F3E9D6 and dark #0F0A06. Export a single clean SVG, viewBox 0 0 24 24, outlined strokes, no hidden layers. Avoid: emoji look, clip-art, cartoon faces, thin hairlines, 3D, glow, sparkles, halos, random dots, mixed stroke widths, filled blobs, illegible micro-detail, stock-icon clones."
04-booking-flow,Frontend,dakshina,Dakshina,Checkout,hand offering coin,"Icon ""Dakshina"" (dakshina). Meaning: Checkout. Draw: hand offering coin. Professional product UI icon, one consistent family. 24x24 grid, 2px live padding, 20x20 safe area, 1.75px stroke, round caps and joins, 2px corner radius. Duotone: primary outline #A97824 (antique gold), secondary flat fill #F1D592 at 100% placed only inside key shapes, max one accent #C0392B (kumkum red) for the meaning-carrying detail. Pixel-snapped, optically balanced, geometric, no gradients, no shadows, no texture, no text/letters unless specified. Must read clearly at 16px, 20px, 24px and 48px on cream #F3E9D6 and dark #0F0A06. Export a single clean SVG, viewBox 0 0 24 24, outlined strokes, no hidden layers. Avoid: emoji look, clip-art, cartoon faces, thin hairlines, 3D, glow, sparkles, halos, random dots, mixed stroke widths, filled blobs, illegible micro-detail, stock-icon clones."
05-payments-finance,Frontend + Backend,rupee,Rupee,Prices,rupee sign ₹ bold,"Icon ""Rupee"" (rupee). Meaning: Prices. Draw: rupee sign ₹ bold. Professional product UI icon, one consistent family. 24x24 grid, 2px live padding, 20x20 safe area, 1.75px stroke, round caps and joins, 2px corner radius. Duotone: primary outline #A97824 (antique gold), secondary flat fill #F1D592 at 100% placed only inside key shapes, max one accent #C0392B (kumkum red) for the meaning-carrying detail. Pixel-snapped, optically balanced, geometric, no gradients, no shadows, no texture, no text/letters unless specified. Must read clearly at 16px, 20px, 24px and 48px on cream #F3E9D6 and dark #0F0A06. Export a single clean SVG, viewBox 0 0 24 24, outlined strokes, no hidden layers. Avoid: emoji look, clip-art, cartoon faces, thin hairlines, 3D, glow, sparkles, halos, random dots, mixed stroke widths, filled blobs, illegible micro-detail, stock-icon clones."
05-payments-finance,Frontend + Backend,upi,UPI,Payment method,"phone with arrow tick (generic, no logo)","Icon ""UPI"" (upi). Meaning: Payment method. Draw: phone with arrow tick (generic, no logo). Professional product UI icon, one consistent family. 24x24 grid, 2px live padding, 20x20 safe area, 1.75px stroke, round caps and joins, 2px corner radius. Duotone: primary outline #A97824 (antique gold), secondary flat fill #F1D592 at 100% placed only inside key shapes, max one accent #C0392B (kumkum red) for the meaning-carrying detail. Pixel-snapped, optically balanced, geometric, no gradients, no shadows, no texture, no text/letters unless specified. Must read clearly at 16px, 20px, 24px and 48px on cream #F3E9D6 and dark #0F0A06. Export a single clean SVG, viewBox 0 0 24 24, outlined strokes, no hidden layers. Avoid: emoji look, clip-art, cartoon faces, thin hairlines, 3D, glow, sparkles, halos, random dots, mixed stroke widths, filled blobs, illegible micro-detail, stock-icon clones."
05-payments-finance,Frontend + Backend,card,Card,Payment method,credit card with chip,"Icon ""Card"" (card). Meaning: Payment method. Draw: credit card with chip. Professional product UI icon, one consistent family. 24x24 grid, 2px live padding, 20x20 safe area, 1.75px stroke, round caps and joins, 2px corner radius. Duotone: primary outline #A97824 (antique gold), secondary flat fill #F1D592 at 100% placed only inside key shapes, max one accent #C0392B (kumkum red) for the meaning-carrying detail. Pixel-snapped, optically balanced, geometric, no gradients, no shadows, no texture, no text/letters unless specified. Must read clearly at 16px, 20px, 24px and 48px on cream #F3E9D6 and dark #0F0A06. Export a single clean SVG, viewBox 0 0 24 24, outlined strokes, no hidden layers. Avoid: emoji look, clip-art, cartoon faces, thin hairlines, 3D, glow, sparkles, halos, random dots, mixed stroke widths, filled blobs, illegible micro-detail, stock-icon clones."
05-payments-finance,Frontend + Backend,netbanking,Net Banking,Payment method,bank building with pillars,"Icon ""Net Banking"" (netbanking). Meaning: Payment method. Draw: bank building with pillars. Professional product UI icon, one consistent family. 24x24 grid, 2px live padding, 20x20 safe area, 1.75px stroke, round caps and joins, 2px corner radius. Duotone: primary outline #A97824 (antique gold), secondary flat fill #F1D592 at 100% placed only inside key shapes, max one accent #C0392B (kumkum red) for the meaning-carrying detail. Pixel-snapped, optically balanced, geometric, no gradients, no shadows, no texture, no text/letters unless specified. Must read clearly at 16px, 20px, 24px and 48px on cream #F3E9D6 and dark #0F0A06. Export a single clean SVG, viewBox 0 0 24 24, outlined strokes, no hidden layers. Avoid: emoji look, clip-art, cartoon faces, thin hairlines, 3D, glow, sparkles, halos, random dots, mixed stroke widths, filled blobs, illegible micro-detail, stock-icon clones."
05-payments-finance,Frontend + Backend,wallet,Wallet,Payment method,wallet with flap,"Icon ""Wallet"" (wallet). Meaning: Payment method. Draw: wallet with flap. Professional product UI icon, one consistent family. 24x24 grid, 2px live padding, 20x20 safe area, 1.75px stroke, round caps and joins, 2px corner radius. Duotone: primary outline #A97824 (antique gold), secondary flat fill #F1D592 at 100% placed only inside key shapes, max one accent #C0392B (kumkum red) for the meaning-carrying detail. Pixel-snapped, optically balanced, geometric, no gradients, no shadows, no texture, no text/letters unless specified. Must read clearly at 16px, 20px, 24px and 48px on cream #F3E9D6 and dark #0F0A06. Export a single clean SVG, viewBox 0 0 24 24, outlined strokes, no hidden layers. Avoid: emoji look, clip-art, cartoon faces, thin hairlines, 3D, glow, sparkles, halos, random dots, mixed stroke widths, filled blobs, illegible micro-detail, stock-icon clones."
05-payments-finance,Frontend + Backend,international-pay,International Pay,NRI,globe with card,"Icon ""International Pay"" (international-pay). Meaning: NRI. Draw: globe with card. Professional product UI icon, one consistent family. 24x24 grid, 2px live padding, 20x20 safe area, 1.75px stroke, round caps and joins, 2px corner radius. Duotone: primary outline #A97824 (antique gold), secondary flat fill #F1D592 at 100% placed only inside key shapes, max one accent #C0392B (kumkum red) for the meaning-carrying detail. Pixel-snapped, optically balanced, geometric, no gradients, no shadows, no texture, no text/letters unless specified. Must read clearly at 16px, 20px, 24px and 48px on cream #F3E9D6 and dark #0F0A06. Export a single clean SVG, viewBox 0 0 24 24, outlined strokes, no hidden layers. Avoid: emoji look, clip-art, cartoon faces, thin hairlines, 3D, glow, sparkles, halos, random dots, mixed stroke widths, filled blobs, illegible micro-detail, stock-icon clones."
05-payments-finance,Frontend + Backend,invoice,Invoice,"Account, admin",document with lines and rupee,"Icon ""Invoice"" (invoice). Meaning: Account, admin. Draw: document with lines and rupee. Professional product UI icon, one consistent family. 24x24 grid, 2px live padding, 20x20 safe area, 1.75px stroke, round caps and joins, 2px corner radius. Duotone: primary outline #A97824 (antique gold), secondary flat fill #F1D592 at 100% placed only inside key shapes, max one accent #C0392B (kumkum red) for the meaning-carrying detail. Pixel-snapped, optically balanced, geometric, no gradients, no shadows, no texture, no text/letters unless specified. Must read clearly at 16px, 20px, 24px and 48px on cream #F3E9D6 and dark #0F0A06. Export a single clean SVG, viewBox 0 0 24 24, outlined strokes, no hidden layers. Avoid: emoji look, clip-art, cartoon faces, thin hairlines, 3D, glow, sparkles, halos, random dots, mixed stroke widths, filled blobs, illegible micro-detail, stock-icon clones."
05-payments-finance,Frontend + Backend,receipt,Receipt,Account,torn-edge paper,"Icon ""Receipt"" (receipt). Meaning: Account. Draw: torn-edge paper. Professional product UI icon, one consistent family. 24x24 grid, 2px live padding, 20x20 safe area, 1.75px stroke, round caps and joins, 2px corner radius. Duotone: primary outline #A97824 (antique gold), secondary flat fill #F1D592 at 100% placed only inside key shapes, max one accent #C0392B (kumkum red) for the meaning-carrying detail. Pixel-snapped, optically balanced, geometric, no gradients, no shadows, no texture, no text/letters unless specified. Must read clearly at 16px, 20px, 24px and 48px on cream #F3E9D6 and dark #0F0A06. Export a single clean SVG, viewBox 0 0 24 24, outlined strokes, no hidden layers. Avoid: emoji look, clip-art, cartoon faces, thin hairlines, 3D, glow, sparkles, halos, random dots, mixed stroke widths, filled blobs, illegible micro-detail, stock-icon clones."
05-payments-finance,Frontend + Backend,refund,Refund,Admin finance,rupee with back arrow,"Icon ""Refund"" (refund). Meaning: Admin finance. Draw: rupee with back arrow. Professional product UI icon, one consistent family. 24x24 grid, 2px live padding, 20x20 safe area, 1.75px stroke, round caps and joins, 2px corner radius. Duotone: primary outline #A97824 (antique gold), secondary flat fill #F1D592 at 100% placed only inside key shapes, max one accent #C0392B (kumkum red) for the meaning-carrying detail. Pixel-snapped, optically balanced, geometric, no gradients, no shadows, no texture, no text/letters unless specified. Must read clearly at 16px, 20px, 24px and 48px on cream #F3E9D6 and dark #0F0A06. Export a single clean SVG, viewBox 0 0 24 24, outlined strokes, no hidden layers. Avoid: emoji look, clip-art, cartoon faces, thin hairlines, 3D, glow, sparkles, halos, random dots, mixed stroke widths, filled blobs, illegible micro-detail, stock-icon clones."
05-payments-finance,Frontend + Backend,payout,Priest Payout,Finance,hand receiving coins,"Icon ""Priest Payout"" (payout). Meaning: Finance. Draw: hand receiving coins. Professional product UI icon, one consistent family. 24x24 grid, 2px live padding, 20x20 safe area, 1.75px stroke, round caps and joins, 2px corner radius. Duotone: primary outline #A97824 (antique gold), secondary flat fill #F1D592 at 100% placed only inside key shapes, max one accent #C0392B (kumkum red) for the meaning-carrying detail. Pixel-snapped, optically balanced, geometric, no gradients, no shadows, no texture, no text/letters unless specified. Must read clearly at 16px, 20px, 24px and 48px on cream #F3E9D6 and dark #0F0A06. Export a single clean SVG, viewBox 0 0 24 24, outlined strokes, no hidden layers. Avoid: emoji look, clip-art, cartoon faces, thin hairlines, 3D, glow, sparkles, halos, random dots, mixed stroke widths, filled blobs, illegible micro-detail, stock-icon clones."
05-payments-finance,Frontend + Backend,gst-tax,GST / Tax,Finance,percent in document,"Icon ""GST / Tax"" (gst-tax). Meaning: Finance. Draw: percent in document. Professional product UI icon, one consistent family. 24x24 grid, 2px live padding, 20x20 safe area, 1.75px stroke, round caps and joins, 2px corner radius. Duotone: primary outline #A97824 (antique gold), secondary flat fill #F1D592 at 100% placed only inside key shapes, max one accent #C0392B (kumkum red) for the meaning-carrying detail. Pixel-snapped, optically balanced, geometric, no gradients, no shadows, no texture, no text/letters unless specified. Must read clearly at 16px, 20px, 24px and 48px on cream #F3E9D6 and dark #0F0A06. Export a single clean SVG, viewBox 0 0 24 24, outlined strokes, no hidden layers. Avoid: emoji look, clip-art, cartoon faces, thin hairlines, 3D, glow, sparkles, halos, random dots, mixed stroke widths, filled blobs, illegible micro-detail, stock-icon clones."
05-payments-finance,Frontend + Backend,ledger,Ledger,Finance,book with columns,"Icon ""Ledger"" (ledger). Meaning: Finance. Draw: book with columns. Professional product UI icon, one consistent family. 24x24 grid, 2px live padding, 20x20 safe area, 1.75px stroke, round caps and joins, 2px corner radius. Duotone: primary outline #A97824 (antique gold), secondary flat fill #F1D592 at 100% placed only inside key shapes, max one accent #C0392B (kumkum red) for the meaning-carrying detail. Pixel-snapped, optically balanced, geometric, no gradients, no shadows, no texture, no text/letters unless specified. Must read clearly at 16px, 20px, 24px and 48px on cream #F3E9D6 and dark #0F0A06. Export a single clean SVG, viewBox 0 0 24 24, outlined strokes, no hidden layers. Avoid: emoji look, clip-art, cartoon faces, thin hairlines, 3D, glow, sparkles, halos, random dots, mixed stroke widths, filled blobs, illegible micro-detail, stock-icon clones."
05-payments-finance,Frontend + Backend,donation,Donation,Trust,hand with heart and coin,"Icon ""Donation"" (donation). Meaning: Trust. Draw: hand with heart and coin. Professional product UI icon, one consistent family. 24x24 grid, 2px live padding, 20x20 safe area, 1.75px stroke, round caps and joins, 2px corner radius. Duotone: primary outline #A97824 (antique gold), secondary flat fill #F1D592 at 100% placed only inside key shapes, max one accent #C0392B (kumkum red) for the meaning-carrying detail. Pixel-snapped, optically balanced, geometric, no gradients, no shadows, no texture, no text/letters unless specified. Must read clearly at 16px, 20px, 24px and 48px on cream #F3E9D6 and dark #0F0A06. Export a single clean SVG, viewBox 0 0 24 24, outlined strokes, no hidden layers. Avoid: emoji look, clip-art, cartoon faces, thin hairlines, 3D, glow, sparkles, halos, random dots, mixed stroke widths, filled blobs, illegible micro-detail, stock-icon clones."
05-payments-finance,Frontend + Backend,80g-certificate,80G Certificate,Donation receipts,certificate with ribbon,"Icon ""80G Certificate"" (80g-certificate). Meaning: Donation receipts. Draw: certificate with ribbon. Professional product UI icon, one consistent family. 24x24 grid, 2px live padding, 20x20 safe area, 1.75px stroke, round caps and joins, 2px corner radius. Duotone: primary outline #A97824 (antique gold), secondary flat fill #F1D592 at 100% placed only inside key shapes, max one accent #C0392B (kumkum red) for the meaning-carrying detail. Pixel-snapped, optically balanced, geometric, no gradients, no shadows, no texture, no text/letters unless specified. Must read clearly at 16px, 20px, 24px and 48px on cream #F3E9D6 and dark #0F0A06. Export a single clean SVG, viewBox 0 0 24 24, outlined strokes, no hidden layers. Avoid: emoji look, clip-art, cartoon faces, thin hairlines, 3D, glow, sparkles, halos, random dots, mixed stroke widths, filled blobs, illegible micro-detail, stock-icon clones."
05-payments-finance,Frontend + Backend,revenue,Revenue,Dashboard,rising bar chart with rupee,"Icon ""Revenue"" (revenue). Meaning: Dashboard. Draw: rising bar chart with rupee. Professional product UI icon, one consistent family. 24x24 grid, 2px live padding, 20x20 safe area, 1.75px stroke, round caps and joins, 2px corner radius. Duotone: primary outline #A97824 (antique gold), secondary flat fill #F1D592 at 100% placed only inside key shapes, max one accent #C0392B (kumkum red) for the meaning-carrying detail. Pixel-snapped, optically balanced, geometric, no gradients, no shadows, no texture, no text/letters unless specified. Must read clearly at 16px, 20px, 24px and 48px on cream #F3E9D6 and dark #0F0A06. Export a single clean SVG, viewBox 0 0 24 24, outlined strokes, no hidden layers. Avoid: emoji look, clip-art, cartoon faces, thin hairlines, 3D, glow, sparkles, halos, random dots, mixed stroke widths, filled blobs, illegible micro-detail, stock-icon clones."
05-payments-finance,Frontend + Backend,payment-failed,Payment Failed,Checkout,card with X in red,"Icon ""Payment Failed"" (payment-failed). Meaning: Checkout. Draw: card with X in red. Professional product UI icon, one consistent family. 24x24 grid, 2px live padding, 20x20 safe area, 1.75px stroke, round caps and joins, 2px corner radius. Duotone: primary outline #A97824 (antique gold), secondary flat fill #F1D592 at 100% placed only inside key shapes, max one accent #C0392B (kumkum red) for the meaning-carrying detail. Pixel-snapped, optically balanced, geometric, no gradients, no shadows, no texture, no text/letters unless specified. Must read clearly at 16px, 20px, 24px and 48px on cream #F3E9D6 and dark #0F0A06. Export a single clean SVG, viewBox 0 0 24 24, outlined strokes, no hidden layers. Avoid: emoji look, clip-art, cartoon faces, thin hairlines, 3D, glow, sparkles, halos, random dots, mixed stroke widths, filled blobs, illegible micro-detail, stock-icon clones."
06-devotee-account,Frontend,dashboard-devotee,My Dashboard,Account home,"four tiles, one filled","Icon ""My Dashboard"" (dashboard-devotee). Meaning: Account home. Draw: four tiles, one filled. Professional product UI icon, one consistent family. 24x24 grid, 2px live padding, 20x20 safe area, 1.75px stroke, round caps and joins, 2px corner radius. Duotone: primary outline #A97824 (antique gold), secondary flat fill #F1D592 at 100% placed only inside key shapes, max one accent #C0392B (kumkum red) for the meaning-carrying detail. Pixel-snapped, optically balanced, geometric, no gradients, no shadows, no texture, no text/letters unless specified. Must read clearly at 16px, 20px, 24px and 48px on cream #F3E9D6 and dark #0F0A06. Export a single clean SVG, viewBox 0 0 24 24, outlined strokes, no hidden layers. Avoid: emoji look, clip-art, cartoon faces, thin hairlines, 3D, glow, sparkles, halos, random dots, mixed stroke widths, filled blobs, illegible micro-detail, stock-icon clones."
06-devotee-account,Frontend,my-bookings,My Bookings,Account,calendar list with diya,"Icon ""My Bookings"" (my-bookings). Meaning: Account. Draw: calendar list with diya. Professional product UI icon, one consistent family. 24x24 grid, 2px live padding, 20x20 safe area, 1.75px stroke, round caps and joins, 2px corner radius. Duotone: primary outline #A97824 (antique gold), secondary flat fill #F1D592 at 100% placed only inside key shapes, max one accent #C0392B (kumkum red) for the meaning-carrying detail. Pixel-snapped, optically balanced, geometric, no gradients, no shadows, no texture, no text/letters unless specified. Must read clearly at 16px, 20px, 24px and 48px on cream #F3E9D6 and dark #0F0A06. Export a single clean SVG, viewBox 0 0 24 24, outlined strokes, no hidden layers. Avoid: emoji look, clip-art, cartoon faces, thin hairlines, 3D, glow, sparkles, halos, random dots, mixed stroke widths, filled blobs, illegible micro-detail, stock-icon clones."
06-devotee-account,Frontend,upcoming,Upcoming Puja,Account,calendar with right arrow,"Icon ""Upcoming Puja"" (upcoming). Meaning: Account. Draw: calendar with right arrow. Professional product UI icon, one consistent family. 24x24 grid, 2px live padding, 20x20 safe area, 1.75px stroke, round caps and joins, 2px corner radius. Duotone: primary outline #A97824 (antique gold), secondary flat fill #F1D592 at 100% placed only inside key shapes, max one accent #C0392B (kumkum red) for the meaning-carrying detail. Pixel-snapped, optically balanced, geometric, no gradients, no shadows, no texture, no text/letters unless specified. Must read clearly at 16px, 20px, 24px and 48px on cream #F3E9D6 and dark #0F0A06. Export a single clean SVG, viewBox 0 0 24 24, outlined strokes, no hidden layers. Avoid: emoji look, clip-art, cartoon faces, thin hairlines, 3D, glow, sparkles, halos, random dots, mixed stroke widths, filled blobs, illegible micro-detail, stock-icon clones."
06-devotee-account,Frontend,past-puja,Past Puja,Account,calendar with history arrow,"Icon ""Past Puja"" (past-puja). Meaning: Account. Draw: calendar with history arrow. Professional product UI icon, one consistent family. 24x24 grid, 2px live padding, 20x20 safe area, 1.75px stroke, round caps and joins, 2px corner radius. Duotone: primary outline #A97824 (antique gold), secondary flat fill #F1D592 at 100% placed only inside key shapes, max one accent #C0392B (kumkum red) for the meaning-carrying detail. Pixel-snapped, optically balanced, geometric, no gradients, no shadows, no texture, no text/letters unless specified. Must read clearly at 16px, 20px, 24px and 48px on cream #F3E9D6 and dark #0F0A06. Export a single clean SVG, viewBox 0 0 24 24, outlined strokes, no hidden layers. Avoid: emoji look, clip-art, cartoon faces, thin hairlines, 3D, glow, sparkles, halos, random dots, mixed stroke widths, filled blobs, illegible micro-detail, stock-icon clones."
06-devotee-account,Frontend,profile,Profile,Account,person card,"Icon ""Profile"" (profile). Meaning: Account. Draw: person card. Professional product UI icon, one consistent family. 24x24 grid, 2px live padding, 20x20 safe area, 1.75px stroke, round caps and joins, 2px corner radius. Duotone: primary outline #A97824 (antique gold), secondary flat fill #F1D592 at 100% placed only inside key shapes, max one accent #C0392B (kumkum red) for the meaning-carrying detail. Pixel-snapped, optically balanced, geometric, no gradients, no shadows, no texture, no text/letters unless specified. Must read clearly at 16px, 20px, 24px and 48px on cream #F3E9D6 and dark #0F0A06. Export a single clean SVG, viewBox 0 0 24 24, outlined strokes, no hidden layers. Avoid: emoji look, clip-art, cartoon faces, thin hairlines, 3D, glow, sparkles, halos, random dots, mixed stroke widths, filled blobs, illegible micro-detail, stock-icon clones."
06-devotee-account,Frontend,addresses,Addresses,Prasad delivery,house with pin,"Icon ""Addresses"" (addresses). Meaning: Prasad delivery. Draw: house with pin. Professional product UI icon, one consistent family. 24x24 grid, 2px live padding, 20x20 safe area, 1.75px stroke, round caps and joins, 2px corner radius. Duotone: primary outline #A97824 (antique gold), secondary flat fill #F1D592 at 100% placed only inside key shapes, max one accent #C0392B (kumkum red) for the meaning-carrying detail. Pixel-snapped, optically balanced, geometric, no gradients, no shadows, no texture, no text/letters unless specified. Must read clearly at 16px, 20px, 24px and 48px on cream #F3E9D6 and dark #0F0A06. Export a single clean SVG, viewBox 0 0 24 24, outlined strokes, no hidden layers. Avoid: emoji look, clip-art, cartoon faces, thin hairlines, 3D, glow, sparkles, halos, random dots, mixed stroke widths, filled blobs, illegible micro-detail, stock-icon clones."
06-devotee-account,Frontend,saved-family,Saved Family,Sankalp autofill,family with heart,"Icon ""Saved Family"" (saved-family). Meaning: Sankalp autofill. Draw: family with heart. Professional product UI icon, one consistent family. 24x24 grid, 2px live padding, 20x20 safe area, 1.75px stroke, round caps and joins, 2px corner radius. Duotone: primary outline #A97824 (antique gold), secondary flat fill #F1D592 at 100% placed only inside key shapes, max one accent #C0392B (kumkum red) for the meaning-carrying detail. Pixel-snapped, optically balanced, geometric, no gradients, no shadows, no texture, no text/letters unless specified. Must read clearly at 16px, 20px, 24px and 48px on cream #F3E9D6 and dark #0F0A06. Export a single clean SVG, viewBox 0 0 24 24, outlined strokes, no hidden layers. Avoid: emoji look, clip-art, cartoon faces, thin hairlines, 3D, glow, sparkles, halos, random dots, mixed stroke widths, filled blobs, illegible micro-detail, stock-icon clones."
06-devotee-account,Frontend,favourites,Favourites,Saved services,heart,"Icon ""Favourites"" (favourites). Meaning: Saved services. Draw: heart. Professional product UI icon, one consistent family. 24x24 grid, 2px live padding, 20x20 safe area, 1.75px stroke, round caps and joins, 2px corner radius. Duotone: primary outline #A97824 (antique gold), secondary flat fill #F1D592 at 100% placed only inside key shapes, max one accent #C0392B (kumkum red) for the meaning-carrying detail. Pixel-snapped, optically balanced, geometric, no gradients, no shadows, no texture, no text/letters unless specified. Must read clearly at 16px, 20px, 24px and 48px on cream #F3E9D6 and dark #0F0A06. Export a single clean SVG, viewBox 0 0 24 24, outlined strokes, no hidden layers. Avoid: emoji look, clip-art, cartoon faces, thin hairlines, 3D, glow, sparkles, halos, random dots, mixed stroke widths, filled blobs, illegible micro-detail, stock-icon clones."
06-devotee-account,Frontend,notifications,Notifications,Header bell,temple bell with clapper (ghanta),"Icon ""Notifications"" (notifications). Meaning: Header bell. Draw: temple bell with clapper (ghanta). Professional product UI icon, one consistent family. 24x24 grid, 2px live padding, 20x20 safe area, 1.75px stroke, round caps and joins, 2px corner radius. Duotone: primary outline #A97824 (antique gold), secondary flat fill #F1D592 at 100% placed only inside key shapes, max one accent #C0392B (kumkum red) for the meaning-carrying detail. Pixel-snapped, optically balanced, geometric, no gradients, no shadows, no texture, no text/letters unless specified. Must read clearly at 16px, 20px, 24px and 48px on cream #F3E9D6 and dark #0F0A06. Export a single clean SVG, viewBox 0 0 24 24, outlined strokes, no hidden layers. Avoid: emoji look, clip-art, cartoon faces, thin hairlines, 3D, glow, sparkles, halos, random dots, mixed stroke widths, filled blobs, illegible micro-detail, stock-icon clones."
06-devotee-account,Frontend,recordings,Recordings,After puja,film reel with play,"Icon ""Recordings"" (recordings). Meaning: After puja. Draw: film reel with play. Professional product UI icon, one consistent family. 24x24 grid, 2px live padding, 20x20 safe area, 1.75px stroke, round caps and joins, 2px corner radius. Duotone: primary outline #A97824 (antique gold), secondary flat fill #F1D592 at 100% placed only inside key shapes, max one accent #C0392B (kumkum red) for the meaning-carrying detail. Pixel-snapped, optically balanced, geometric, no gradients, no shadows, no texture, no text/letters unless specified. Must read clearly at 16px, 20px, 24px and 48px on cream #F3E9D6 and dark #0F0A06. Export a single clean SVG, viewBox 0 0 24 24, outlined strokes, no hidden layers. Avoid: emoji look, clip-art, cartoon faces, thin hairlines, 3D, glow, sparkles, halos, random dots, mixed stroke widths, filled blobs, illegible micro-detail, stock-icon clones."
06-devotee-account,Frontend,photos-proof,Photo Proof,After puja,stacked photos,"Icon ""Photo Proof"" (photos-proof). Meaning: After puja. Draw: stacked photos. Professional product UI icon, one consistent family. 24x24 grid, 2px live padding, 20x20 safe area, 1.75px stroke, round caps and joins, 2px corner radius. Duotone: primary outline #A97824 (antique gold), secondary flat fill #F1D592 at 100% placed only inside key shapes, max one accent #C0392B (kumkum red) for the meaning-carrying detail. Pixel-snapped, optically balanced, geometric, no gradients, no shadows, no texture, no text/letters unless specified. Must read clearly at 16px, 20px, 24px and 48px on cream #F3E9D6 and dark #0F0A06. Export a single clean SVG, viewBox 0 0 24 24, outlined strokes, no hidden layers. Avoid: emoji look, clip-art, cartoon faces, thin hairlines, 3D, glow, sparkles, halos, random dots, mixed stroke widths, filled blobs, illegible micro-detail, stock-icon clones."
06-devotee-account,Frontend,certificate,Puja Certificate,After puja,scroll with seal,"Icon ""Puja Certificate"" (certificate). Meaning: After puja. Draw: scroll with seal. Professional product UI icon, one consistent family. 24x24 grid, 2px live padding, 20x20 safe area, 1.75px stroke, round caps and joins, 2px corner radius. Duotone: primary outline #A97824 (antique gold), secondary flat fill #F1D592 at 100% placed only inside key shapes, max one accent #C0392B (kumkum red) for the meaning-carrying detail. Pixel-snapped, optically balanced, geometric, no gradients, no shadows, no texture, no text/letters unless specified. Must read clearly at 16px, 20px, 24px and 48px on cream #F3E9D6 and dark #0F0A06. Export a single clean SVG, viewBox 0 0 24 24, outlined strokes, no hidden layers. Avoid: emoji look, clip-art, cartoon faces, thin hairlines, 3D, glow, sparkles, halos, random dots, mixed stroke widths, filled blobs, illegible micro-detail, stock-icon clones."
06-devotee-account,Frontend,track-prasad,Track Prasad,Delivery,truck with box,"Icon ""Track Prasad"" (track-prasad). Meaning: Delivery. Draw: truck with box. Professional product UI icon, one consistent family. 24x24 grid, 2px live padding, 20x20 safe area, 1.75px stroke, round caps and joins, 2px corner radius. Duotone: primary outline #A97824 (antique gold), secondary flat fill #F1D592 at 100% placed only inside key shapes, max one accent #C0392B (kumkum red) for the meaning-carrying detail. Pixel-snapped, optically balanced, geometric, no gradients, no shadows, no texture, no text/letters unless specified. Must read clearly at 16px, 20px, 24px and 48px on cream #F3E9D6 and dark #0F0A06. Export a single clean SVG, viewBox 0 0 24 24, outlined strokes, no hidden layers. Avoid: emoji look, clip-art, cartoon faces, thin hairlines, 3D, glow, sparkles, halos, random dots, mixed stroke widths, filled blobs, illegible micro-detail, stock-icon clones."
06-devotee-account,Frontend,reschedule,Reschedule,Booking actions,calendar with circular arrow,"Icon ""Reschedule"" (reschedule). Meaning: Booking actions. Draw: calendar with circular arrow. Professional product UI icon, one consistent family. 24x24 grid, 2px live padding, 20x20 safe area, 1.75px stroke, round caps and joins, 2px corner radius. Duotone: primary outline #A97824 (antique gold), secondary flat fill #F1D592 at 100% placed only inside key shapes, max one accent #C0392B (kumkum red) for the meaning-carrying detail. Pixel-snapped, optically balanced, geometric, no gradients, no shadows, no texture, no text/letters unless specified. Must read clearly at 16px, 20px, 24px and 48px on cream #F3E9D6 and dark #0F0A06. Export a single clean SVG, viewBox 0 0 24 24, outlined strokes, no hidden layers. Avoid: emoji look, clip-art, cartoon faces, thin hairlines, 3D, glow, sparkles, halos, random dots, mixed stroke widths, filled blobs, illegible micro-detail, stock-icon clones."
06-devotee-account,Frontend,cancel-booking,Cancel Booking,Booking actions,calendar with X,"Icon ""Cancel Booking"" (cancel-booking). Meaning: Booking actions. Draw: calendar with X. Professional product UI icon, one consistent family. 24x24 grid, 2px live padding, 20x20 safe area, 1.75px stroke, round caps and joins, 2px corner radius. Duotone: primary outline #A97824 (antique gold), secondary flat fill #F1D592 at 100% placed only inside key shapes, max one accent #C0392B (kumkum red) for the meaning-carrying detail. Pixel-snapped, optically balanced, geometric, no gradients, no shadows, no texture, no text/letters unless specified. Must read clearly at 16px, 20px, 24px and 48px on cream #F3E9D6 and dark #0F0A06. Export a single clean SVG, viewBox 0 0 24 24, outlined strokes, no hidden layers. Avoid: emoji look, clip-art, cartoon faces, thin hairlines, 3D, glow, sparkles, halos, random dots, mixed stroke widths, filled blobs, illegible micro-detail, stock-icon clones."
06-devotee-account,Frontend,rebook,Book Again,Booking actions,repeat arrows around diya,"Icon ""Book Again"" (rebook). Meaning: Booking actions. Draw: repeat arrows around diya. Professional product UI icon, one consistent family. 24x24 grid, 2px live padding, 20x20 safe area, 1.75px stroke, round caps and joins, 2px corner radius. Duotone: primary outline #A97824 (antique gold), secondary flat fill #F1D592 at 100% placed only inside key shapes, max one accent #C0392B (kumkum red) for the meaning-carrying detail. Pixel-snapped, optically balanced, geometric, no gradients, no shadows, no texture, no text/letters unless specified. Must read clearly at 16px, 20px, 24px and 48px on cream #F3E9D6 and dark #0F0A06. Export a single clean SVG, viewBox 0 0 24 24, outlined strokes, no hidden layers. Avoid: emoji look, clip-art, cartoon faces, thin hairlines, 3D, glow, sparkles, halos, random dots, mixed stroke widths, filled blobs, illegible micro-detail, stock-icon clones."
06-devotee-account,Frontend,write-review,Write Review,After puja,star with pencil,"Icon ""Write Review"" (write-review). Meaning: After puja. Draw: star with pencil. Professional product UI icon, one consistent family. 24x24 grid, 2px live padding, 20x20 safe area, 1.75px stroke, round caps and joins, 2px corner radius. Duotone: primary outline #A97824 (antique gold), secondary flat fill #F1D592 at 100% placed only inside key shapes, max one accent #C0392B (kumkum red) for the meaning-carrying detail. Pixel-snapped, optically balanced, geometric, no gradients, no shadows, no texture, no text/letters unless specified. Must read clearly at 16px, 20px, 24px and 48px on cream #F3E9D6 and dark #0F0A06. Export a single clean SVG, viewBox 0 0 24 24, outlined strokes, no hidden layers. Avoid: emoji look, clip-art, cartoon faces, thin hairlines, 3D, glow, sparkles, halos, random dots, mixed stroke widths, filled blobs, illegible micro-detail, stock-icon clones."
06-devotee-account,Frontend,logout,Logout,Account,door with arrow out,"Icon ""Logout"" (logout). Meaning: Account. Draw: door with arrow out. Professional product UI icon, one consistent family. 24x24 grid, 2px live padding, 20x20 safe area, 1.75px stroke, round caps and joins, 2px corner radius. Duotone: primary outline #A97824 (antique gold), secondary flat fill #F1D592 at 100% placed only inside key shapes, max one accent #C0392B (kumkum red) for the meaning-carrying detail. Pixel-snapped, optically balanced, geometric, no gradients, no shadows, no texture, no text/letters unless specified. Must read clearly at 16px, 20px, 24px and 48px on cream #F3E9D6 and dark #0F0A06. Export a single clean SVG, viewBox 0 0 24 24, outlined strokes, no hidden layers. Avoid: emoji look, clip-art, cartoon faces, thin hairlines, 3D, glow, sparkles, halos, random dots, mixed stroke widths, filled blobs, illegible micro-detail, stock-icon clones."
06-devotee-account,Frontend,login,Login,Header,door with arrow in,"Icon ""Login"" (login). Meaning: Header. Draw: door with arrow in. Professional product UI icon, one consistent family. 24x24 grid, 2px live padding, 20x20 safe area, 1.75px stroke, round caps and joins, 2px corner radius. Duotone: primary outline #A97824 (antique gold), secondary flat fill #F1D592 at 100% placed only inside key shapes, max one accent #C0392B (kumkum red) for the meaning-carrying detail. Pixel-snapped, optically balanced, geometric, no gradients, no shadows, no texture, no text/letters unless specified. Must read clearly at 16px, 20px, 24px and 48px on cream #F3E9D6 and dark #0F0A06. Export a single clean SVG, viewBox 0 0 24 24, outlined strokes, no hidden layers. Avoid: emoji look, clip-art, cartoon faces, thin hairlines, 3D, glow, sparkles, halos, random dots, mixed stroke widths, filled blobs, illegible micro-detail, stock-icon clones."
06-devotee-account,Frontend,register,Register,Signup,person with plus,"Icon ""Register"" (register). Meaning: Signup. Draw: person with plus. Professional product UI icon, one consistent family. 24x24 grid, 2px live padding, 20x20 safe area, 1.75px stroke, round caps and joins, 2px corner radius. Duotone: primary outline #A97824 (antique gold), secondary flat fill #F1D592 at 100% placed only inside key shapes, max one accent #C0392B (kumkum red) for the meaning-carrying detail. Pixel-snapped, optically balanced, geometric, no gradients, no shadows, no texture, no text/letters unless specified. Must read clearly at 16px, 20px, 24px and 48px on cream #F3E9D6 and dark #0F0A06. Export a single clean SVG, viewBox 0 0 24 24, outlined strokes, no hidden layers. Avoid: emoji look, clip-art, cartoon faces, thin hairlines, 3D, glow, sparkles, halos, random dots, mixed stroke widths, filled blobs, illegible micro-detail, stock-icon clones."
06-devotee-account,Frontend,otp,OTP,Login,phone with 4 dots,"Icon ""OTP"" (otp). Meaning: Login. Draw: phone with 4 dots. Professional product UI icon, one consistent family. 24x24 grid, 2px live padding, 20x20 safe area, 1.75px stroke, round caps and joins, 2px corner radius. Duotone: primary outline #A97824 (antique gold), secondary flat fill #F1D592 at 100% placed only inside key shapes, max one accent #C0392B (kumkum red) for the meaning-carrying detail. Pixel-snapped, optically balanced, geometric, no gradients, no shadows, no texture, no text/letters unless specified. Must read clearly at 16px, 20px, 24px and 48px on cream #F3E9D6 and dark #0F0A06. Export a single clean SVG, viewBox 0 0 24 24, outlined strokes, no hidden layers. Avoid: emoji look, clip-art, cartoon faces, thin hairlines, 3D, glow, sparkles, halos, random dots, mixed stroke widths, filled blobs, illegible micro-detail, stock-icon clones."
06-devotee-account,Frontend,social-google,Google Sign-in,Login,G in circle (generic),"Icon ""Google Sign-in"" (social-google). Meaning: Login. Draw: G in circle (generic). Professional product UI icon, one consistent family. 24x24 grid, 2px live padding, 20x20 safe area, 1.75px stroke, round caps and joins, 2px corner radius. Duotone: primary outline #A97824 (antique gold), secondary flat fill #F1D592 at 100% placed only inside key shapes, max one accent #C0392B (kumkum red) for the meaning-carrying detail. Pixel-snapped, optically balanced, geometric, no gradients, no shadows, no texture, no text/letters unless specified. Must read clearly at 16px, 20px, 24px and 48px on cream #F3E9D6 and dark #0F0A06. Export a single clean SVG, viewBox 0 0 24 24, outlined strokes, no hidden layers. Avoid: emoji look, clip-art, cartoon faces, thin hairlines, 3D, glow, sparkles, halos, random dots, mixed stroke widths, filled blobs, illegible micro-detail, stock-icon clones."
07-live-online-puja,Frontend + Priest,live-badge,Live,Session pages,dot in red with broadcast arcs,"Icon ""Live"" (live-badge). Meaning: Session pages. Draw: dot in red with broadcast arcs. Professional product UI icon, one consistent family. 24x24 grid, 2px live padding, 20x20 safe area, 1.75px stroke, round caps and joins, 2px corner radius. Duotone: primary outline #A97824 (antique gold), secondary flat fill #F1D592 at 100% placed only inside key shapes, max one accent #C0392B (kumkum red) for the meaning-carrying detail. Pixel-snapped, optically balanced, geometric, no gradients, no shadows, no texture, no text/letters unless specified. Must read clearly at 16px, 20px, 24px and 48px on cream #F3E9D6 and dark #0F0A06. Export a single clean SVG, viewBox 0 0 24 24, outlined strokes, no hidden layers. Avoid: emoji look, clip-art, cartoon faces, thin hairlines, 3D, glow, sparkles, halos, random dots, mixed stroke widths, filled blobs, illegible micro-detail, stock-icon clones."
07-live-online-puja,Frontend + Priest,video-call,Video Call,Session join,camera with person,"Icon ""Video Call"" (video-call). Meaning: Session join. Draw: camera with person. Professional product UI icon, one consistent family. 24x24 grid, 2px live padding, 20x20 safe area, 1.75px stroke, round caps and joins, 2px corner radius. Duotone: primary outline #A97824 (antique gold), secondary flat fill #F1D592 at 100% placed only inside key shapes, max one accent #C0392B (kumkum red) for the meaning-carrying detail. Pixel-snapped, optically balanced, geometric, no gradients, no shadows, no texture, no text/letters unless specified. Must read clearly at 16px, 20px, 24px and 48px on cream #F3E9D6 and dark #0F0A06. Export a single clean SVG, viewBox 0 0 24 24, outlined strokes, no hidden layers. Avoid: emoji look, clip-art, cartoon faces, thin hairlines, 3D, glow, sparkles, halos, random dots, mixed stroke widths, filled blobs, illegible micro-detail, stock-icon clones."
07-live-online-puja,Frontend + Priest,join-session,Join Session,Reminders,door with play,"Icon ""Join Session"" (join-session). Meaning: Reminders. Draw: door with play. Professional product UI icon, one consistent family. 24x24 grid, 2px live padding, 20x20 safe area, 1.75px stroke, round caps and joins, 2px corner radius. Duotone: primary outline #A97824 (antique gold), secondary flat fill #F1D592 at 100% placed only inside key shapes, max one accent #C0392B (kumkum red) for the meaning-carrying detail. Pixel-snapped, optically balanced, geometric, no gradients, no shadows, no texture, no text/letters unless specified. Must read clearly at 16px, 20px, 24px and 48px on cream #F3E9D6 and dark #0F0A06. Export a single clean SVG, viewBox 0 0 24 24, outlined strokes, no hidden layers. Avoid: emoji look, clip-art, cartoon faces, thin hairlines, 3D, glow, sparkles, halos, random dots, mixed stroke widths, filled blobs, illegible micro-detail, stock-icon clones."
07-live-online-puja,Frontend + Priest,mic-on,Mic On,Session,microphone,"Icon ""Mic On"" (mic-on). Meaning: Session. Draw: microphone. Professional product UI icon, one consistent family. 24x24 grid, 2px live padding, 20x20 safe area, 1.75px stroke, round caps and joins, 2px corner radius. Duotone: primary outline #A97824 (antique gold), secondary flat fill #F1D592 at 100% placed only inside key shapes, max one accent #C0392B (kumkum red) for the meaning-carrying detail. Pixel-snapped, optically balanced, geometric, no gradients, no shadows, no texture, no text/letters unless specified. Must read clearly at 16px, 20px, 24px and 48px on cream #F3E9D6 and dark #0F0A06. Export a single clean SVG, viewBox 0 0 24 24, outlined strokes, no hidden layers. Avoid: emoji look, clip-art, cartoon faces, thin hairlines, 3D, glow, sparkles, halos, random dots, mixed stroke widths, filled blobs, illegible micro-detail, stock-icon clones."
07-live-online-puja,Frontend + Priest,mic-off,Mic Off,Session,microphone with slash,"Icon ""Mic Off"" (mic-off). Meaning: Session. Draw: microphone with slash. Professional product UI icon, one consistent family. 24x24 grid, 2px live padding, 20x20 safe area, 1.75px stroke, round caps and joins, 2px corner radius. Duotone: primary outline #A97824 (antique gold), secondary flat fill #F1D592 at 100% placed only inside key shapes, max one accent #C0392B (kumkum red) for the meaning-carrying detail. Pixel-snapped, optically balanced, geometric, no gradients, no shadows, no texture, no text/letters unless specified. Must read clearly at 16px, 20px, 24px and 48px on cream #F3E9D6 and dark #0F0A06. Export a single clean SVG, viewBox 0 0 24 24, outlined strokes, no hidden layers. Avoid: emoji look, clip-art, cartoon faces, thin hairlines, 3D, glow, sparkles, halos, random dots, mixed stroke widths, filled blobs, illegible micro-detail, stock-icon clones."
07-live-online-puja,Frontend + Priest,camera-on,Camera On,Session,video camera,"Icon ""Camera On"" (camera-on). Meaning: Session. Draw: video camera. Professional product UI icon, one consistent family. 24x24 grid, 2px live padding, 20x20 safe area, 1.75px stroke, round caps and joins, 2px corner radius. Duotone: primary outline #A97824 (antique gold), secondary flat fill #F1D592 at 100% placed only inside key shapes, max one accent #C0392B (kumkum red) for the meaning-carrying detail. Pixel-snapped, optically balanced, geometric, no gradients, no shadows, no texture, no text/letters unless specified. Must read clearly at 16px, 20px, 24px and 48px on cream #F3E9D6 and dark #0F0A06. Export a single clean SVG, viewBox 0 0 24 24, outlined strokes, no hidden layers. Avoid: emoji look, clip-art, cartoon faces, thin hairlines, 3D, glow, sparkles, halos, random dots, mixed stroke widths, filled blobs, illegible micro-detail, stock-icon clones."
07-live-online-puja,Frontend + Priest,camera-off,Camera Off,Session,video camera with slash,"Icon ""Camera Off"" (camera-off). Meaning: Session. Draw: video camera with slash. Professional product UI icon, one consistent family. 24x24 grid, 2px live padding, 20x20 safe area, 1.75px stroke, round caps and joins, 2px corner radius. Duotone: primary outline #A97824 (antique gold), secondary flat fill #F1D592 at 100% placed only inside key shapes, max one accent #C0392B (kumkum red) for the meaning-carrying detail. Pixel-snapped, optically balanced, geometric, no gradients, no shadows, no texture, no text/letters unless specified. Must read clearly at 16px, 20px, 24px and 48px on cream #F3E9D6 and dark #0F0A06. Export a single clean SVG, viewBox 0 0 24 24, outlined strokes, no hidden layers. Avoid: emoji look, clip-art, cartoon faces, thin hairlines, 3D, glow, sparkles, halos, random dots, mixed stroke widths, filled blobs, illegible micro-detail, stock-icon clones."
07-live-online-puja,Frontend + Priest,screen-share,Screen Share,Session,monitor with up arrow,"Icon ""Screen Share"" (screen-share). Meaning: Session. Draw: monitor with up arrow. Professional product UI icon, one consistent family. 24x24 grid, 2px live padding, 20x20 safe area, 1.75px stroke, round caps and joins, 2px corner radius. Duotone: primary outline #A97824 (antique gold), secondary flat fill #F1D592 at 100% placed only inside key shapes, max one accent #C0392B (kumkum red) for the meaning-carrying detail. Pixel-snapped, optically balanced, geometric, no gradients, no shadows, no texture, no text/letters unless specified. Must read clearly at 16px, 20px, 24px and 48px on cream #F3E9D6 and dark #0F0A06. Export a single clean SVG, viewBox 0 0 24 24, outlined strokes, no hidden layers. Avoid: emoji look, clip-art, cartoon faces, thin hairlines, 3D, glow, sparkles, halos, random dots, mixed stroke widths, filled blobs, illegible micro-detail, stock-icon clones."
07-live-online-puja,Frontend + Priest,time-zone,Time Zone,NRI scheduling,globe with clock,"Icon ""Time Zone"" (time-zone). Meaning: NRI scheduling. Draw: globe with clock. Professional product UI icon, one consistent family. 24x24 grid, 2px live padding, 20x20 safe area, 1.75px stroke, round caps and joins, 2px corner radius. Duotone: primary outline #A97824 (antique gold), secondary flat fill #F1D592 at 100% placed only inside key shapes, max one accent #C0392B (kumkum red) for the meaning-carrying detail. Pixel-snapped, optically balanced, geometric, no gradients, no shadows, no texture, no text/letters unless specified. Must read clearly at 16px, 20px, 24px and 48px on cream #F3E9D6 and dark #0F0A06. Export a single clean SVG, viewBox 0 0 24 24, outlined strokes, no hidden layers. Avoid: emoji look, clip-art, cartoon faces, thin hairlines, 3D, glow, sparkles, halos, random dots, mixed stroke widths, filled blobs, illegible micro-detail, stock-icon clones."
07-live-online-puja,Frontend + Priest,replay,Replay,Recordings,circular arrow with play,"Icon ""Replay"" (replay). Meaning: Recordings. Draw: circular arrow with play. Professional product UI icon, one consistent family. 24x24 grid, 2px live padding, 20x20 safe area, 1.75px stroke, round caps and joins, 2px corner radius. Duotone: primary outline #A97824 (antique gold), secondary flat fill #F1D592 at 100% placed only inside key shapes, max one accent #C0392B (kumkum red) for the meaning-carrying detail. Pixel-snapped, optically balanced, geometric, no gradients, no shadows, no texture, no text/letters unless specified. Must read clearly at 16px, 20px, 24px and 48px on cream #F3E9D6 and dark #0F0A06. Export a single clean SVG, viewBox 0 0 24 24, outlined strokes, no hidden layers. Avoid: emoji look, clip-art, cartoon faces, thin hairlines, 3D, glow, sparkles, halos, random dots, mixed stroke widths, filled blobs, illegible micro-detail, stock-icon clones."
07-live-online-puja,Frontend + Priest,chat,Chat,Session,speech bubble with three dots,"Icon ""Chat"" (chat). Meaning: Session. Draw: speech bubble with three dots. Professional product UI icon, one consistent family. 24x24 grid, 2px live padding, 20x20 safe area, 1.75px stroke, round caps and joins, 2px corner radius. Duotone: primary outline #A97824 (antique gold), secondary flat fill #F1D592 at 100% placed only inside key shapes, max one accent #C0392B (kumkum red) for the meaning-carrying detail. Pixel-snapped, optically balanced, geometric, no gradients, no shadows, no texture, no text/letters unless specified. Must read clearly at 16px, 20px, 24px and 48px on cream #F3E9D6 and dark #0F0A06. Export a single clean SVG, viewBox 0 0 24 24, outlined strokes, no hidden layers. Avoid: emoji look, clip-art, cartoon faces, thin hairlines, 3D, glow, sparkles, halos, random dots, mixed stroke widths, filled blobs, illegible micro-detail, stock-icon clones."
07-live-online-puja,Frontend + Priest,raise-hand,Raise Hand,Session,open palm,"Icon ""Raise Hand"" (raise-hand). Meaning: Session. Draw: open palm. Professional product UI icon, one consistent family. 24x24 grid, 2px live padding, 20x20 safe area, 1.75px stroke, round caps and joins, 2px corner radius. Duotone: primary outline #A97824 (antique gold), secondary flat fill #F1D592 at 100% placed only inside key shapes, max one accent #C0392B (kumkum red) for the meaning-carrying detail. Pixel-snapped, optically balanced, geometric, no gradients, no shadows, no texture, no text/letters unless specified. Must read clearly at 16px, 20px, 24px and 48px on cream #F3E9D6 and dark #0F0A06. Export a single clean SVG, viewBox 0 0 24 24, outlined strokes, no hidden layers. Avoid: emoji look, clip-art, cartoon faces, thin hairlines, 3D, glow, sparkles, halos, random dots, mixed stroke widths, filled blobs, illegible micro-detail, stock-icon clones."
08-panchang-jyotish,Frontend (Panchang app),tithi,Tithi,Panchang,moon phase half,"Icon ""Tithi"" (tithi). Meaning: Panchang. Draw: moon phase half. Professional product UI icon, one consistent family. 24x24 grid, 2px live padding, 20x20 safe area, 1.75px stroke, round caps and joins, 2px corner radius. Duotone: primary outline #A97824 (antique gold), secondary flat fill #F1D592 at 100% placed only inside key shapes, max one accent #C0392B (kumkum red) for the meaning-carrying detail. Pixel-snapped, optically balanced, geometric, no gradients, no shadows, no texture, no text/letters unless specified. Must read clearly at 16px, 20px, 24px and 48px on cream #F3E9D6 and dark #0F0A06. Export a single clean SVG, viewBox 0 0 24 24, outlined strokes, no hidden layers. Avoid: emoji look, clip-art, cartoon faces, thin hairlines, 3D, glow, sparkles, halos, random dots, mixed stroke widths, filled blobs, illegible micro-detail, stock-icon clones."
08-panchang-jyotish,Frontend (Panchang app),nakshatra,Nakshatra,Panchang,star with orbit,"Icon ""Nakshatra"" (nakshatra). Meaning: Panchang. Draw: star with orbit. Professional product UI icon, one consistent family. 24x24 grid, 2px live padding, 20x20 safe area, 1.75px stroke, round caps and joins, 2px corner radius. Duotone: primary outline #A97824 (antique gold), secondary flat fill #F1D592 at 100% placed only inside key shapes, max one accent #C0392B (kumkum red) for the meaning-carrying detail. Pixel-snapped, optically balanced, geometric, no gradients, no shadows, no texture, no text/letters unless specified. Must read clearly at 16px, 20px, 24px and 48px on cream #F3E9D6 and dark #0F0A06. Export a single clean SVG, viewBox 0 0 24 24, outlined strokes, no hidden layers. Avoid: emoji look, clip-art, cartoon faces, thin hairlines, 3D, glow, sparkles, halos, random dots, mixed stroke widths, filled blobs, illegible micro-detail, stock-icon clones."
08-panchang-jyotish,Frontend (Panchang app),yoga-panchang,Yoga,Panchang,two interlocked circles,"Icon ""Yoga"" (yoga-panchang). Meaning: Panchang. Draw: two interlocked circles. Professional product UI icon, one consistent family. 24x24 grid, 2px live padding, 20x20 safe area, 1.75px stroke, round caps and joins, 2px corner radius. Duotone: primary outline #A97824 (antique gold), secondary flat fill #F1D592 at 100% placed only inside key shapes, max one accent #C0392B (kumkum red) for the meaning-carrying detail. Pixel-snapped, optically balanced, geometric, no gradients, no shadows, no texture, no text/letters unless specified. Must read clearly at 16px, 20px, 24px and 48px on cream #F3E9D6 and dark #0F0A06. Export a single clean SVG, viewBox 0 0 24 24, outlined strokes, no hidden layers. Avoid: emoji look, clip-art, cartoon faces, thin hairlines, 3D, glow, sparkles, halos, random dots, mixed stroke widths, filled blobs, illegible micro-detail, stock-icon clones."
08-panchang-jyotish,Frontend (Panchang app),karana,Karana,Panchang,half circle with dot,"Icon ""Karana"" (karana). Meaning: Panchang. Draw: half circle with dot. Professional product UI icon, one consistent family. 24x24 grid, 2px live padding, 20x20 safe area, 1.75px stroke, round caps and joins, 2px corner radius. Duotone: primary outline #A97824 (antique gold), secondary flat fill #F1D592 at 100% placed only inside key shapes, max one accent #C0392B (kumkum red) for the meaning-carrying detail. Pixel-snapped, optically balanced, geometric, no gradients, no shadows, no texture, no text/letters unless specified. Must read clearly at 16px, 20px, 24px and 48px on cream #F3E9D6 and dark #0F0A06. Export a single clean SVG, viewBox 0 0 24 24, outlined strokes, no hidden layers. Avoid: emoji look, clip-art, cartoon faces, thin hairlines, 3D, glow, sparkles, halos, random dots, mixed stroke widths, filled blobs, illegible micro-detail, stock-icon clones."
08-panchang-jyotish,Frontend (Panchang app),vaar,Vaar (weekday),Panchang,calendar with sun,"Icon ""Vaar (weekday)"" (vaar). Meaning: Panchang. Draw: calendar with sun. Professional product UI icon, one consistent family. 24x24 grid, 2px live padding, 20x20 safe area, 1.75px stroke, round caps and joins, 2px corner radius. Duotone: primary outline #A97824 (antique gold), secondary flat fill #F1D592 at 100% placed only inside key shapes, max one accent #C0392B (kumkum red) for the meaning-carrying detail. Pixel-snapped, optically balanced, geometric, no gradients, no shadows, no texture, no text/letters unless specified. Must read clearly at 16px, 20px, 24px and 48px on cream #F3E9D6 and dark #0F0A06. Export a single clean SVG, viewBox 0 0 24 24, outlined strokes, no hidden layers. Avoid: emoji look, clip-art, cartoon faces, thin hairlines, 3D, glow, sparkles, halos, random dots, mixed stroke widths, filled blobs, illegible micro-detail, stock-icon clones."
08-panchang-jyotish,Frontend (Panchang app),sunrise,Sunrise,Panchang,"half sun over line, arrow up","Icon ""Sunrise"" (sunrise). Meaning: Panchang. Draw: half sun over line, arrow up. Professional product UI icon, one consistent family. 24x24 grid, 2px live padding, 20x20 safe area, 1.75px stroke, round caps and joins, 2px corner radius. Duotone: primary outline #A97824 (antique gold), secondary flat fill #F1D592 at 100% placed only inside key shapes, max one accent #C0392B (kumkum red) for the meaning-carrying detail. Pixel-snapped, optically balanced, geometric, no gradients, no shadows, no texture, no text/letters unless specified. Must read clearly at 16px, 20px, 24px and 48px on cream #F3E9D6 and dark #0F0A06. Export a single clean SVG, viewBox 0 0 24 24, outlined strokes, no hidden layers. Avoid: emoji look, clip-art, cartoon faces, thin hairlines, 3D, glow, sparkles, halos, random dots, mixed stroke widths, filled blobs, illegible micro-detail, stock-icon clones."
08-panchang-jyotish,Frontend (Panchang app),sunset,Sunset,Panchang,"half sun over line, arrow down","Icon ""Sunset"" (sunset). Meaning: Panchang. Draw: half sun over line, arrow down. Professional product UI icon, one consistent family. 24x24 grid, 2px live padding, 20x20 safe area, 1.75px stroke, round caps and joins, 2px corner radius. Duotone: primary outline #A97824 (antique gold), secondary flat fill #F1D592 at 100% placed only inside key shapes, max one accent #C0392B (kumkum red) for the meaning-carrying detail. Pixel-snapped, optically balanced, geometric, no gradients, no shadows, no texture, no text/letters unless specified. Must read clearly at 16px, 20px, 24px and 48px on cream #F3E9D6 and dark #0F0A06. Export a single clean SVG, viewBox 0 0 24 24, outlined strokes, no hidden layers. Avoid: emoji look, clip-art, cartoon faces, thin hairlines, 3D, glow, sparkles, halos, random dots, mixed stroke widths, filled blobs, illegible micro-detail, stock-icon clones."
08-panchang-jyotish,Frontend (Panchang app),moonrise,Moonrise,Panchang,"crescent over line, arrow up","Icon ""Moonrise"" (moonrise). Meaning: Panchang. Draw: crescent over line, arrow up. Professional product UI icon, one consistent family. 24x24 grid, 2px live padding, 20x20 safe area, 1.75px stroke, round caps and joins, 2px corner radius. Duotone: primary outline #A97824 (antique gold), secondary flat fill #F1D592 at 100% placed only inside key shapes, max one accent #C0392B (kumkum red) for the meaning-carrying detail. Pixel-snapped, optically balanced, geometric, no gradients, no shadows, no texture, no text/letters unless specified. Must read clearly at 16px, 20px, 24px and 48px on cream #F3E9D6 and dark #0F0A06. Export a single clean SVG, viewBox 0 0 24 24, outlined strokes, no hidden layers. Avoid: emoji look, clip-art, cartoon faces, thin hairlines, 3D, glow, sparkles, halos, random dots, mixed stroke widths, filled blobs, illegible micro-detail, stock-icon clones."
08-panchang-jyotish,Frontend (Panchang app),moonset,Moonset,Panchang,"crescent over line, arrow down","Icon ""Moonset"" (moonset). Meaning: Panchang. Draw: crescent over line, arrow down. Professional product UI icon, one consistent family. 24x24 grid, 2px live padding, 20x20 safe area, 1.75px stroke, round caps and joins, 2px corner radius. Duotone: primary outline #A97824 (antique gold), secondary flat fill #F1D592 at 100% placed only inside key shapes, max one accent #C0392B (kumkum red) for the meaning-carrying detail. Pixel-snapped, optically balanced, geometric, no gradients, no shadows, no texture, no text/letters unless specified. Must read clearly at 16px, 20px, 24px and 48px on cream #F3E9D6 and dark #0F0A06. Export a single clean SVG, viewBox 0 0 24 24, outlined strokes, no hidden layers. Avoid: emoji look, clip-art, cartoon faces, thin hairlines, 3D, glow, sparkles, halos, random dots, mixed stroke widths, filled blobs, illegible micro-detail, stock-icon clones."
08-panchang-jyotish,Frontend (Panchang app),rahu-kaal,Rahu Kaal,Panchang,clock with shaded red sector,"Icon ""Rahu Kaal"" (rahu-kaal). Meaning: Panchang. Draw: clock with shaded red sector. Professional product UI icon, one consistent family. 24x24 grid, 2px live padding, 20x20 safe area, 1.75px stroke, round caps and joins, 2px corner radius. Duotone: primary outline #A97824 (antique gold), secondary flat fill #F1D592 at 100% placed only inside key shapes, max one accent #C0392B (kumkum red) for the meaning-carrying detail. Pixel-snapped, optically balanced, geometric, no gradients, no shadows, no texture, no text/letters unless specified. Must read clearly at 16px, 20px, 24px and 48px on cream #F3E9D6 and dark #0F0A06. Export a single clean SVG, viewBox 0 0 24 24, outlined strokes, no hidden layers. Avoid: emoji look, clip-art, cartoon faces, thin hairlines, 3D, glow, sparkles, halos, random dots, mixed stroke widths, filled blobs, illegible micro-detail, stock-icon clones."
08-panchang-jyotish,Frontend (Panchang app),abhijit-muhurat,Abhijit Muhurat,Panchang,sun at zenith with check,"Icon ""Abhijit Muhurat"" (abhijit-muhurat). Meaning: Panchang. Draw: sun at zenith with check. Professional product UI icon, one consistent family. 24x24 grid, 2px live padding, 20x20 safe area, 1.75px stroke, round caps and joins, 2px corner radius. Duotone: primary outline #A97824 (antique gold), secondary flat fill #F1D592 at 100% placed only inside key shapes, max one accent #C0392B (kumkum red) for the meaning-carrying detail. Pixel-snapped, optically balanced, geometric, no gradients, no shadows, no texture, no text/letters unless specified. Must read clearly at 16px, 20px, 24px and 48px on cream #F3E9D6 and dark #0F0A06. Export a single clean SVG, viewBox 0 0 24 24, outlined strokes, no hidden layers. Avoid: emoji look, clip-art, cartoon faces, thin hairlines, 3D, glow, sparkles, halos, random dots, mixed stroke widths, filled blobs, illegible micro-detail, stock-icon clones."
08-panchang-jyotish,Frontend (Panchang app),muhurat,Muhurat,Panchang,hourglass with star,"Icon ""Muhurat"" (muhurat). Meaning: Panchang. Draw: hourglass with star. Professional product UI icon, one consistent family. 24x24 grid, 2px live padding, 20x20 safe area, 1.75px stroke, round caps and joins, 2px corner radius. Duotone: primary outline #A97824 (antique gold), secondary flat fill #F1D592 at 100% placed only inside key shapes, max one accent #C0392B (kumkum red) for the meaning-carrying detail. Pixel-snapped, optically balanced, geometric, no gradients, no shadows, no texture, no text/letters unless specified. Must read clearly at 16px, 20px, 24px and 48px on cream #F3E9D6 and dark #0F0A06. Export a single clean SVG, viewBox 0 0 24 24, outlined strokes, no hidden layers. Avoid: emoji look, clip-art, cartoon faces, thin hairlines, 3D, glow, sparkles, halos, random dots, mixed stroke widths, filled blobs, illegible micro-detail, stock-icon clones."
08-panchang-jyotish,Frontend (Panchang app),ekadashi,Ekadashi,Festival tag,crescent with leaf,"Icon ""Ekadashi"" (ekadashi). Meaning: Festival tag. Draw: crescent with leaf. Professional product UI icon, one consistent family. 24x24 grid, 2px live padding, 20x20 safe area, 1.75px stroke, round caps and joins, 2px corner radius. Duotone: primary outline #A97824 (antique gold), secondary flat fill #F1D592 at 100% placed only inside key shapes, max one accent #C0392B (kumkum red) for the meaning-carrying detail. Pixel-snapped, optically balanced, geometric, no gradients, no shadows, no texture, no text/letters unless specified. Must read clearly at 16px, 20px, 24px and 48px on cream #F3E9D6 and dark #0F0A06. Export a single clean SVG, viewBox 0 0 24 24, outlined strokes, no hidden layers. Avoid: emoji look, clip-art, cartoon faces, thin hairlines, 3D, glow, sparkles, halos, random dots, mixed stroke widths, filled blobs, illegible micro-detail, stock-icon clones."
08-panchang-jyotish,Frontend (Panchang app),purnima,Purnima,Festival tag,full moon filled,"Icon ""Purnima"" (purnima). Meaning: Festival tag. Draw: full moon filled. Professional product UI icon, one consistent family. 24x24 grid, 2px live padding, 20x20 safe area, 1.75px stroke, round caps and joins, 2px corner radius. Duotone: primary outline #A97824 (antique gold), secondary flat fill #F1D592 at 100% placed only inside key shapes, max one accent #C0392B (kumkum red) for the meaning-carrying detail. Pixel-snapped, optically balanced, geometric, no gradients, no shadows, no texture, no text/letters unless specified. Must read clearly at 16px, 20px, 24px and 48px on cream #F3E9D6 and dark #0F0A06. Export a single clean SVG, viewBox 0 0 24 24, outlined strokes, no hidden layers. Avoid: emoji look, clip-art, cartoon faces, thin hairlines, 3D, glow, sparkles, halos, random dots, mixed stroke widths, filled blobs, illegible micro-detail, stock-icon clones."
08-panchang-jyotish,Frontend (Panchang app),amavasya,Amavasya,Festival tag,outline-only dark moon,"Icon ""Amavasya"" (amavasya). Meaning: Festival tag. Draw: outline-only dark moon. Professional product UI icon, one consistent family. 24x24 grid, 2px live padding, 20x20 safe area, 1.75px stroke, round caps and joins, 2px corner radius. Duotone: primary outline #A97824 (antique gold), secondary flat fill #F1D592 at 100% placed only inside key shapes, max one accent #C0392B (kumkum red) for the meaning-carrying detail. Pixel-snapped, optically balanced, geometric, no gradients, no shadows, no texture, no text/letters unless specified. Must read clearly at 16px, 20px, 24px and 48px on cream #F3E9D6 and dark #0F0A06. Export a single clean SVG, viewBox 0 0 24 24, outlined strokes, no hidden layers. Avoid: emoji look, clip-art, cartoon faces, thin hairlines, 3D, glow, sparkles, halos, random dots, mixed stroke widths, filled blobs, illegible micro-detail, stock-icon clones."
08-panchang-jyotish,Frontend (Panchang app),festival,Festival,Calendar,diya with flame red,"Icon ""Festival"" (festival). Meaning: Calendar. Draw: diya with flame red. Professional product UI icon, one consistent family. 24x24 grid, 2px live padding, 20x20 safe area, 1.75px stroke, round caps and joins, 2px corner radius. Duotone: primary outline #A97824 (antique gold), secondary flat fill #F1D592 at 100% placed only inside key shapes, max one accent #C0392B (kumkum red) for the meaning-carrying detail. Pixel-snapped, optically balanced, geometric, no gradients, no shadows, no texture, no text/letters unless specified. Must read clearly at 16px, 20px, 24px and 48px on cream #F3E9D6 and dark #0F0A06. Export a single clean SVG, viewBox 0 0 24 24, outlined strokes, no hidden layers. Avoid: emoji look, clip-art, cartoon faces, thin hairlines, 3D, glow, sparkles, halos, random dots, mixed stroke widths, filled blobs, illegible micro-detail, stock-icon clones."
08-panchang-jyotish,Frontend (Panchang app),kundali,Kundali,Jyotish,north-Indian diamond chart,"Icon ""Kundali"" (kundali). Meaning: Jyotish. Draw: north-Indian diamond chart. Professional product UI icon, one consistent family. 24x24 grid, 2px live padding, 20x20 safe area, 1.75px stroke, round caps and joins, 2px corner radius. Duotone: primary outline #A97824 (antique gold), secondary flat fill #F1D592 at 100% placed only inside key shapes, max one accent #C0392B (kumkum red) for the meaning-carrying detail. Pixel-snapped, optically balanced, geometric, no gradients, no shadows, no texture, no text/letters unless specified. Must read clearly at 16px, 20px, 24px and 48px on cream #F3E9D6 and dark #0F0A06. Export a single clean SVG, viewBox 0 0 24 24, outlined strokes, no hidden layers. Avoid: emoji look, clip-art, cartoon faces, thin hairlines, 3D, glow, sparkles, halos, random dots, mixed stroke widths, filled blobs, illegible micro-detail, stock-icon clones."
08-panchang-jyotish,Frontend (Panchang app),rashi-mesh,Mesh (Aries),Rashifal,ram horns,"Icon ""Mesh (Aries)"" (rashi-mesh). Meaning: Rashifal. Draw: ram horns. Professional product UI icon, one consistent family. 24x24 grid, 2px live padding, 20x20 safe area, 1.75px stroke, round caps and joins, 2px corner radius. Duotone: primary outline #A97824 (antique gold), secondary flat fill #F1D592 at 100% placed only inside key shapes, max one accent #C0392B (kumkum red) for the meaning-carrying detail. Pixel-snapped, optically balanced, geometric, no gradients, no shadows, no texture, no text/letters unless specified. Must read clearly at 16px, 20px, 24px and 48px on cream #F3E9D6 and dark #0F0A06. Export a single clean SVG, viewBox 0 0 24 24, outlined strokes, no hidden layers. Avoid: emoji look, clip-art, cartoon faces, thin hairlines, 3D, glow, sparkles, halos, random dots, mixed stroke widths, filled blobs, illegible micro-detail, stock-icon clones."
08-panchang-jyotish,Frontend (Panchang app),rashi-vrishabh,Vrishabh (Taurus),Rashifal,bull head,"Icon ""Vrishabh (Taurus)"" (rashi-vrishabh). Meaning: Rashifal. Draw: bull head. Professional product UI icon, one consistent family. 24x24 grid, 2px live padding, 20x20 safe area, 1.75px stroke, round caps and joins, 2px corner radius. Duotone: primary outline #A97824 (antique gold), secondary flat fill #F1D592 at 100% placed only inside key shapes, max one accent #C0392B (kumkum red) for the meaning-carrying detail. Pixel-snapped, optically balanced, geometric, no gradients, no shadows, no texture, no text/letters unless specified. Must read clearly at 16px, 20px, 24px and 48px on cream #F3E9D6 and dark #0F0A06. Export a single clean SVG, viewBox 0 0 24 24, outlined strokes, no hidden layers. Avoid: emoji look, clip-art, cartoon faces, thin hairlines, 3D, glow, sparkles, halos, random dots, mixed stroke widths, filled blobs, illegible micro-detail, stock-icon clones."
08-panchang-jyotish,Frontend (Panchang app),rashi-mithun,Mithun (Gemini),Rashifal,twin figures,"Icon ""Mithun (Gemini)"" (rashi-mithun). Meaning: Rashifal. Draw: twin figures. Professional product UI icon, one consistent family. 24x24 grid, 2px live padding, 20x20 safe area, 1.75px stroke, round caps and joins, 2px corner radius. Duotone: primary outline #A97824 (antique gold), secondary flat fill #F1D592 at 100% placed only inside key shapes, max one accent #C0392B (kumkum red) for the meaning-carrying detail. Pixel-snapped, optically balanced, geometric, no gradients, no shadows, no texture, no text/letters unless specified. Must read clearly at 16px, 20px, 24px and 48px on cream #F3E9D6 and dark #0F0A06. Export a single clean SVG, viewBox 0 0 24 24, outlined strokes, no hidden layers. Avoid: emoji look, clip-art, cartoon faces, thin hairlines, 3D, glow, sparkles, halos, random dots, mixed stroke widths, filled blobs, illegible micro-detail, stock-icon clones."
08-panchang-jyotish,Frontend (Panchang app),rashi-kark,Kark (Cancer),Rashifal,crab claws,"Icon ""Kark (Cancer)"" (rashi-kark). Meaning: Rashifal. Draw: crab claws. Professional product UI icon, one consistent family. 24x24 grid, 2px live padding, 20x20 safe area, 1.75px stroke, round caps and joins, 2px corner radius. Duotone: primary outline #A97824 (antique gold), secondary flat fill #F1D592 at 100% placed only inside key shapes, max one accent #C0392B (kumkum red) for the meaning-carrying detail. Pixel-snapped, optically balanced, geometric, no gradients, no shadows, no texture, no text/letters unless specified. Must read clearly at 16px, 20px, 24px and 48px on cream #F3E9D6 and dark #0F0A06. Export a single clean SVG, viewBox 0 0 24 24, outlined strokes, no hidden layers. Avoid: emoji look, clip-art, cartoon faces, thin hairlines, 3D, glow, sparkles, halos, random dots, mixed stroke widths, filled blobs, illegible micro-detail, stock-icon clones."
08-panchang-jyotish,Frontend (Panchang app),rashi-simha,Simha (Leo),Rashifal,lion mane profile,"Icon ""Simha (Leo)"" (rashi-simha). Meaning: Rashifal. Draw: lion mane profile. Professional product UI icon, one consistent family. 24x24 grid, 2px live padding, 20x20 safe area, 1.75px stroke, round caps and joins, 2px corner radius. Duotone: primary outline #A97824 (antique gold), secondary flat fill #F1D592 at 100% placed only inside key shapes, max one accent #C0392B (kumkum red) for the meaning-carrying detail. Pixel-snapped, optically balanced, geometric, no gradients, no shadows, no texture, no text/letters unless specified. Must read clearly at 16px, 20px, 24px and 48px on cream #F3E9D6 and dark #0F0A06. Export a single clean SVG, viewBox 0 0 24 24, outlined strokes, no hidden layers. Avoid: emoji look, clip-art, cartoon faces, thin hairlines, 3D, glow, sparkles, halos, random dots, mixed stroke widths, filled blobs, illegible micro-detail, stock-icon clones."
08-panchang-jyotish,Frontend (Panchang app),rashi-kanya,Kanya (Virgo),Rashifal,maiden with wheat,"Icon ""Kanya (Virgo)"" (rashi-kanya). Meaning: Rashifal. Draw: maiden with wheat. Professional product UI icon, one consistent family. 24x24 grid, 2px live padding, 20x20 safe area, 1.75px stroke, round caps and joins, 2px corner radius. Duotone: primary outline #A97824 (antique gold), secondary flat fill #F1D592 at 100% placed only inside key shapes, max one accent #C0392B (kumkum red) for the meaning-carrying detail. Pixel-snapped, optically balanced, geometric, no gradients, no shadows, no texture, no text/letters unless specified. Must read clearly at 16px, 20px, 24px and 48px on cream #F3E9D6 and dark #0F0A06. Export a single clean SVG, viewBox 0 0 24 24, outlined strokes, no hidden layers. Avoid: emoji look, clip-art, cartoon faces, thin hairlines, 3D, glow, sparkles, halos, random dots, mixed stroke widths, filled blobs, illegible micro-detail, stock-icon clones."
08-panchang-jyotish,Frontend (Panchang app),rashi-tula,Tula (Libra),Rashifal,balance scale,"Icon ""Tula (Libra)"" (rashi-tula). Meaning: Rashifal. Draw: balance scale. Professional product UI icon, one consistent family. 24x24 grid, 2px live padding, 20x20 safe area, 1.75px stroke, round caps and joins, 2px corner radius. Duotone: primary outline #A97824 (antique gold), secondary flat fill #F1D592 at 100% placed only inside key shapes, max one accent #C0392B (kumkum red) for the meaning-carrying detail. Pixel-snapped, optically balanced, geometric, no gradients, no shadows, no texture, no text/letters unless specified. Must read clearly at 16px, 20px, 24px and 48px on cream #F3E9D6 and dark #0F0A06. Export a single clean SVG, viewBox 0 0 24 24, outlined strokes, no hidden layers. Avoid: emoji look, clip-art, cartoon faces, thin hairlines, 3D, glow, sparkles, halos, random dots, mixed stroke widths, filled blobs, illegible micro-detail, stock-icon clones."
08-panchang-jyotish,Frontend (Panchang app),rashi-vrishchik,Vrishchik (Scorpio),Rashifal,scorpion tail,"Icon ""Vrishchik (Scorpio)"" (rashi-vrishchik). Meaning: Rashifal. Draw: scorpion tail. Professional product UI icon, one consistent family. 24x24 grid, 2px live padding, 20x20 safe area, 1.75px stroke, round caps and joins, 2px corner radius. Duotone: primary outline #A97824 (antique gold), secondary flat fill #F1D592 at 100% placed only inside key shapes, max one accent #C0392B (kumkum red) for the meaning-carrying detail. Pixel-snapped, optically balanced, geometric, no gradients, no shadows, no texture, no text/letters unless specified. Must read clearly at 16px, 20px, 24px and 48px on cream #F3E9D6 and dark #0F0A06. Export a single clean SVG, viewBox 0 0 24 24, outlined strokes, no hidden layers. Avoid: emoji look, clip-art, cartoon faces, thin hairlines, 3D, glow, sparkles, halos, random dots, mixed stroke widths, filled blobs, illegible micro-detail, stock-icon clones."
08-panchang-jyotish,Frontend (Panchang app),rashi-dhanu,Dhanu (Sagittarius),Rashifal,bow and arrow,"Icon ""Dhanu (Sagittarius)"" (rashi-dhanu). Meaning: Rashifal. Draw: bow and arrow. Professional product UI icon, one consistent family. 24x24 grid, 2px live padding, 20x20 safe area, 1.75px stroke, round caps and joins, 2px corner radius. Duotone: primary outline #A97824 (antique gold), secondary flat fill #F1D592 at 100% placed only inside key shapes, max one accent #C0392B (kumkum red) for the meaning-carrying detail. Pixel-snapped, optically balanced, geometric, no gradients, no shadows, no texture, no text/letters unless specified. Must read clearly at 16px, 20px, 24px and 48px on cream #F3E9D6 and dark #0F0A06. Export a single clean SVG, viewBox 0 0 24 24, outlined strokes, no hidden layers. Avoid: emoji look, clip-art, cartoon faces, thin hairlines, 3D, glow, sparkles, halos, random dots, mixed stroke widths, filled blobs, illegible micro-detail, stock-icon clones."
08-panchang-jyotish,Frontend (Panchang app),rashi-makar,Makar (Capricorn),Rashifal,crocodile/makara curl,"Icon ""Makar (Capricorn)"" (rashi-makar). Meaning: Rashifal. Draw: crocodile/makara curl. Professional product UI icon, one consistent family. 24x24 grid, 2px live padding, 20x20 safe area, 1.75px stroke, round caps and joins, 2px corner radius. Duotone: primary outline #A97824 (antique gold), secondary flat fill #F1D592 at 100% placed only inside key shapes, max one accent #C0392B (kumkum red) for the meaning-carrying detail. Pixel-snapped, optically balanced, geometric, no gradients, no shadows, no texture, no text/letters unless specified. Must read clearly at 16px, 20px, 24px and 48px on cream #F3E9D6 and dark #0F0A06. Export a single clean SVG, viewBox 0 0 24 24, outlined strokes, no hidden layers. Avoid: emoji look, clip-art, cartoon faces, thin hairlines, 3D, glow, sparkles, halos, random dots, mixed stroke widths, filled blobs, illegible micro-detail, stock-icon clones."
08-panchang-jyotish,Frontend (Panchang app),rashi-kumbh,Kumbh (Aquarius),Rashifal,water pot pouring,"Icon ""Kumbh (Aquarius)"" (rashi-kumbh). Meaning: Rashifal. Draw: water pot pouring. Professional product UI icon, one consistent family. 24x24 grid, 2px live padding, 20x20 safe area, 1.75px stroke, round caps and joins, 2px corner radius. Duotone: primary outline #A97824 (antique gold), secondary flat fill #F1D592 at 100% placed only inside key shapes, max one accent #C0392B (kumkum red) for the meaning-carrying detail. Pixel-snapped, optically balanced, geometric, no gradients, no shadows, no texture, no text/letters unless specified. Must read clearly at 16px, 20px, 24px and 48px on cream #F3E9D6 and dark #0F0A06. Export a single clean SVG, viewBox 0 0 24 24, outlined strokes, no hidden layers. Avoid: emoji look, clip-art, cartoon faces, thin hairlines, 3D, glow, sparkles, halos, random dots, mixed stroke widths, filled blobs, illegible micro-detail, stock-icon clones."
08-panchang-jyotish,Frontend (Panchang app),rashi-meen,Meen (Pisces),Rashifal,two fish circling,"Icon ""Meen (Pisces)"" (rashi-meen). Meaning: Rashifal. Draw: two fish circling. Professional product UI icon, one consistent family. 24x24 grid, 2px live padding, 20x20 safe area, 1.75px stroke, round caps and joins, 2px corner radius. Duotone: primary outline #A97824 (antique gold), secondary flat fill #F1D592 at 100% placed only inside key shapes, max one accent #C0392B (kumkum red) for the meaning-carrying detail. Pixel-snapped, optically balanced, geometric, no gradients, no shadows, no texture, no text/letters unless specified. Must read clearly at 16px, 20px, 24px and 48px on cream #F3E9D6 and dark #0F0A06. Export a single clean SVG, viewBox 0 0 24 24, outlined strokes, no hidden layers. Avoid: emoji look, clip-art, cartoon faces, thin hairlines, 3D, glow, sparkles, halos, random dots, mixed stroke widths, filled blobs, illegible micro-detail, stock-icon clones."
08-panchang-jyotish,Frontend (Panchang app),graha-surya,Surya,Navagraha,sun disc with 12 rays,"Icon ""Surya"" (graha-surya). Meaning: Navagraha. Draw: sun disc with 12 rays. Professional product UI icon, one consistent family. 24x24 grid, 2px live padding, 20x20 safe area, 1.75px stroke, round caps and joins, 2px corner radius. Duotone: primary outline #A97824 (antique gold), secondary flat fill #F1D592 at 100% placed only inside key shapes, max one accent #C0392B (kumkum red) for the meaning-carrying detail. Pixel-snapped, optically balanced, geometric, no gradients, no shadows, no texture, no text/letters unless specified. Must read clearly at 16px, 20px, 24px and 48px on cream #F3E9D6 and dark #0F0A06. Export a single clean SVG, viewBox 0 0 24 24, outlined strokes, no hidden layers. Avoid: emoji look, clip-art, cartoon faces, thin hairlines, 3D, glow, sparkles, halos, random dots, mixed stroke widths, filled blobs, illegible micro-detail, stock-icon clones."
08-panchang-jyotish,Frontend (Panchang app),graha-chandra,Chandra,Navagraha,crescent,"Icon ""Chandra"" (graha-chandra). Meaning: Navagraha. Draw: crescent. Professional product UI icon, one consistent family. 24x24 grid, 2px live padding, 20x20 safe area, 1.75px stroke, round caps and joins, 2px corner radius. Duotone: primary outline #A97824 (antique gold), secondary flat fill #F1D592 at 100% placed only inside key shapes, max one accent #C0392B (kumkum red) for the meaning-carrying detail. Pixel-snapped, optically balanced, geometric, no gradients, no shadows, no texture, no text/letters unless specified. Must read clearly at 16px, 20px, 24px and 48px on cream #F3E9D6 and dark #0F0A06. Export a single clean SVG, viewBox 0 0 24 24, outlined strokes, no hidden layers. Avoid: emoji look, clip-art, cartoon faces, thin hairlines, 3D, glow, sparkles, halos, random dots, mixed stroke widths, filled blobs, illegible micro-detail, stock-icon clones."
08-panchang-jyotish,Frontend (Panchang app),graha-mangal,Mangal,Navagraha,triangle in red,"Icon ""Mangal"" (graha-mangal). Meaning: Navagraha. Draw: triangle in red. Professional product UI icon, one consistent family. 24x24 grid, 2px live padding, 20x20 safe area, 1.75px stroke, round caps and joins, 2px corner radius. Duotone: primary outline #A97824 (antique gold), secondary flat fill #F1D592 at 100% placed only inside key shapes, max one accent #C0392B (kumkum red) for the meaning-carrying detail. Pixel-snapped, optically balanced, geometric, no gradients, no shadows, no texture, no text/letters unless specified. Must read clearly at 16px, 20px, 24px and 48px on cream #F3E9D6 and dark #0F0A06. Export a single clean SVG, viewBox 0 0 24 24, outlined strokes, no hidden layers. Avoid: emoji look, clip-art, cartoon faces, thin hairlines, 3D, glow, sparkles, halos, random dots, mixed stroke widths, filled blobs, illegible micro-detail, stock-icon clones."
08-panchang-jyotish,Frontend (Panchang app),graha-budh,Budh,Navagraha,arrow-tipped circle,"Icon ""Budh"" (graha-budh). Meaning: Navagraha. Draw: arrow-tipped circle. Professional product UI icon, one consistent family. 24x24 grid, 2px live padding, 20x20 safe area, 1.75px stroke, round caps and joins, 2px corner radius. Duotone: primary outline #A97824 (antique gold), secondary flat fill #F1D592 at 100% placed only inside key shapes, max one accent #C0392B (kumkum red) for the meaning-carrying detail. Pixel-snapped, optically balanced, geometric, no gradients, no shadows, no texture, no text/letters unless specified. Must read clearly at 16px, 20px, 24px and 48px on cream #F3E9D6 and dark #0F0A06. Export a single clean SVG, viewBox 0 0 24 24, outlined strokes, no hidden layers. Avoid: emoji look, clip-art, cartoon faces, thin hairlines, 3D, glow, sparkles, halos, random dots, mixed stroke widths, filled blobs, illegible micro-detail, stock-icon clones."
08-panchang-jyotish,Frontend (Panchang app),graha-guru,Guru,Navagraha,yellow disc with stripe,"Icon ""Guru"" (graha-guru). Meaning: Navagraha. Draw: yellow disc with stripe. Professional product UI icon, one consistent family. 24x24 grid, 2px live padding, 20x20 safe area, 1.75px stroke, round caps and joins, 2px corner radius. Duotone: primary outline #A97824 (antique gold), secondary flat fill #F1D592 at 100% placed only inside key shapes, max one accent #C0392B (kumkum red) for the meaning-carrying detail. Pixel-snapped, optically balanced, geometric, no gradients, no shadows, no texture, no text/letters unless specified. Must read clearly at 16px, 20px, 24px and 48px on cream #F3E9D6 and dark #0F0A06. Export a single clean SVG, viewBox 0 0 24 24, outlined strokes, no hidden layers. Avoid: emoji look, clip-art, cartoon faces, thin hairlines, 3D, glow, sparkles, halos, random dots, mixed stroke widths, filled blobs, illegible micro-detail, stock-icon clones."
08-panchang-jyotish,Frontend (Panchang app),graha-shukra,Shukra,Navagraha,bright 6-point star,"Icon ""Shukra"" (graha-shukra). Meaning: Navagraha. Draw: bright 6-point star. Professional product UI icon, one consistent family. 24x24 grid, 2px live padding, 20x20 safe area, 1.75px stroke, round caps and joins, 2px corner radius. Duotone: primary outline #A97824 (antique gold), secondary flat fill #F1D592 at 100% placed only inside key shapes, max one accent #C0392B (kumkum red) for the meaning-carrying detail. Pixel-snapped, optically balanced, geometric, no gradients, no shadows, no texture, no text/letters unless specified. Must read clearly at 16px, 20px, 24px and 48px on cream #F3E9D6 and dark #0F0A06. Export a single clean SVG, viewBox 0 0 24 24, outlined strokes, no hidden layers. Avoid: emoji look, clip-art, cartoon faces, thin hairlines, 3D, glow, sparkles, halos, random dots, mixed stroke widths, filled blobs, illegible micro-detail, stock-icon clones."
08-panchang-jyotish,Frontend (Panchang app),graha-shani,Shani,Navagraha,ringed planet,"Icon ""Shani"" (graha-shani). Meaning: Navagraha. Draw: ringed planet. Professional product UI icon, one consistent family. 24x24 grid, 2px live padding, 20x20 safe area, 1.75px stroke, round caps and joins, 2px corner radius. Duotone: primary outline #A97824 (antique gold), secondary flat fill #F1D592 at 100% placed only inside key shapes, max one accent #C0392B (kumkum red) for the meaning-carrying detail. Pixel-snapped, optically balanced, geometric, no gradients, no shadows, no texture, no text/letters unless specified. Must read clearly at 16px, 20px, 24px and 48px on cream #F3E9D6 and dark #0F0A06. Export a single clean SVG, viewBox 0 0 24 24, outlined strokes, no hidden layers. Avoid: emoji look, clip-art, cartoon faces, thin hairlines, 3D, glow, sparkles, halos, random dots, mixed stroke widths, filled blobs, illegible micro-detail, stock-icon clones."
08-panchang-jyotish,Frontend (Panchang app),graha-rahu,Rahu,Navagraha,serpent head,"Icon ""Rahu"" (graha-rahu). Meaning: Navagraha. Draw: serpent head. Professional product UI icon, one consistent family. 24x24 grid, 2px live padding, 20x20 safe area, 1.75px stroke, round caps and joins, 2px corner radius. Duotone: primary outline #A97824 (antique gold), secondary flat fill #F1D592 at 100% placed only inside key shapes, max one accent #C0392B (kumkum red) for the meaning-carrying detail. Pixel-snapped, optically balanced, geometric, no gradients, no shadows, no texture, no text/letters unless specified. Must read clearly at 16px, 20px, 24px and 48px on cream #F3E9D6 and dark #0F0A06. Export a single clean SVG, viewBox 0 0 24 24, outlined strokes, no hidden layers. Avoid: emoji look, clip-art, cartoon faces, thin hairlines, 3D, glow, sparkles, halos, random dots, mixed stroke widths, filled blobs, illegible micro-detail, stock-icon clones."
08-panchang-jyotish,Frontend (Panchang app),graha-ketu,Ketu,Navagraha,serpent tail with flag,"Icon ""Ketu"" (graha-ketu). Meaning: Navagraha. Draw: serpent tail with flag. Professional product UI icon, one consistent family. 24x24 grid, 2px live padding, 20x20 safe area, 1.75px stroke, round caps and joins, 2px corner radius. Duotone: primary outline #A97824 (antique gold), secondary flat fill #F1D592 at 100% placed only inside key shapes, max one accent #C0392B (kumkum red) for the meaning-carrying detail. Pixel-snapped, optically balanced, geometric, no gradients, no shadows, no texture, no text/letters unless specified. Must read clearly at 16px, 20px, 24px and 48px on cream #F3E9D6 and dark #0F0A06. Export a single clean SVG, viewBox 0 0 24 24, outlined strokes, no hidden layers. Avoid: emoji look, clip-art, cartoon faces, thin hairlines, 3D, glow, sparkles, halos, random dots, mixed stroke widths, filled blobs, illegible micro-detail, stock-icon clones."
09-admin-dashboard,Backend (vp-app admin),admin-dashboard,Dashboard,AdminDashboard,gauge with needle,"Icon ""Dashboard"" (admin-dashboard). Meaning: AdminDashboard. Draw: gauge with needle. Professional product UI icon, one consistent family. 24x24 grid, 2px live padding, 20x20 safe area, 1.75px stroke, round caps and joins, 2px corner radius. Duotone: primary outline #A97824 (antique gold), secondary flat fill #F1D592 at 100% placed only inside key shapes, max one accent #C0392B (kumkum red) for the meaning-carrying detail. Pixel-snapped, optically balanced, geometric, no gradients, no shadows, no texture, no text/letters unless specified. Must read clearly at 16px, 20px, 24px and 48px on cream #F3E9D6 and dark #0F0A06. Export a single clean SVG, viewBox 0 0 24 24, outlined strokes, no hidden layers. Avoid: emoji look, clip-art, cartoon faces, thin hairlines, 3D, glow, sparkles, halos, random dots, mixed stroke widths, filled blobs, illegible micro-detail, stock-icon clones."
09-admin-dashboard,Backend (vp-app admin),bookings-admin,Bookings,vp_manage_bookings,clipboard with diya,"Icon ""Bookings"" (bookings-admin). Meaning: vp_manage_bookings. Draw: clipboard with diya. Professional product UI icon, one consistent family. 24x24 grid, 2px live padding, 20x20 safe area, 1.75px stroke, round caps and joins, 2px corner radius. Duotone: primary outline #A97824 (antique gold), secondary flat fill #F1D592 at 100% placed only inside key shapes, max one accent #C0392B (kumkum red) for the meaning-carrying detail. Pixel-snapped, optically balanced, geometric, no gradients, no shadows, no texture, no text/letters unless specified. Must read clearly at 16px, 20px, 24px and 48px on cream #F3E9D6 and dark #0F0A06. Export a single clean SVG, viewBox 0 0 24 24, outlined strokes, no hidden layers. Avoid: emoji look, clip-art, cartoon faces, thin hairlines, 3D, glow, sparkles, halos, random dots, mixed stroke widths, filled blobs, illegible micro-detail, stock-icon clones."
09-admin-dashboard,Backend (vp-app admin),reservations,Reservations,Reservation table,ticket stub with clock,"Icon ""Reservations"" (reservations). Meaning: Reservation table. Draw: ticket stub with clock. Professional product UI icon, one consistent family. 24x24 grid, 2px live padding, 20x20 safe area, 1.75px stroke, round caps and joins, 2px corner radius. Duotone: primary outline #A97824 (antique gold), secondary flat fill #F1D592 at 100% placed only inside key shapes, max one accent #C0392B (kumkum red) for the meaning-carrying detail. Pixel-snapped, optically balanced, geometric, no gradients, no shadows, no texture, no text/letters unless specified. Must read clearly at 16px, 20px, 24px and 48px on cream #F3E9D6 and dark #0F0A06. Export a single clean SVG, viewBox 0 0 24 24, outlined strokes, no hidden layers. Avoid: emoji look, clip-art, cartoon faces, thin hairlines, 3D, glow, sparkles, halos, random dots, mixed stroke widths, filled blobs, illegible micro-detail, stock-icon clones."
09-admin-dashboard,Backend (vp-app admin),availability,Availability,vp_manage_availability,calendar grid with green check cells,"Icon ""Availability"" (availability). Meaning: vp_manage_availability. Draw: calendar grid with green check cells. Professional product UI icon, one consistent family. 24x24 grid, 2px live padding, 20x20 safe area, 1.75px stroke, round caps and joins, 2px corner radius. Duotone: primary outline #A97824 (antique gold), secondary flat fill #F1D592 at 100% placed only inside key shapes, max one accent #C0392B (kumkum red) for the meaning-carrying detail. Pixel-snapped, optically balanced, geometric, no gradients, no shadows, no texture, no text/letters unless specified. Must read clearly at 16px, 20px, 24px and 48px on cream #F3E9D6 and dark #0F0A06. Export a single clean SVG, viewBox 0 0 24 24, outlined strokes, no hidden layers. Avoid: emoji look, clip-art, cartoon faces, thin hairlines, 3D, glow, sparkles, halos, random dots, mixed stroke widths, filled blobs, illegible micro-detail, stock-icon clones."
09-admin-dashboard,Backend (vp-app admin),sessions,Sessions,vp_manage_sessions,calendar with video play,"Icon ""Sessions"" (sessions). Meaning: vp_manage_sessions. Draw: calendar with video play. Professional product UI icon, one consistent family. 24x24 grid, 2px live padding, 20x20 safe area, 1.75px stroke, round caps and joins, 2px corner radius. Duotone: primary outline #A97824 (antique gold), secondary flat fill #F1D592 at 100% placed only inside key shapes, max one accent #C0392B (kumkum red) for the meaning-carrying detail. Pixel-snapped, optically balanced, geometric, no gradients, no shadows, no texture, no text/letters unless specified. Must read clearly at 16px, 20px, 24px and 48px on cream #F3E9D6 and dark #0F0A06. Export a single clean SVG, viewBox 0 0 24 24, outlined strokes, no hidden layers. Avoid: emoji look, clip-art, cartoon faces, thin hairlines, 3D, glow, sparkles, halos, random dots, mixed stroke widths, filled blobs, illegible micro-detail, stock-icon clones."
09-admin-dashboard,Backend (vp-app admin),catalog,Service Catalog,Catalog,book with diya on cover,"Icon ""Service Catalog"" (catalog). Meaning: Catalog. Draw: book with diya on cover. Professional product UI icon, one consistent family. 24x24 grid, 2px live padding, 20x20 safe area, 1.75px stroke, round caps and joins, 2px corner radius. Duotone: primary outline #A97824 (antique gold), secondary flat fill #F1D592 at 100% placed only inside key shapes, max one accent #C0392B (kumkum red) for the meaning-carrying detail. Pixel-snapped, optically balanced, geometric, no gradients, no shadows, no texture, no text/letters unless specified. Must read clearly at 16px, 20px, 24px and 48px on cream #F3E9D6 and dark #0F0A06. Export a single clean SVG, viewBox 0 0 24 24, outlined strokes, no hidden layers. Avoid: emoji look, clip-art, cartoon faces, thin hairlines, 3D, glow, sparkles, halos, random dots, mixed stroke widths, filled blobs, illegible micro-detail, stock-icon clones."
09-admin-dashboard,Backend (vp-app admin),pricing,Pricing Registry,vp-pricing-registry,price tag with rupee,"Icon ""Pricing Registry"" (pricing). Meaning: vp-pricing-registry. Draw: price tag with rupee. Professional product UI icon, one consistent family. 24x24 grid, 2px live padding, 20x20 safe area, 1.75px stroke, round caps and joins, 2px corner radius. Duotone: primary outline #A97824 (antique gold), secondary flat fill #F1D592 at 100% placed only inside key shapes, max one accent #C0392B (kumkum red) for the meaning-carrying detail. Pixel-snapped, optically balanced, geometric, no gradients, no shadows, no texture, no text/letters unless specified. Must read clearly at 16px, 20px, 24px and 48px on cream #F3E9D6 and dark #0F0A06. Export a single clean SVG, viewBox 0 0 24 24, outlined strokes, no hidden layers. Avoid: emoji look, clip-art, cartoon faces, thin hairlines, 3D, glow, sparkles, halos, random dots, mixed stroke widths, filled blobs, illegible micro-detail, stock-icon clones."
09-admin-dashboard,Backend (vp-app admin),devotees-crm,Devotees (CRM),vp_view_devotees,address card with person,"Icon ""Devotees (CRM)"" (devotees-crm). Meaning: vp_view_devotees. Draw: address card with person. Professional product UI icon, one consistent family. 24x24 grid, 2px live padding, 20x20 safe area, 1.75px stroke, round caps and joins, 2px corner radius. Duotone: primary outline #A97824 (antique gold), secondary flat fill #F1D592 at 100% placed only inside key shapes, max one accent #C0392B (kumkum red) for the meaning-carrying detail. Pixel-snapped, optically balanced, geometric, no gradients, no shadows, no texture, no text/letters unless specified. Must read clearly at 16px, 20px, 24px and 48px on cream #F3E9D6 and dark #0F0A06. Export a single clean SVG, viewBox 0 0 24 24, outlined strokes, no hidden layers. Avoid: emoji look, clip-art, cartoon faces, thin hairlines, 3D, glow, sparkles, halos, random dots, mixed stroke widths, filled blobs, illegible micro-detail, stock-icon clones."
09-admin-dashboard,Backend (vp-app admin),priests,Priests,vp_priest,three priest busts,"Icon ""Priests"" (priests). Meaning: vp_priest. Draw: three priest busts. Professional product UI icon, one consistent family. 24x24 grid, 2px live padding, 20x20 safe area, 1.75px stroke, round caps and joins, 2px corner radius. Duotone: primary outline #A97824 (antique gold), secondary flat fill #F1D592 at 100% placed only inside key shapes, max one accent #C0392B (kumkum red) for the meaning-carrying detail. Pixel-snapped, optically balanced, geometric, no gradients, no shadows, no texture, no text/letters unless specified. Must read clearly at 16px, 20px, 24px and 48px on cream #F3E9D6 and dark #0F0A06. Export a single clean SVG, viewBox 0 0 24 24, outlined strokes, no hidden layers. Avoid: emoji look, clip-art, cartoon faces, thin hairlines, 3D, glow, sparkles, halos, random dots, mixed stroke widths, filled blobs, illegible micro-detail, stock-icon clones."
09-admin-dashboard,Backend (vp-app admin),roles,Roles,Roles.php,person with shield,"Icon ""Roles"" (roles). Meaning: Roles.php. Draw: person with shield. Professional product UI icon, one consistent family. 24x24 grid, 2px live padding, 20x20 safe area, 1.75px stroke, round caps and joins, 2px corner radius. Duotone: primary outline #A97824 (antique gold), secondary flat fill #F1D592 at 100% placed only inside key shapes, max one accent #C0392B (kumkum red) for the meaning-carrying detail. Pixel-snapped, optically balanced, geometric, no gradients, no shadows, no texture, no text/letters unless specified. Must read clearly at 16px, 20px, 24px and 48px on cream #F3E9D6 and dark #0F0A06. Export a single clean SVG, viewBox 0 0 24 24, outlined strokes, no hidden layers. Avoid: emoji look, clip-art, cartoon faces, thin hairlines, 3D, glow, sparkles, halos, random dots, mixed stroke widths, filled blobs, illegible micro-detail, stock-icon clones."
09-admin-dashboard,Backend (vp-app admin),permissions,Permissions,Roles.php,key with check,"Icon ""Permissions"" (permissions). Meaning: Roles.php. Draw: key with check. Professional product UI icon, one consistent family. 24x24 grid, 2px live padding, 20x20 safe area, 1.75px stroke, round caps and joins, 2px corner radius. Duotone: primary outline #A97824 (antique gold), secondary flat fill #F1D592 at 100% placed only inside key shapes, max one accent #C0392B (kumkum red) for the meaning-carrying detail. Pixel-snapped, optically balanced, geometric, no gradients, no shadows, no texture, no text/letters unless specified. Must read clearly at 16px, 20px, 24px and 48px on cream #F3E9D6 and dark #0F0A06. Export a single clean SVG, viewBox 0 0 24 24, outlined strokes, no hidden layers. Avoid: emoji look, clip-art, cartoon faces, thin hairlines, 3D, glow, sparkles, halos, random dots, mixed stroke widths, filled blobs, illegible micro-detail, stock-icon clones."
09-admin-dashboard,Backend (vp-app admin),audit-log,Audit Log,vp_view_audit,document with magnifier,"Icon ""Audit Log"" (audit-log). Meaning: vp_view_audit. Draw: document with magnifier. Professional product UI icon, one consistent family. 24x24 grid, 2px live padding, 20x20 safe area, 1.75px stroke, round caps and joins, 2px corner radius. Duotone: primary outline #A97824 (antique gold), secondary flat fill #F1D592 at 100% placed only inside key shapes, max one accent #C0392B (kumkum red) for the meaning-carrying detail. Pixel-snapped, optically balanced, geometric, no gradients, no shadows, no texture, no text/letters unless specified. Must read clearly at 16px, 20px, 24px and 48px on cream #F3E9D6 and dark #0F0A06. Export a single clean SVG, viewBox 0 0 24 24, outlined strokes, no hidden layers. Avoid: emoji look, clip-art, cartoon faces, thin hairlines, 3D, glow, sparkles, halos, random dots, mixed stroke widths, filled blobs, illegible micro-detail, stock-icon clones."
09-admin-dashboard,Backend (vp-app admin),reminders,Reminders,Reminders.php,bell with clock,"Icon ""Reminders"" (reminders). Meaning: Reminders.php. Draw: bell with clock. Professional product UI icon, one consistent family. 24x24 grid, 2px live padding, 20x20 safe area, 1.75px stroke, round caps and joins, 2px corner radius. Duotone: primary outline #A97824 (antique gold), secondary flat fill #F1D592 at 100% placed only inside key shapes, max one accent #C0392B (kumkum red) for the meaning-carrying detail. Pixel-snapped, optically balanced, geometric, no gradients, no shadows, no texture, no text/letters unless specified. Must read clearly at 16px, 20px, 24px and 48px on cream #F3E9D6 and dark #0F0A06. Export a single clean SVG, viewBox 0 0 24 24, outlined strokes, no hidden layers. Avoid: emoji look, clip-art, cartoon faces, thin hairlines, 3D, glow, sparkles, halos, random dots, mixed stroke widths, filled blobs, illegible micro-detail, stock-icon clones."
09-admin-dashboard,Backend (vp-app admin),rules,Rules,Rules.php,flowchart with branch,"Icon ""Rules"" (rules). Meaning: Rules.php. Draw: flowchart with branch. Professional product UI icon, one consistent family. 24x24 grid, 2px live padding, 20x20 safe area, 1.75px stroke, round caps and joins, 2px corner radius. Duotone: primary outline #A97824 (antique gold), secondary flat fill #F1D592 at 100% placed only inside key shapes, max one accent #C0392B (kumkum red) for the meaning-carrying detail. Pixel-snapped, optically balanced, geometric, no gradients, no shadows, no texture, no text/letters unless specified. Must read clearly at 16px, 20px, 24px and 48px on cream #F3E9D6 and dark #0F0A06. Export a single clean SVG, viewBox 0 0 24 24, outlined strokes, no hidden layers. Avoid: emoji look, clip-art, cartoon faces, thin hairlines, 3D, glow, sparkles, halos, random dots, mixed stroke widths, filled blobs, illegible micro-detail, stock-icon clones."
09-admin-dashboard,Backend (vp-app admin),reports,Reports,vp_view_reports,bar chart document,"Icon ""Reports"" (reports). Meaning: vp_view_reports. Draw: bar chart document. Professional product UI icon, one consistent family. 24x24 grid, 2px live padding, 20x20 safe area, 1.75px stroke, round caps and joins, 2px corner radius. Duotone: primary outline #A97824 (antique gold), secondary flat fill #F1D592 at 100% placed only inside key shapes, max one accent #C0392B (kumkum red) for the meaning-carrying detail. Pixel-snapped, optically balanced, geometric, no gradients, no shadows, no texture, no text/letters unless specified. Must read clearly at 16px, 20px, 24px and 48px on cream #F3E9D6 and dark #0F0A06. Export a single clean SVG, viewBox 0 0 24 24, outlined strokes, no hidden layers. Avoid: emoji look, clip-art, cartoon faces, thin hairlines, 3D, glow, sparkles, halos, random dots, mixed stroke widths, filled blobs, illegible micro-detail, stock-icon clones."
09-admin-dashboard,Backend (vp-app admin),analytics,Analytics,Dashboard,line chart rising,"Icon ""Analytics"" (analytics). Meaning: Dashboard. Draw: line chart rising. Professional product UI icon, one consistent family. 24x24 grid, 2px live padding, 20x20 safe area, 1.75px stroke, round caps and joins, 2px corner radius. Duotone: primary outline #A97824 (antique gold), secondary flat fill #F1D592 at 100% placed only inside key shapes, max one accent #C0392B (kumkum red) for the meaning-carrying detail. Pixel-snapped, optically balanced, geometric, no gradients, no shadows, no texture, no text/letters unless specified. Must read clearly at 16px, 20px, 24px and 48px on cream #F3E9D6 and dark #0F0A06. Export a single clean SVG, viewBox 0 0 24 24, outlined strokes, no hidden layers. Avoid: emoji look, clip-art, cartoon faces, thin hairlines, 3D, glow, sparkles, halos, random dots, mixed stroke widths, filled blobs, illegible micro-detail, stock-icon clones."
09-admin-dashboard,Backend (vp-app admin),conversion,Conversion,Analytics,funnel with arrow,"Icon ""Conversion"" (conversion). Meaning: Analytics. Draw: funnel with arrow. Professional product UI icon, one consistent family. 24x24 grid, 2px live padding, 20x20 safe area, 1.75px stroke, round caps and joins, 2px corner radius. Duotone: primary outline #A97824 (antique gold), secondary flat fill #F1D592 at 100% placed only inside key shapes, max one accent #C0392B (kumkum red) for the meaning-carrying detail. Pixel-snapped, optically balanced, geometric, no gradients, no shadows, no texture, no text/letters unless specified. Must read clearly at 16px, 20px, 24px and 48px on cream #F3E9D6 and dark #0F0A06. Export a single clean SVG, viewBox 0 0 24 24, outlined strokes, no hidden layers. Avoid: emoji look, clip-art, cartoon faces, thin hairlines, 3D, glow, sparkles, halos, random dots, mixed stroke widths, filled blobs, illegible micro-detail, stock-icon clones."
09-admin-dashboard,Backend (vp-app admin),traffic,Traffic,Analytics,cursor with waves,"Icon ""Traffic"" (traffic). Meaning: Analytics. Draw: cursor with waves. Professional product UI icon, one consistent family. 24x24 grid, 2px live padding, 20x20 safe area, 1.75px stroke, round caps and joins, 2px corner radius. Duotone: primary outline #A97824 (antique gold), secondary flat fill #F1D592 at 100% placed only inside key shapes, max one accent #C0392B (kumkum red) for the meaning-carrying detail. Pixel-snapped, optically balanced, geometric, no gradients, no shadows, no texture, no text/letters unless specified. Must read clearly at 16px, 20px, 24px and 48px on cream #F3E9D6 and dark #0F0A06. Export a single clean SVG, viewBox 0 0 24 24, outlined strokes, no hidden layers. Avoid: emoji look, clip-art, cartoon faces, thin hairlines, 3D, glow, sparkles, halos, random dots, mixed stroke widths, filled blobs, illegible micro-detail, stock-icon clones."
09-admin-dashboard,Backend (vp-app admin),inventory,Samagri Inventory,Stock,shelves with jars,"Icon ""Samagri Inventory"" (inventory). Meaning: Stock. Draw: shelves with jars. Professional product UI icon, one consistent family. 24x24 grid, 2px live padding, 20x20 safe area, 1.75px stroke, round caps and joins, 2px corner radius. Duotone: primary outline #A97824 (antique gold), secondary flat fill #F1D592 at 100% placed only inside key shapes, max one accent #C0392B (kumkum red) for the meaning-carrying detail. Pixel-snapped, optically balanced, geometric, no gradients, no shadows, no texture, no text/letters unless specified. Must read clearly at 16px, 20px, 24px and 48px on cream #F3E9D6 and dark #0F0A06. Export a single clean SVG, viewBox 0 0 24 24, outlined strokes, no hidden layers. Avoid: emoji look, clip-art, cartoon faces, thin hairlines, 3D, glow, sparkles, halos, random dots, mixed stroke widths, filled blobs, illegible micro-detail, stock-icon clones."
09-admin-dashboard,Backend (vp-app admin),orders,Orders,WooCommerce,bag with check,"Icon ""Orders"" (orders). Meaning: WooCommerce. Draw: bag with check. Professional product UI icon, one consistent family. 24x24 grid, 2px live padding, 20x20 safe area, 1.75px stroke, round caps and joins, 2px corner radius. Duotone: primary outline #A97824 (antique gold), secondary flat fill #F1D592 at 100% placed only inside key shapes, max one accent #C0392B (kumkum red) for the meaning-carrying detail. Pixel-snapped, optically balanced, geometric, no gradients, no shadows, no texture, no text/letters unless specified. Must read clearly at 16px, 20px, 24px and 48px on cream #F3E9D6 and dark #0F0A06. Export a single clean SVG, viewBox 0 0 24 24, outlined strokes, no hidden layers. Avoid: emoji look, clip-art, cartoon faces, thin hairlines, 3D, glow, sparkles, halos, random dots, mixed stroke widths, filled blobs, illegible micro-detail, stock-icon clones."
09-admin-dashboard,Backend (vp-app admin),coupons-admin,Coupons,Marketing,tickets stack,"Icon ""Coupons"" (coupons-admin). Meaning: Marketing. Draw: tickets stack. Professional product UI icon, one consistent family. 24x24 grid, 2px live padding, 20x20 safe area, 1.75px stroke, round caps and joins, 2px corner radius. Duotone: primary outline #A97824 (antique gold), secondary flat fill #F1D592 at 100% placed only inside key shapes, max one accent #C0392B (kumkum red) for the meaning-carrying detail. Pixel-snapped, optically balanced, geometric, no gradients, no shadows, no texture, no text/letters unless specified. Must read clearly at 16px, 20px, 24px and 48px on cream #F3E9D6 and dark #0F0A06. Export a single clean SVG, viewBox 0 0 24 24, outlined strokes, no hidden layers. Avoid: emoji look, clip-art, cartoon faces, thin hairlines, 3D, glow, sparkles, halos, random dots, mixed stroke widths, filled blobs, illegible micro-detail, stock-icon clones."
09-admin-dashboard,Backend (vp-app admin),campaign,Campaign,Marketing,megaphone,"Icon ""Campaign"" (campaign). Meaning: Marketing. Draw: megaphone. Professional product UI icon, one consistent family. 24x24 grid, 2px live padding, 20x20 safe area, 1.75px stroke, round caps and joins, 2px corner radius. Duotone: primary outline #A97824 (antique gold), secondary flat fill #F1D592 at 100% placed only inside key shapes, max one accent #C0392B (kumkum red) for the meaning-carrying detail. Pixel-snapped, optically balanced, geometric, no gradients, no shadows, no texture, no text/letters unless specified. Must read clearly at 16px, 20px, 24px and 48px on cream #F3E9D6 and dark #0F0A06. Export a single clean SVG, viewBox 0 0 24 24, outlined strokes, no hidden layers. Avoid: emoji look, clip-art, cartoon faces, thin hairlines, 3D, glow, sparkles, halos, random dots, mixed stroke widths, filled blobs, illegible micro-detail, stock-icon clones."
09-admin-dashboard,Backend (vp-app admin),content-pages,Pages,CMS,stack of documents,"Icon ""Pages"" (content-pages). Meaning: CMS. Draw: stack of documents. Professional product UI icon, one consistent family. 24x24 grid, 2px live padding, 20x20 safe area, 1.75px stroke, round caps and joins, 2px corner radius. Duotone: primary outline #A97824 (antique gold), secondary flat fill #F1D592 at 100% placed only inside key shapes, max one accent #C0392B (kumkum red) for the meaning-carrying detail. Pixel-snapped, optically balanced, geometric, no gradients, no shadows, no texture, no text/letters unless specified. Must read clearly at 16px, 20px, 24px and 48px on cream #F3E9D6 and dark #0F0A06. Export a single clean SVG, viewBox 0 0 24 24, outlined strokes, no hidden layers. Avoid: emoji look, clip-art, cartoon faces, thin hairlines, 3D, glow, sparkles, halos, random dots, mixed stroke widths, filled blobs, illegible micro-detail, stock-icon clones."
09-admin-dashboard,Backend (vp-app admin),media-library,Media Library,CMS,images grid,"Icon ""Media Library"" (media-library). Meaning: CMS. Draw: images grid. Professional product UI icon, one consistent family. 24x24 grid, 2px live padding, 20x20 safe area, 1.75px stroke, round caps and joins, 2px corner radius. Duotone: primary outline #A97824 (antique gold), secondary flat fill #F1D592 at 100% placed only inside key shapes, max one accent #C0392B (kumkum red) for the meaning-carrying detail. Pixel-snapped, optically balanced, geometric, no gradients, no shadows, no texture, no text/letters unless specified. Must read clearly at 16px, 20px, 24px and 48px on cream #F3E9D6 and dark #0F0A06. Export a single clean SVG, viewBox 0 0 24 24, outlined strokes, no hidden layers. Avoid: emoji look, clip-art, cartoon faces, thin hairlines, 3D, glow, sparkles, halos, random dots, mixed stroke widths, filled blobs, illegible micro-detail, stock-icon clones."
09-admin-dashboard,Backend (vp-app admin),seo,SEO,Rank Math,magnifier with up arrow,"Icon ""SEO"" (seo). Meaning: Rank Math. Draw: magnifier with up arrow. Professional product UI icon, one consistent family. 24x24 grid, 2px live padding, 20x20 safe area, 1.75px stroke, round caps and joins, 2px corner radius. Duotone: primary outline #A97824 (antique gold), secondary flat fill #F1D592 at 100% placed only inside key shapes, max one accent #C0392B (kumkum red) for the meaning-carrying detail. Pixel-snapped, optically balanced, geometric, no gradients, no shadows, no texture, no text/letters unless specified. Must read clearly at 16px, 20px, 24px and 48px on cream #F3E9D6 and dark #0F0A06. Export a single clean SVG, viewBox 0 0 24 24, outlined strokes, no hidden layers. Avoid: emoji look, clip-art, cartoon faces, thin hairlines, 3D, glow, sparkles, halos, random dots, mixed stroke widths, filled blobs, illegible micro-detail, stock-icon clones."
09-admin-dashboard,Backend (vp-app admin),faq-admin,FAQ Manager,vp-service-faq,list with question mark,"Icon ""FAQ Manager"" (faq-admin). Meaning: vp-service-faq. Draw: list with question mark. Professional product UI icon, one consistent family. 24x24 grid, 2px live padding, 20x20 safe area, 1.75px stroke, round caps and joins, 2px corner radius. Duotone: primary outline #A97824 (antique gold), secondary flat fill #F1D592 at 100% placed only inside key shapes, max one accent #C0392B (kumkum red) for the meaning-carrying detail. Pixel-snapped, optically balanced, geometric, no gradients, no shadows, no texture, no text/letters unless specified. Must read clearly at 16px, 20px, 24px and 48px on cream #F3E9D6 and dark #0F0A06. Export a single clean SVG, viewBox 0 0 24 24, outlined strokes, no hidden layers. Avoid: emoji look, clip-art, cartoon faces, thin hairlines, 3D, glow, sparkles, halos, random dots, mixed stroke widths, filled blobs, illegible micro-detail, stock-icon clones."
09-admin-dashboard,Backend (vp-app admin),import,Import,WP All Import,arrow into database,"Icon ""Import"" (import). Meaning: WP All Import. Draw: arrow into database. Professional product UI icon, one consistent family. 24x24 grid, 2px live padding, 20x20 safe area, 1.75px stroke, round caps and joins, 2px corner radius. Duotone: primary outline #A97824 (antique gold), secondary flat fill #F1D592 at 100% placed only inside key shapes, max one accent #C0392B (kumkum red) for the meaning-carrying detail. Pixel-snapped, optically balanced, geometric, no gradients, no shadows, no texture, no text/letters unless specified. Must read clearly at 16px, 20px, 24px and 48px on cream #F3E9D6 and dark #0F0A06. Export a single clean SVG, viewBox 0 0 24 24, outlined strokes, no hidden layers. Avoid: emoji look, clip-art, cartoon faces, thin hairlines, 3D, glow, sparkles, halos, random dots, mixed stroke widths, filled blobs, illegible micro-detail, stock-icon clones."
09-admin-dashboard,Backend (vp-app admin),export,Export,Reports,arrow out of database,"Icon ""Export"" (export). Meaning: Reports. Draw: arrow out of database. Professional product UI icon, one consistent family. 24x24 grid, 2px live padding, 20x20 safe area, 1.75px stroke, round caps and joins, 2px corner radius. Duotone: primary outline #A97824 (antique gold), secondary flat fill #F1D592 at 100% placed only inside key shapes, max one accent #C0392B (kumkum red) for the meaning-carrying detail. Pixel-snapped, optically balanced, geometric, no gradients, no shadows, no texture, no text/letters unless specified. Must read clearly at 16px, 20px, 24px and 48px on cream #F3E9D6 and dark #0F0A06. Export a single clean SVG, viewBox 0 0 24 24, outlined strokes, no hidden layers. Avoid: emoji look, clip-art, cartoon faces, thin hairlines, 3D, glow, sparkles, halos, random dots, mixed stroke widths, filled blobs, illegible micro-detail, stock-icon clones."
09-admin-dashboard,Backend (vp-app admin),integrations,Integrations,Settings,puzzle piece,"Icon ""Integrations"" (integrations). Meaning: Settings. Draw: puzzle piece. Professional product UI icon, one consistent family. 24x24 grid, 2px live padding, 20x20 safe area, 1.75px stroke, round caps and joins, 2px corner radius. Duotone: primary outline #A97824 (antique gold), secondary flat fill #F1D592 at 100% placed only inside key shapes, max one accent #C0392B (kumkum red) for the meaning-carrying detail. Pixel-snapped, optically balanced, geometric, no gradients, no shadows, no texture, no text/letters unless specified. Must read clearly at 16px, 20px, 24px and 48px on cream #F3E9D6 and dark #0F0A06. Export a single clean SVG, viewBox 0 0 24 24, outlined strokes, no hidden layers. Avoid: emoji look, clip-art, cartoon faces, thin hairlines, 3D, glow, sparkles, halos, random dots, mixed stroke widths, filled blobs, illegible micro-detail, stock-icon clones."
09-admin-dashboard,Backend (vp-app admin),api,API,REST,curly braces,"Icon ""API"" (api). Meaning: REST. Draw: curly braces. Professional product UI icon, one consistent family. 24x24 grid, 2px live padding, 20x20 safe area, 1.75px stroke, round caps and joins, 2px corner radius. Duotone: primary outline #A97824 (antique gold), secondary flat fill #F1D592 at 100% placed only inside key shapes, max one accent #C0392B (kumkum red) for the meaning-carrying detail. Pixel-snapped, optically balanced, geometric, no gradients, no shadows, no texture, no text/letters unless specified. Must read clearly at 16px, 20px, 24px and 48px on cream #F3E9D6 and dark #0F0A06. Export a single clean SVG, viewBox 0 0 24 24, outlined strokes, no hidden layers. Avoid: emoji look, clip-art, cartoon faces, thin hairlines, 3D, glow, sparkles, halos, random dots, mixed stroke widths, filled blobs, illegible micro-detail, stock-icon clones."
09-admin-dashboard,Backend (vp-app admin),webhook,Webhook,Integrations,hook with arc,"Icon ""Webhook"" (webhook). Meaning: Integrations. Draw: hook with arc. Professional product UI icon, one consistent family. 24x24 grid, 2px live padding, 20x20 safe area, 1.75px stroke, round caps and joins, 2px corner radius. Duotone: primary outline #A97824 (antique gold), secondary flat fill #F1D592 at 100% placed only inside key shapes, max one accent #C0392B (kumkum red) for the meaning-carrying detail. Pixel-snapped, optically balanced, geometric, no gradients, no shadows, no texture, no text/letters unless specified. Must read clearly at 16px, 20px, 24px and 48px on cream #F3E9D6 and dark #0F0A06. Export a single clean SVG, viewBox 0 0 24 24, outlined strokes, no hidden layers. Avoid: emoji look, clip-art, cartoon faces, thin hairlines, 3D, glow, sparkles, halos, random dots, mixed stroke widths, filled blobs, illegible micro-detail, stock-icon clones."
09-admin-dashboard,Backend (vp-app admin),backup,Backup,Ops,cloud with up arrow,"Icon ""Backup"" (backup). Meaning: Ops. Draw: cloud with up arrow. Professional product UI icon, one consistent family. 24x24 grid, 2px live padding, 20x20 safe area, 1.75px stroke, round caps and joins, 2px corner radius. Duotone: primary outline #A97824 (antique gold), secondary flat fill #F1D592 at 100% placed only inside key shapes, max one accent #C0392B (kumkum red) for the meaning-carrying detail. Pixel-snapped, optically balanced, geometric, no gradients, no shadows, no texture, no text/letters unless specified. Must read clearly at 16px, 20px, 24px and 48px on cream #F3E9D6 and dark #0F0A06. Export a single clean SVG, viewBox 0 0 24 24, outlined strokes, no hidden layers. Avoid: emoji look, clip-art, cartoon faces, thin hairlines, 3D, glow, sparkles, halos, random dots, mixed stroke widths, filled blobs, illegible micro-detail, stock-icon clones."
09-admin-dashboard,Backend (vp-app admin),security,Security,vp-edge-hardening,shield with check,"Icon ""Security"" (security). Meaning: vp-edge-hardening. Draw: shield with check. Professional product UI icon, one consistent family. 24x24 grid, 2px live padding, 20x20 safe area, 1.75px stroke, round caps and joins, 2px corner radius. Duotone: primary outline #A97824 (antique gold), secondary flat fill #F1D592 at 100% placed only inside key shapes, max one accent #C0392B (kumkum red) for the meaning-carrying detail. Pixel-snapped, optically balanced, geometric, no gradients, no shadows, no texture, no text/letters unless specified. Must read clearly at 16px, 20px, 24px and 48px on cream #F3E9D6 and dark #0F0A06. Export a single clean SVG, viewBox 0 0 24 24, outlined strokes, no hidden layers. Avoid: emoji look, clip-art, cartoon faces, thin hairlines, 3D, glow, sparkles, halos, random dots, mixed stroke widths, filled blobs, illegible micro-detail, stock-icon clones."
09-admin-dashboard,Backend (vp-app admin),cache,Cache,Redis,lightning in cylinder,"Icon ""Cache"" (cache). Meaning: Redis. Draw: lightning in cylinder. Professional product UI icon, one consistent family. 24x24 grid, 2px live padding, 20x20 safe area, 1.75px stroke, round caps and joins, 2px corner radius. Duotone: primary outline #A97824 (antique gold), secondary flat fill #F1D592 at 100% placed only inside key shapes, max one accent #C0392B (kumkum red) for the meaning-carrying detail. Pixel-snapped, optically balanced, geometric, no gradients, no shadows, no texture, no text/letters unless specified. Must read clearly at 16px, 20px, 24px and 48px on cream #F3E9D6 and dark #0F0A06. Export a single clean SVG, viewBox 0 0 24 24, outlined strokes, no hidden layers. Avoid: emoji look, clip-art, cartoon faces, thin hairlines, 3D, glow, sparkles, halos, random dots, mixed stroke widths, filled blobs, illegible micro-detail, stock-icon clones."
09-admin-dashboard,Backend (vp-app admin),server-health,Server Health,Ops,server with pulse line,"Icon ""Server Health"" (server-health). Meaning: Ops. Draw: server with pulse line. Professional product UI icon, one consistent family. 24x24 grid, 2px live padding, 20x20 safe area, 1.75px stroke, round caps and joins, 2px corner radius. Duotone: primary outline #A97824 (antique gold), secondary flat fill #F1D592 at 100% placed only inside key shapes, max one accent #C0392B (kumkum red) for the meaning-carrying detail. Pixel-snapped, optically balanced, geometric, no gradients, no shadows, no texture, no text/letters unless specified. Must read clearly at 16px, 20px, 24px and 48px on cream #F3E9D6 and dark #0F0A06. Export a single clean SVG, viewBox 0 0 24 24, outlined strokes, no hidden layers. Avoid: emoji look, clip-art, cartoon faces, thin hairlines, 3D, glow, sparkles, halos, random dots, mixed stroke widths, filled blobs, illegible micro-detail, stock-icon clones."
09-admin-dashboard,Backend (vp-app admin),content-integrity,Content Integrity,vp-content-integrity,document with shield,"Icon ""Content Integrity"" (content-integrity). Meaning: vp-content-integrity. Draw: document with shield. Professional product UI icon, one consistent family. 24x24 grid, 2px live padding, 20x20 safe area, 1.75px stroke, round caps and joins, 2px corner radius. Duotone: primary outline #A97824 (antique gold), secondary flat fill #F1D592 at 100% placed only inside key shapes, max one accent #C0392B (kumkum red) for the meaning-carrying detail. Pixel-snapped, optically balanced, geometric, no gradients, no shadows, no texture, no text/letters unless specified. Must read clearly at 16px, 20px, 24px and 48px on cream #F3E9D6 and dark #0F0A06. Export a single clean SVG, viewBox 0 0 24 24, outlined strokes, no hidden layers. Avoid: emoji look, clip-art, cartoon faces, thin hairlines, 3D, glow, sparkles, halos, random dots, mixed stroke widths, filled blobs, illegible micro-detail, stock-icon clones."
09-admin-dashboard,Backend (vp-app admin),users-admin,Users,Admin,two people,"Icon ""Users"" (users-admin). Meaning: Admin. Draw: two people. Professional product UI icon, one consistent family. 24x24 grid, 2px live padding, 20x20 safe area, 1.75px stroke, round caps and joins, 2px corner radius. Duotone: primary outline #A97824 (antique gold), secondary flat fill #F1D592 at 100% placed only inside key shapes, max one accent #C0392B (kumkum red) for the meaning-carrying detail. Pixel-snapped, optically balanced, geometric, no gradients, no shadows, no texture, no text/letters unless specified. Must read clearly at 16px, 20px, 24px and 48px on cream #F3E9D6 and dark #0F0A06. Export a single clean SVG, viewBox 0 0 24 24, outlined strokes, no hidden layers. Avoid: emoji look, clip-art, cartoon faces, thin hairlines, 3D, glow, sparkles, halos, random dots, mixed stroke widths, filled blobs, illegible micro-detail, stock-icon clones."
09-admin-dashboard,Backend (vp-app admin),branch-ghat,Locations / Ghats,Settings,ghat steps with river,"Icon ""Locations / Ghats"" (branch-ghat). Meaning: Settings. Draw: ghat steps with river. Professional product UI icon, one consistent family. 24x24 grid, 2px live padding, 20x20 safe area, 1.75px stroke, round caps and joins, 2px corner radius. Duotone: primary outline #A97824 (antique gold), secondary flat fill #F1D592 at 100% placed only inside key shapes, max one accent #C0392B (kumkum red) for the meaning-carrying detail. Pixel-snapped, optically balanced, geometric, no gradients, no shadows, no texture, no text/letters unless specified. Must read clearly at 16px, 20px, 24px and 48px on cream #F3E9D6 and dark #0F0A06. Export a single clean SVG, viewBox 0 0 24 24, outlined strokes, no hidden layers. Avoid: emoji look, clip-art, cartoon faces, thin hairlines, 3D, glow, sparkles, halos, random dots, mixed stroke widths, filled blobs, illegible micro-detail, stock-icon clones."
10-priest-app,Backend (Priest portal),my-assignments,My Assignments,Priest home,clipboard with person,"Icon ""My Assignments"" (my-assignments). Meaning: Priest home. Draw: clipboard with person. Professional product UI icon, one consistent family. 24x24 grid, 2px live padding, 20x20 safe area, 1.75px stroke, round caps and joins, 2px corner radius. Duotone: primary outline #A97824 (antique gold), secondary flat fill #F1D592 at 100% placed only inside key shapes, max one accent #C0392B (kumkum red) for the meaning-carrying detail. Pixel-snapped, optically balanced, geometric, no gradients, no shadows, no texture, no text/letters unless specified. Must read clearly at 16px, 20px, 24px and 48px on cream #F3E9D6 and dark #0F0A06. Export a single clean SVG, viewBox 0 0 24 24, outlined strokes, no hidden layers. Avoid: emoji look, clip-art, cartoon faces, thin hairlines, 3D, glow, sparkles, halos, random dots, mixed stroke widths, filled blobs, illegible micro-detail, stock-icon clones."
10-priest-app,Backend (Priest portal),today-schedule,Today,Priest home,sun over calendar,"Icon ""Today"" (today-schedule). Meaning: Priest home. Draw: sun over calendar. Professional product UI icon, one consistent family. 24x24 grid, 2px live padding, 20x20 safe area, 1.75px stroke, round caps and joins, 2px corner radius. Duotone: primary outline #A97824 (antique gold), secondary flat fill #F1D592 at 100% placed only inside key shapes, max one accent #C0392B (kumkum red) for the meaning-carrying detail. Pixel-snapped, optically balanced, geometric, no gradients, no shadows, no texture, no text/letters unless specified. Must read clearly at 16px, 20px, 24px and 48px on cream #F3E9D6 and dark #0F0A06. Export a single clean SVG, viewBox 0 0 24 24, outlined strokes, no hidden layers. Avoid: emoji look, clip-art, cartoon faces, thin hairlines, 3D, glow, sparkles, halos, random dots, mixed stroke widths, filled blobs, illegible micro-detail, stock-icon clones."
10-priest-app,Backend (Priest portal),check-in,Check-in,Attendance,pin with check,"Icon ""Check-in"" (check-in). Meaning: Attendance. Draw: pin with check. Professional product UI icon, one consistent family. 24x24 grid, 2px live padding, 20x20 safe area, 1.75px stroke, round caps and joins, 2px corner radius. Duotone: primary outline #A97824 (antique gold), secondary flat fill #F1D592 at 100% placed only inside key shapes, max one accent #C0392B (kumkum red) for the meaning-carrying detail. Pixel-snapped, optically balanced, geometric, no gradients, no shadows, no texture, no text/letters unless specified. Must read clearly at 16px, 20px, 24px and 48px on cream #F3E9D6 and dark #0F0A06. Export a single clean SVG, viewBox 0 0 24 24, outlined strokes, no hidden layers. Avoid: emoji look, clip-art, cartoon faces, thin hairlines, 3D, glow, sparkles, halos, random dots, mixed stroke widths, filled blobs, illegible micro-detail, stock-icon clones."
10-priest-app,Backend (Priest portal),check-out,Check-out,Attendance,pin with arrow out,"Icon ""Check-out"" (check-out). Meaning: Attendance. Draw: pin with arrow out. Professional product UI icon, one consistent family. 24x24 grid, 2px live padding, 20x20 safe area, 1.75px stroke, round caps and joins, 2px corner radius. Duotone: primary outline #A97824 (antique gold), secondary flat fill #F1D592 at 100% placed only inside key shapes, max one accent #C0392B (kumkum red) for the meaning-carrying detail. Pixel-snapped, optically balanced, geometric, no gradients, no shadows, no texture, no text/letters unless specified. Must read clearly at 16px, 20px, 24px and 48px on cream #F3E9D6 and dark #0F0A06. Export a single clean SVG, viewBox 0 0 24 24, outlined strokes, no hidden layers. Avoid: emoji look, clip-art, cartoon faces, thin hairlines, 3D, glow, sparkles, halos, random dots, mixed stroke widths, filled blobs, illegible micro-detail, stock-icon clones."
10-priest-app,Backend (Priest portal),ritual-checklist,Ritual Checklist,Per booking,checklist with diya,"Icon ""Ritual Checklist"" (ritual-checklist). Meaning: Per booking. Draw: checklist with diya. Professional product UI icon, one consistent family. 24x24 grid, 2px live padding, 20x20 safe area, 1.75px stroke, round caps and joins, 2px corner radius. Duotone: primary outline #A97824 (antique gold), secondary flat fill #F1D592 at 100% placed only inside key shapes, max one accent #C0392B (kumkum red) for the meaning-carrying detail. Pixel-snapped, optically balanced, geometric, no gradients, no shadows, no texture, no text/letters unless specified. Must read clearly at 16px, 20px, 24px and 48px on cream #F3E9D6 and dark #0F0A06. Export a single clean SVG, viewBox 0 0 24 24, outlined strokes, no hidden layers. Avoid: emoji look, clip-art, cartoon faces, thin hairlines, 3D, glow, sparkles, halos, random dots, mixed stroke widths, filled blobs, illegible micro-detail, stock-icon clones."
10-priest-app,Backend (Priest portal),samagri-list,Samagri List,Per booking,basket with list,"Icon ""Samagri List"" (samagri-list). Meaning: Per booking. Draw: basket with list. Professional product UI icon, one consistent family. 24x24 grid, 2px live padding, 20x20 safe area, 1.75px stroke, round caps and joins, 2px corner radius. Duotone: primary outline #A97824 (antique gold), secondary flat fill #F1D592 at 100% placed only inside key shapes, max one accent #C0392B (kumkum red) for the meaning-carrying detail. Pixel-snapped, optically balanced, geometric, no gradients, no shadows, no texture, no text/letters unless specified. Must read clearly at 16px, 20px, 24px and 48px on cream #F3E9D6 and dark #0F0A06. Export a single clean SVG, viewBox 0 0 24 24, outlined strokes, no hidden layers. Avoid: emoji look, clip-art, cartoon faces, thin hairlines, 3D, glow, sparkles, halos, random dots, mixed stroke widths, filled blobs, illegible micro-detail, stock-icon clones."
10-priest-app,Backend (Priest portal),start-ritual,Start Ritual,Session,play inside diya,"Icon ""Start Ritual"" (start-ritual). Meaning: Session. Draw: play inside diya. Professional product UI icon, one consistent family. 24x24 grid, 2px live padding, 20x20 safe area, 1.75px stroke, round caps and joins, 2px corner radius. Duotone: primary outline #A97824 (antique gold), secondary flat fill #F1D592 at 100% placed only inside key shapes, max one accent #C0392B (kumkum red) for the meaning-carrying detail. Pixel-snapped, optically balanced, geometric, no gradients, no shadows, no texture, no text/letters unless specified. Must read clearly at 16px, 20px, 24px and 48px on cream #F3E9D6 and dark #0F0A06. Export a single clean SVG, viewBox 0 0 24 24, outlined strokes, no hidden layers. Avoid: emoji look, clip-art, cartoon faces, thin hairlines, 3D, glow, sparkles, halos, random dots, mixed stroke widths, filled blobs, illegible micro-detail, stock-icon clones."
10-priest-app,Backend (Priest portal),complete-ritual,Complete Ritual,Session,lotus with check,"Icon ""Complete Ritual"" (complete-ritual). Meaning: Session. Draw: lotus with check. Professional product UI icon, one consistent family. 24x24 grid, 2px live padding, 20x20 safe area, 1.75px stroke, round caps and joins, 2px corner radius. Duotone: primary outline #A97824 (antique gold), secondary flat fill #F1D592 at 100% placed only inside key shapes, max one accent #C0392B (kumkum red) for the meaning-carrying detail. Pixel-snapped, optically balanced, geometric, no gradients, no shadows, no texture, no text/letters unless specified. Must read clearly at 16px, 20px, 24px and 48px on cream #F3E9D6 and dark #0F0A06. Export a single clean SVG, viewBox 0 0 24 24, outlined strokes, no hidden layers. Avoid: emoji look, clip-art, cartoon faces, thin hairlines, 3D, glow, sparkles, halos, random dots, mixed stroke widths, filled blobs, illegible micro-detail, stock-icon clones."
10-priest-app,Backend (Priest portal),upload-proof,Upload Proof,After ritual,camera with up arrow,"Icon ""Upload Proof"" (upload-proof). Meaning: After ritual. Draw: camera with up arrow. Professional product UI icon, one consistent family. 24x24 grid, 2px live padding, 20x20 safe area, 1.75px stroke, round caps and joins, 2px corner radius. Duotone: primary outline #A97824 (antique gold), secondary flat fill #F1D592 at 100% placed only inside key shapes, max one accent #C0392B (kumkum red) for the meaning-carrying detail. Pixel-snapped, optically balanced, geometric, no gradients, no shadows, no texture, no text/letters unless specified. Must read clearly at 16px, 20px, 24px and 48px on cream #F3E9D6 and dark #0F0A06. Export a single clean SVG, viewBox 0 0 24 24, outlined strokes, no hidden layers. Avoid: emoji look, clip-art, cartoon faces, thin hairlines, 3D, glow, sparkles, halos, random dots, mixed stroke widths, filled blobs, illegible micro-detail, stock-icon clones."
10-priest-app,Backend (Priest portal),earnings,Earnings,Priest finance,coins stack,"Icon ""Earnings"" (earnings). Meaning: Priest finance. Draw: coins stack. Professional product UI icon, one consistent family. 24x24 grid, 2px live padding, 20x20 safe area, 1.75px stroke, round caps and joins, 2px corner radius. Duotone: primary outline #A97824 (antique gold), secondary flat fill #F1D592 at 100% placed only inside key shapes, max one accent #C0392B (kumkum red) for the meaning-carrying detail. Pixel-snapped, optically balanced, geometric, no gradients, no shadows, no texture, no text/letters unless specified. Must read clearly at 16px, 20px, 24px and 48px on cream #F3E9D6 and dark #0F0A06. Export a single clean SVG, viewBox 0 0 24 24, outlined strokes, no hidden layers. Avoid: emoji look, clip-art, cartoon faces, thin hairlines, 3D, glow, sparkles, halos, random dots, mixed stroke widths, filled blobs, illegible micro-detail, stock-icon clones."
10-priest-app,Backend (Priest portal),leave,Leave / Unavailable,Availability,calendar with minus,"Icon ""Leave / Unavailable"" (leave). Meaning: Availability. Draw: calendar with minus. Professional product UI icon, one consistent family. 24x24 grid, 2px live padding, 20x20 safe area, 1.75px stroke, round caps and joins, 2px corner radius. Duotone: primary outline #A97824 (antique gold), secondary flat fill #F1D592 at 100% placed only inside key shapes, max one accent #C0392B (kumkum red) for the meaning-carrying detail. Pixel-snapped, optically balanced, geometric, no gradients, no shadows, no texture, no text/letters unless specified. Must read clearly at 16px, 20px, 24px and 48px on cream #F3E9D6 and dark #0F0A06. Export a single clean SVG, viewBox 0 0 24 24, outlined strokes, no hidden layers. Avoid: emoji look, clip-art, cartoon faces, thin hairlines, 3D, glow, sparkles, halos, random dots, mixed stroke widths, filled blobs, illegible micro-detail, stock-icon clones."
10-priest-app,Backend (Priest portal),navigation,Navigate to Ghat,Directions,compass needle,"Icon ""Navigate to Ghat"" (navigation). Meaning: Directions. Draw: compass needle. Professional product UI icon, one consistent family. 24x24 grid, 2px live padding, 20x20 safe area, 1.75px stroke, round caps and joins, 2px corner radius. Duotone: primary outline #A97824 (antique gold), secondary flat fill #F1D592 at 100% placed only inside key shapes, max one accent #C0392B (kumkum red) for the meaning-carrying detail. Pixel-snapped, optically balanced, geometric, no gradients, no shadows, no texture, no text/letters unless specified. Must read clearly at 16px, 20px, 24px and 48px on cream #F3E9D6 and dark #0F0A06. Export a single clean SVG, viewBox 0 0 24 24, outlined strokes, no hidden layers. Avoid: emoji look, clip-art, cartoon faces, thin hairlines, 3D, glow, sparkles, halos, random dots, mixed stroke widths, filled blobs, illegible micro-detail, stock-icon clones."
10-priest-app,Backend (Priest portal),devotee-contact,Contact Devotee,Booking detail,person with phone,"Icon ""Contact Devotee"" (devotee-contact). Meaning: Booking detail. Draw: person with phone. Professional product UI icon, one consistent family. 24x24 grid, 2px live padding, 20x20 safe area, 1.75px stroke, round caps and joins, 2px corner radius. Duotone: primary outline #A97824 (antique gold), secondary flat fill #F1D592 at 100% placed only inside key shapes, max one accent #C0392B (kumkum red) for the meaning-carrying detail. Pixel-snapped, optically balanced, geometric, no gradients, no shadows, no texture, no text/letters unless specified. Must read clearly at 16px, 20px, 24px and 48px on cream #F3E9D6 and dark #0F0A06. Export a single clean SVG, viewBox 0 0 24 24, outlined strokes, no hidden layers. Avoid: emoji look, clip-art, cartoon faces, thin hairlines, 3D, glow, sparkles, halos, random dots, mixed stroke widths, filled blobs, illegible micro-detail, stock-icon clones."
10-priest-app,Backend (Priest portal),notes,Notes,Booking detail,sticky note,"Icon ""Notes"" (notes). Meaning: Booking detail. Draw: sticky note. Professional product UI icon, one consistent family. 24x24 grid, 2px live padding, 20x20 safe area, 1.75px stroke, round caps and joins, 2px corner radius. Duotone: primary outline #A97824 (antique gold), secondary flat fill #F1D592 at 100% placed only inside key shapes, max one accent #C0392B (kumkum red) for the meaning-carrying detail. Pixel-snapped, optically balanced, geometric, no gradients, no shadows, no texture, no text/letters unless specified. Must read clearly at 16px, 20px, 24px and 48px on cream #F3E9D6 and dark #0F0A06. Export a single clean SVG, viewBox 0 0 24 24, outlined strokes, no hidden layers. Avoid: emoji look, clip-art, cartoon faces, thin hairlines, 3D, glow, sparkles, halos, random dots, mixed stroke widths, filled blobs, illegible micro-detail, stock-icon clones."
11-logistics-prasad,Backend,packing,Packing,Fulfilment,open box,"Icon ""Packing"" (packing). Meaning: Fulfilment. Draw: open box. Professional product UI icon, one consistent family. 24x24 grid, 2px live padding, 20x20 safe area, 1.75px stroke, round caps and joins, 2px corner radius. Duotone: primary outline #A97824 (antique gold), secondary flat fill #F1D592 at 100% placed only inside key shapes, max one accent #C0392B (kumkum red) for the meaning-carrying detail. Pixel-snapped, optically balanced, geometric, no gradients, no shadows, no texture, no text/letters unless specified. Must read clearly at 16px, 20px, 24px and 48px on cream #F3E9D6 and dark #0F0A06. Export a single clean SVG, viewBox 0 0 24 24, outlined strokes, no hidden layers. Avoid: emoji look, clip-art, cartoon faces, thin hairlines, 3D, glow, sparkles, halos, random dots, mixed stroke widths, filled blobs, illegible micro-detail, stock-icon clones."
11-logistics-prasad,Backend,packed,Packed,Fulfilment,closed box with tape,"Icon ""Packed"" (packed). Meaning: Fulfilment. Draw: closed box with tape. Professional product UI icon, one consistent family. 24x24 grid, 2px live padding, 20x20 safe area, 1.75px stroke, round caps and joins, 2px corner radius. Duotone: primary outline #A97824 (antique gold), secondary flat fill #F1D592 at 100% placed only inside key shapes, max one accent #C0392B (kumkum red) for the meaning-carrying detail. Pixel-snapped, optically balanced, geometric, no gradients, no shadows, no texture, no text/letters unless specified. Must read clearly at 16px, 20px, 24px and 48px on cream #F3E9D6 and dark #0F0A06. Export a single clean SVG, viewBox 0 0 24 24, outlined strokes, no hidden layers. Avoid: emoji look, clip-art, cartoon faces, thin hairlines, 3D, glow, sparkles, halos, random dots, mixed stroke widths, filled blobs, illegible micro-detail, stock-icon clones."
11-logistics-prasad,Backend,shipped,Shipped,Fulfilment,truck,"Icon ""Shipped"" (shipped). Meaning: Fulfilment. Draw: truck. Professional product UI icon, one consistent family. 24x24 grid, 2px live padding, 20x20 safe area, 1.75px stroke, round caps and joins, 2px corner radius. Duotone: primary outline #A97824 (antique gold), secondary flat fill #F1D592 at 100% placed only inside key shapes, max one accent #C0392B (kumkum red) for the meaning-carrying detail. Pixel-snapped, optically balanced, geometric, no gradients, no shadows, no texture, no text/letters unless specified. Must read clearly at 16px, 20px, 24px and 48px on cream #F3E9D6 and dark #0F0A06. Export a single clean SVG, viewBox 0 0 24 24, outlined strokes, no hidden layers. Avoid: emoji look, clip-art, cartoon faces, thin hairlines, 3D, glow, sparkles, halos, random dots, mixed stroke widths, filled blobs, illegible micro-detail, stock-icon clones."
11-logistics-prasad,Backend,out-for-delivery,Out for Delivery,Tracking,scooter with box,"Icon ""Out for Delivery"" (out-for-delivery). Meaning: Tracking. Draw: scooter with box. Professional product UI icon, one consistent family. 24x24 grid, 2px live padding, 20x20 safe area, 1.75px stroke, round caps and joins, 2px corner radius. Duotone: primary outline #A97824 (antique gold), secondary flat fill #F1D592 at 100% placed only inside key shapes, max one accent #C0392B (kumkum red) for the meaning-carrying detail. Pixel-snapped, optically balanced, geometric, no gradients, no shadows, no texture, no text/letters unless specified. Must read clearly at 16px, 20px, 24px and 48px on cream #F3E9D6 and dark #0F0A06. Export a single clean SVG, viewBox 0 0 24 24, outlined strokes, no hidden layers. Avoid: emoji look, clip-art, cartoon faces, thin hairlines, 3D, glow, sparkles, halos, random dots, mixed stroke widths, filled blobs, illegible micro-detail, stock-icon clones."
11-logistics-prasad,Backend,delivered,Delivered,Tracking,box with check,"Icon ""Delivered"" (delivered). Meaning: Tracking. Draw: box with check. Professional product UI icon, one consistent family. 24x24 grid, 2px live padding, 20x20 safe area, 1.75px stroke, round caps and joins, 2px corner radius. Duotone: primary outline #A97824 (antique gold), secondary flat fill #F1D592 at 100% placed only inside key shapes, max one accent #C0392B (kumkum red) for the meaning-carrying detail. Pixel-snapped, optically balanced, geometric, no gradients, no shadows, no texture, no text/letters unless specified. Must read clearly at 16px, 20px, 24px and 48px on cream #F3E9D6 and dark #0F0A06. Export a single clean SVG, viewBox 0 0 24 24, outlined strokes, no hidden layers. Avoid: emoji look, clip-art, cartoon faces, thin hairlines, 3D, glow, sparkles, halos, random dots, mixed stroke widths, filled blobs, illegible micro-detail, stock-icon clones."
11-logistics-prasad,Backend,returned,Returned,Tracking,box with back arrow,"Icon ""Returned"" (returned). Meaning: Tracking. Draw: box with back arrow. Professional product UI icon, one consistent family. 24x24 grid, 2px live padding, 20x20 safe area, 1.75px stroke, round caps and joins, 2px corner radius. Duotone: primary outline #A97824 (antique gold), secondary flat fill #F1D592 at 100% placed only inside key shapes, max one accent #C0392B (kumkum red) for the meaning-carrying detail. Pixel-snapped, optically balanced, geometric, no gradients, no shadows, no texture, no text/letters unless specified. Must read clearly at 16px, 20px, 24px and 48px on cream #F3E9D6 and dark #0F0A06. Export a single clean SVG, viewBox 0 0 24 24, outlined strokes, no hidden layers. Avoid: emoji look, clip-art, cartoon faces, thin hairlines, 3D, glow, sparkles, halos, random dots, mixed stroke widths, filled blobs, illegible micro-detail, stock-icon clones."
11-logistics-prasad,Backend,courier,Courier Partner,Settings,handshake over box,"Icon ""Courier Partner"" (courier). Meaning: Settings. Draw: handshake over box. Professional product UI icon, one consistent family. 24x24 grid, 2px live padding, 20x20 safe area, 1.75px stroke, round caps and joins, 2px corner radius. Duotone: primary outline #A97824 (antique gold), secondary flat fill #F1D592 at 100% placed only inside key shapes, max one accent #C0392B (kumkum red) for the meaning-carrying detail. Pixel-snapped, optically balanced, geometric, no gradients, no shadows, no texture, no text/letters unless specified. Must read clearly at 16px, 20px, 24px and 48px on cream #F3E9D6 and dark #0F0A06. Export a single clean SVG, viewBox 0 0 24 24, outlined strokes, no hidden layers. Avoid: emoji look, clip-art, cartoon faces, thin hairlines, 3D, glow, sparkles, halos, random dots, mixed stroke widths, filled blobs, illegible micro-detail, stock-icon clones."
11-logistics-prasad,Backend,vendor,Vendor / Supplier,Purchasing,shop awning,"Icon ""Vendor / Supplier"" (vendor). Meaning: Purchasing. Draw: shop awning. Professional product UI icon, one consistent family. 24x24 grid, 2px live padding, 20x20 safe area, 1.75px stroke, round caps and joins, 2px corner radius. Duotone: primary outline #A97824 (antique gold), secondary flat fill #F1D592 at 100% placed only inside key shapes, max one accent #C0392B (kumkum red) for the meaning-carrying detail. Pixel-snapped, optically balanced, geometric, no gradients, no shadows, no texture, no text/letters unless specified. Must read clearly at 16px, 20px, 24px and 48px on cream #F3E9D6 and dark #0F0A06. Export a single clean SVG, viewBox 0 0 24 24, outlined strokes, no hidden layers. Avoid: emoji look, clip-art, cartoon faces, thin hairlines, 3D, glow, sparkles, halos, random dots, mixed stroke widths, filled blobs, illegible micro-detail, stock-icon clones."
11-logistics-prasad,Backend,purchase-order,Purchase Order,Purchasing,document with cart,"Icon ""Purchase Order"" (purchase-order). Meaning: Purchasing. Draw: document with cart. Professional product UI icon, one consistent family. 24x24 grid, 2px live padding, 20x20 safe area, 1.75px stroke, round caps and joins, 2px corner radius. Duotone: primary outline #A97824 (antique gold), secondary flat fill #F1D592 at 100% placed only inside key shapes, max one accent #C0392B (kumkum red) for the meaning-carrying detail. Pixel-snapped, optically balanced, geometric, no gradients, no shadows, no texture, no text/letters unless specified. Must read clearly at 16px, 20px, 24px and 48px on cream #F3E9D6 and dark #0F0A06. Export a single clean SVG, viewBox 0 0 24 24, outlined strokes, no hidden layers. Avoid: emoji look, clip-art, cartoon faces, thin hairlines, 3D, glow, sparkles, halos, random dots, mixed stroke widths, filled blobs, illegible micro-detail, stock-icon clones."
11-logistics-prasad,Backend,low-stock,Low Stock,Inventory alert,jar with low level in red,"Icon ""Low Stock"" (low-stock). Meaning: Inventory alert. Draw: jar with low level in red. Professional product UI icon, one consistent family. 24x24 grid, 2px live padding, 20x20 safe area, 1.75px stroke, round caps and joins, 2px corner radius. Duotone: primary outline #A97824 (antique gold), secondary flat fill #F1D592 at 100% placed only inside key shapes, max one accent #C0392B (kumkum red) for the meaning-carrying detail. Pixel-snapped, optically balanced, geometric, no gradients, no shadows, no texture, no text/letters unless specified. Must read clearly at 16px, 20px, 24px and 48px on cream #F3E9D6 and dark #0F0A06. Export a single clean SVG, viewBox 0 0 24 24, outlined strokes, no hidden layers. Avoid: emoji look, clip-art, cartoon faces, thin hairlines, 3D, glow, sparkles, halos, random dots, mixed stroke widths, filled blobs, illegible micro-detail, stock-icon clones."
12-communication,Backend,sms,SMS,Reminders,phone with bubble,"Icon ""SMS"" (sms). Meaning: Reminders. Draw: phone with bubble. Professional product UI icon, one consistent family. 24x24 grid, 2px live padding, 20x20 safe area, 1.75px stroke, round caps and joins, 2px corner radius. Duotone: primary outline #A97824 (antique gold), secondary flat fill #F1D592 at 100% placed only inside key shapes, max one accent #C0392B (kumkum red) for the meaning-carrying detail. Pixel-snapped, optically balanced, geometric, no gradients, no shadows, no texture, no text/letters unless specified. Must read clearly at 16px, 20px, 24px and 48px on cream #F3E9D6 and dark #0F0A06. Export a single clean SVG, viewBox 0 0 24 24, outlined strokes, no hidden layers. Avoid: emoji look, clip-art, cartoon faces, thin hairlines, 3D, glow, sparkles, halos, random dots, mixed stroke widths, filled blobs, illegible micro-detail, stock-icon clones."
12-communication,Backend,push,Push Notification,App,phone with bell,"Icon ""Push Notification"" (push). Meaning: App. Draw: phone with bell. Professional product UI icon, one consistent family. 24x24 grid, 2px live padding, 20x20 safe area, 1.75px stroke, round caps and joins, 2px corner radius. Duotone: primary outline #A97824 (antique gold), secondary flat fill #F1D592 at 100% placed only inside key shapes, max one accent #C0392B (kumkum red) for the meaning-carrying detail. Pixel-snapped, optically balanced, geometric, no gradients, no shadows, no texture, no text/letters unless specified. Must read clearly at 16px, 20px, 24px and 48px on cream #F3E9D6 and dark #0F0A06. Export a single clean SVG, viewBox 0 0 24 24, outlined strokes, no hidden layers. Avoid: emoji look, clip-art, cartoon faces, thin hairlines, 3D, glow, sparkles, halos, random dots, mixed stroke widths, filled blobs, illegible micro-detail, stock-icon clones."
12-communication,Backend,template,Message Template,Settings,document with brackets,"Icon ""Message Template"" (template). Meaning: Settings. Draw: document with brackets. Professional product UI icon, one consistent family. 24x24 grid, 2px live padding, 20x20 safe area, 1.75px stroke, round caps and joins, 2px corner radius. Duotone: primary outline #A97824 (antique gold), secondary flat fill #F1D592 at 100% placed only inside key shapes, max one accent #C0392B (kumkum red) for the meaning-carrying detail. Pixel-snapped, optically balanced, geometric, no gradients, no shadows, no texture, no text/letters unless specified. Must read clearly at 16px, 20px, 24px and 48px on cream #F3E9D6 and dark #0F0A06. Export a single clean SVG, viewBox 0 0 24 24, outlined strokes, no hidden layers. Avoid: emoji look, clip-art, cartoon faces, thin hairlines, 3D, glow, sparkles, halos, random dots, mixed stroke widths, filled blobs, illegible micro-detail, stock-icon clones."
12-communication,Backend,broadcast,Broadcast,Marketing,tower with waves,"Icon ""Broadcast"" (broadcast). Meaning: Marketing. Draw: tower with waves. Professional product UI icon, one consistent family. 24x24 grid, 2px live padding, 20x20 safe area, 1.75px stroke, round caps and joins, 2px corner radius. Duotone: primary outline #A97824 (antique gold), secondary flat fill #F1D592 at 100% placed only inside key shapes, max one accent #C0392B (kumkum red) for the meaning-carrying detail. Pixel-snapped, optically balanced, geometric, no gradients, no shadows, no texture, no text/letters unless specified. Must read clearly at 16px, 20px, 24px and 48px on cream #F3E9D6 and dark #0F0A06. Export a single clean SVG, viewBox 0 0 24 24, outlined strokes, no hidden layers. Avoid: emoji look, clip-art, cartoon faces, thin hairlines, 3D, glow, sparkles, halos, random dots, mixed stroke widths, filled blobs, illegible micro-detail, stock-icon clones."
12-communication,Backend,inbox,Inbox,Support,tray with envelope,"Icon ""Inbox"" (inbox). Meaning: Support. Draw: tray with envelope. Professional product UI icon, one consistent family. 24x24 grid, 2px live padding, 20x20 safe area, 1.75px stroke, round caps and joins, 2px corner radius. Duotone: primary outline #A97824 (antique gold), secondary flat fill #F1D592 at 100% placed only inside key shapes, max one accent #C0392B (kumkum red) for the meaning-carrying detail. Pixel-snapped, optically balanced, geometric, no gradients, no shadows, no texture, no text/letters unless specified. Must read clearly at 16px, 20px, 24px and 48px on cream #F3E9D6 and dark #0F0A06. Export a single clean SVG, viewBox 0 0 24 24, outlined strokes, no hidden layers. Avoid: emoji look, clip-art, cartoon faces, thin hairlines, 3D, glow, sparkles, halos, random dots, mixed stroke widths, filled blobs, illegible micro-detail, stock-icon clones."
12-communication,Backend,ticket,Support Ticket,Support,ticket with headset,"Icon ""Support Ticket"" (ticket). Meaning: Support. Draw: ticket with headset. Professional product UI icon, one consistent family. 24x24 grid, 2px live padding, 20x20 safe area, 1.75px stroke, round caps and joins, 2px corner radius. Duotone: primary outline #A97824 (antique gold), secondary flat fill #F1D592 at 100% placed only inside key shapes, max one accent #C0392B (kumkum red) for the meaning-carrying detail. Pixel-snapped, optically balanced, geometric, no gradients, no shadows, no texture, no text/letters unless specified. Must read clearly at 16px, 20px, 24px and 48px on cream #F3E9D6 and dark #0F0A06. Export a single clean SVG, viewBox 0 0 24 24, outlined strokes, no hidden layers. Avoid: emoji look, clip-art, cartoon faces, thin hairlines, 3D, glow, sparkles, halos, random dots, mixed stroke widths, filled blobs, illegible micro-detail, stock-icon clones."
12-communication,Backend,feedback,Feedback,Reviews,bubble with star,"Icon ""Feedback"" (feedback). Meaning: Reviews. Draw: bubble with star. Professional product UI icon, one consistent family. 24x24 grid, 2px live padding, 20x20 safe area, 1.75px stroke, round caps and joins, 2px corner radius. Duotone: primary outline #A97824 (antique gold), secondary flat fill #F1D592 at 100% placed only inside key shapes, max one accent #C0392B (kumkum red) for the meaning-carrying detail. Pixel-snapped, optically balanced, geometric, no gradients, no shadows, no texture, no text/letters unless specified. Must read clearly at 16px, 20px, 24px and 48px on cream #F3E9D6 and dark #0F0A06. Export a single clean SVG, viewBox 0 0 24 24, outlined strokes, no hidden layers. Avoid: emoji look, clip-art, cartoon faces, thin hairlines, 3D, glow, sparkles, halos, random dots, mixed stroke widths, filled blobs, illegible micro-detail, stock-icon clones."
12-communication,Backend,schedule-send,Scheduled Send,Reminders,envelope with clock,"Icon ""Scheduled Send"" (schedule-send). Meaning: Reminders. Draw: envelope with clock. Professional product UI icon, one consistent family. 24x24 grid, 2px live padding, 20x20 safe area, 1.75px stroke, round caps and joins, 2px corner radius. Duotone: primary outline #A97824 (antique gold), secondary flat fill #F1D592 at 100% placed only inside key shapes, max one accent #C0392B (kumkum red) for the meaning-carrying detail. Pixel-snapped, optically balanced, geometric, no gradients, no shadows, no texture, no text/letters unless specified. Must read clearly at 16px, 20px, 24px and 48px on cream #F3E9D6 and dark #0F0A06. Export a single clean SVG, viewBox 0 0 24 24, outlined strokes, no hidden layers. Avoid: emoji look, clip-art, cartoon faces, thin hairlines, 3D, glow, sparkles, halos, random dots, mixed stroke widths, filled blobs, illegible micro-detail, stock-icon clones."
13-status-states,Frontend + Backend,status-held,Held,Reservation status,"hourglass, accent amber #D99A1E","Icon ""Held"" (status-held). Meaning: Reservation status. Draw: hourglass, accent amber #D99A1E. Professional product UI icon, one consistent family. 24x24 grid, 2px live padding, 20x20 safe area, 1.75px stroke, round caps and joins, 2px corner radius. Duotone: primary outline #A97824 (antique gold), secondary flat fill #F1D592 at 100% placed only inside key shapes, the semantic colour given in the subject instead of red as accent for the meaning-carrying detail. Pixel-snapped, optically balanced, geometric, no gradients, no shadows, no texture, no text/letters unless specified. Must read clearly at 16px, 20px, 24px and 48px on cream #F3E9D6 and dark #0F0A06. Export a single clean SVG, viewBox 0 0 24 24, outlined strokes, no hidden layers. Avoid: emoji look, clip-art, cartoon faces, thin hairlines, 3D, glow, sparkles, halos, random dots, mixed stroke widths, filled blobs, illegible micro-detail, stock-icon clones."
13-status-states,Frontend + Backend,status-confirmed,Confirmed,Reservation status,"circle check, accent green #1F7A4D","Icon ""Confirmed"" (status-confirmed). Meaning: Reservation status. Draw: circle check, accent green #1F7A4D. Professional product UI icon, one consistent family. 24x24 grid, 2px live padding, 20x20 safe area, 1.75px stroke, round caps and joins, 2px corner radius. Duotone: primary outline #A97824 (antique gold), secondary flat fill #F1D592 at 100% placed only inside key shapes, the semantic colour given in the subject instead of red as accent for the meaning-carrying detail. Pixel-snapped, optically balanced, geometric, no gradients, no shadows, no texture, no text/letters unless specified. Must read clearly at 16px, 20px, 24px and 48px on cream #F3E9D6 and dark #0F0A06. Export a single clean SVG, viewBox 0 0 24 24, outlined strokes, no hidden layers. Avoid: emoji look, clip-art, cartoon faces, thin hairlines, 3D, glow, sparkles, halos, random dots, mixed stroke widths, filled blobs, illegible micro-detail, stock-icon clones."
13-status-states,Frontend + Backend,status-expired,Expired,Reservation status,"clock with slash, accent grey #8A7F70","Icon ""Expired"" (status-expired). Meaning: Reservation status. Draw: clock with slash, accent grey #8A7F70. Professional product UI icon, one consistent family. 24x24 grid, 2px live padding, 20x20 safe area, 1.75px stroke, round caps and joins, 2px corner radius. Duotone: primary outline #A97824 (antique gold), secondary flat fill #F1D592 at 100% placed only inside key shapes, the semantic colour given in the subject instead of red as accent for the meaning-carrying detail. Pixel-snapped, optically balanced, geometric, no gradients, no shadows, no texture, no text/letters unless specified. Must read clearly at 16px, 20px, 24px and 48px on cream #F3E9D6 and dark #0F0A06. Export a single clean SVG, viewBox 0 0 24 24, outlined strokes, no hidden layers. Avoid: emoji look, clip-art, cartoon faces, thin hairlines, 3D, glow, sparkles, halos, random dots, mixed stroke widths, filled blobs, illegible micro-detail, stock-icon clones."
13-status-states,Frontend + Backend,status-cancelled,Cancelled,Reservation status,"circle X, accent red #C0392B","Icon ""Cancelled"" (status-cancelled). Meaning: Reservation status. Draw: circle X, accent red #C0392B. Professional product UI icon, one consistent family. 24x24 grid, 2px live padding, 20x20 safe area, 1.75px stroke, round caps and joins, 2px corner radius. Duotone: primary outline #A97824 (antique gold), secondary flat fill #F1D592 at 100% placed only inside key shapes, the semantic colour given in the subject instead of red as accent for the meaning-carrying detail. Pixel-snapped, optically balanced, geometric, no gradients, no shadows, no texture, no text/letters unless specified. Must read clearly at 16px, 20px, 24px and 48px on cream #F3E9D6 and dark #0F0A06. Export a single clean SVG, viewBox 0 0 24 24, outlined strokes, no hidden layers. Avoid: emoji look, clip-art, cartoon faces, thin hairlines, 3D, glow, sparkles, halos, random dots, mixed stroke widths, filled blobs, illegible micro-detail, stock-icon clones."
13-status-states,Frontend + Backend,status-pending,Pending,Orders,"three dots in circle, accent amber #D99A1E","Icon ""Pending"" (status-pending). Meaning: Orders. Draw: three dots in circle, accent amber #D99A1E. Professional product UI icon, one consistent family. 24x24 grid, 2px live padding, 20x20 safe area, 1.75px stroke, round caps and joins, 2px corner radius. Duotone: primary outline #A97824 (antique gold), secondary flat fill #F1D592 at 100% placed only inside key shapes, the semantic colour given in the subject instead of red as accent for the meaning-carrying detail. Pixel-snapped, optically balanced, geometric, no gradients, no shadows, no texture, no text/letters unless specified. Must read clearly at 16px, 20px, 24px and 48px on cream #F3E9D6 and dark #0F0A06. Export a single clean SVG, viewBox 0 0 24 24, outlined strokes, no hidden layers. Avoid: emoji look, clip-art, cartoon faces, thin hairlines, 3D, glow, sparkles, halos, random dots, mixed stroke widths, filled blobs, illegible micro-detail, stock-icon clones."
13-status-states,Frontend + Backend,status-in-progress,In Progress,Sessions,"half-filled circle, accent blue #2C6E9B","Icon ""In Progress"" (status-in-progress). Meaning: Sessions. Draw: half-filled circle, accent blue #2C6E9B. Professional product UI icon, one consistent family. 24x24 grid, 2px live padding, 20x20 safe area, 1.75px stroke, round caps and joins, 2px corner radius. Duotone: primary outline #A97824 (antique gold), secondary flat fill #F1D592 at 100% placed only inside key shapes, the semantic colour given in the subject instead of red as accent for the meaning-carrying detail. Pixel-snapped, optically balanced, geometric, no gradients, no shadows, no texture, no text/letters unless specified. Must read clearly at 16px, 20px, 24px and 48px on cream #F3E9D6 and dark #0F0A06. Export a single clean SVG, viewBox 0 0 24 24, outlined strokes, no hidden layers. Avoid: emoji look, clip-art, cartoon faces, thin hairlines, 3D, glow, sparkles, halos, random dots, mixed stroke widths, filled blobs, illegible micro-detail, stock-icon clones."
13-status-states,Frontend + Backend,status-completed,Completed,Sessions,"lotus with check, accent green #1F7A4D","Icon ""Completed"" (status-completed). Meaning: Sessions. Draw: lotus with check, accent green #1F7A4D. Professional product UI icon, one consistent family. 24x24 grid, 2px live padding, 20x20 safe area, 1.75px stroke, round caps and joins, 2px corner radius. Duotone: primary outline #A97824 (antique gold), secondary flat fill #F1D592 at 100% placed only inside key shapes, the semantic colour given in the subject instead of red as accent for the meaning-carrying detail. Pixel-snapped, optically balanced, geometric, no gradients, no shadows, no texture, no text/letters unless specified. Must read clearly at 16px, 20px, 24px and 48px on cream #F3E9D6 and dark #0F0A06. Export a single clean SVG, viewBox 0 0 24 24, outlined strokes, no hidden layers. Avoid: emoji look, clip-art, cartoon faces, thin hairlines, 3D, glow, sparkles, halos, random dots, mixed stroke widths, filled blobs, illegible micro-detail, stock-icon clones."
13-status-states,Frontend + Backend,status-refunded,Refunded,Orders,"rupee with back arrow, accent blue #2C6E9B","Icon ""Refunded"" (status-refunded). Meaning: Orders. Draw: rupee with back arrow, accent blue #2C6E9B. Professional product UI icon, one consistent family. 24x24 grid, 2px live padding, 20x20 safe area, 1.75px stroke, round caps and joins, 2px corner radius. Duotone: primary outline #A97824 (antique gold), secondary flat fill #F1D592 at 100% placed only inside key shapes, the semantic colour given in the subject instead of red as accent for the meaning-carrying detail. Pixel-snapped, optically balanced, geometric, no gradients, no shadows, no texture, no text/letters unless specified. Must read clearly at 16px, 20px, 24px and 48px on cream #F3E9D6 and dark #0F0A06. Export a single clean SVG, viewBox 0 0 24 24, outlined strokes, no hidden layers. Avoid: emoji look, clip-art, cartoon faces, thin hairlines, 3D, glow, sparkles, halos, random dots, mixed stroke widths, filled blobs, illegible micro-detail, stock-icon clones."
13-status-states,Frontend + Backend,alert-success,Success,Toasts,"check in circle, accent green #1F7A4D","Icon ""Success"" (alert-success). Meaning: Toasts. Draw: check in circle, accent green #1F7A4D. Professional product UI icon, one consistent family. 24x24 grid, 2px live padding, 20x20 safe area, 1.75px stroke, round caps and joins, 2px corner radius. Duotone: primary outline #A97824 (antique gold), secondary flat fill #F1D592 at 100% placed only inside key shapes, the semantic colour given in the subject instead of red as accent for the meaning-carrying detail. Pixel-snapped, optically balanced, geometric, no gradients, no shadows, no texture, no text/letters unless specified. Must read clearly at 16px, 20px, 24px and 48px on cream #F3E9D6 and dark #0F0A06. Export a single clean SVG, viewBox 0 0 24 24, outlined strokes, no hidden layers. Avoid: emoji look, clip-art, cartoon faces, thin hairlines, 3D, glow, sparkles, halos, random dots, mixed stroke widths, filled blobs, illegible micro-detail, stock-icon clones."
13-status-states,Frontend + Backend,alert-error,Error,Toasts,"exclamation in octagon, accent red #C0392B","Icon ""Error"" (alert-error). Meaning: Toasts. Draw: exclamation in octagon, accent red #C0392B. Professional product UI icon, one consistent family. 24x24 grid, 2px live padding, 20x20 safe area, 1.75px stroke, round caps and joins, 2px corner radius. Duotone: primary outline #A97824 (antique gold), secondary flat fill #F1D592 at 100% placed only inside key shapes, the semantic colour given in the subject instead of red as accent for the meaning-carrying detail. Pixel-snapped, optically balanced, geometric, no gradients, no shadows, no texture, no text/letters unless specified. Must read clearly at 16px, 20px, 24px and 48px on cream #F3E9D6 and dark #0F0A06. Export a single clean SVG, viewBox 0 0 24 24, outlined strokes, no hidden layers. Avoid: emoji look, clip-art, cartoon faces, thin hairlines, 3D, glow, sparkles, halos, random dots, mixed stroke widths, filled blobs, illegible micro-detail, stock-icon clones."
13-status-states,Frontend + Backend,alert-warning,Warning,Toasts,"exclamation in triangle, accent amber #D99A1E","Icon ""Warning"" (alert-warning). Meaning: Toasts. Draw: exclamation in triangle, accent amber #D99A1E. Professional product UI icon, one consistent family. 24x24 grid, 2px live padding, 20x20 safe area, 1.75px stroke, round caps and joins, 2px corner radius. Duotone: primary outline #A97824 (antique gold), secondary flat fill #F1D592 at 100% placed only inside key shapes, the semantic colour given in the subject instead of red as accent for the meaning-carrying detail. Pixel-snapped, optically balanced, geometric, no gradients, no shadows, no texture, no text/letters unless specified. Must read clearly at 16px, 20px, 24px and 48px on cream #F3E9D6 and dark #0F0A06. Export a single clean SVG, viewBox 0 0 24 24, outlined strokes, no hidden layers. Avoid: emoji look, clip-art, cartoon faces, thin hairlines, 3D, glow, sparkles, halos, random dots, mixed stroke widths, filled blobs, illegible micro-detail, stock-icon clones."
13-status-states,Frontend + Backend,alert-info,Info,Toasts,"i in circle, accent blue #2C6E9B","Icon ""Info"" (alert-info). Meaning: Toasts. Draw: i in circle, accent blue #2C6E9B. Professional product UI icon, one consistent family. 24x24 grid, 2px live padding, 20x20 safe area, 1.75px stroke, round caps and joins, 2px corner radius. Duotone: primary outline #A97824 (antique gold), secondary flat fill #F1D592 at 100% placed only inside key shapes, the semantic colour given in the subject instead of red as accent for the meaning-carrying detail. Pixel-snapped, optically balanced, geometric, no gradients, no shadows, no texture, no text/letters unless specified. Must read clearly at 16px, 20px, 24px and 48px on cream #F3E9D6 and dark #0F0A06. Export a single clean SVG, viewBox 0 0 24 24, outlined strokes, no hidden layers. Avoid: emoji look, clip-art, cartoon faces, thin hairlines, 3D, glow, sparkles, halos, random dots, mixed stroke widths, filled blobs, illegible micro-detail, stock-icon clones."
13-status-states,Frontend + Backend,empty-state,Empty State,Empty lists,unlit diya (illustration-size 96px allowed),"Icon ""Empty State"" (empty-state). Meaning: Empty lists. Draw: unlit diya (illustration-size 96px allowed). Professional product UI icon, one consistent family. 24x24 grid, 2px live padding, 20x20 safe area, 1.75px stroke, round caps and joins, 2px corner radius. Duotone: primary outline #A97824 (antique gold), secondary flat fill #F1D592 at 100% placed only inside key shapes, the semantic colour given in the subject instead of red as accent for the meaning-carrying detail. Pixel-snapped, optically balanced, geometric, no gradients, no shadows, no texture, no text/letters unless specified. Must read clearly at 16px, 20px, 24px and 48px on cream #F3E9D6 and dark #0F0A06. Export a single clean SVG, viewBox 0 0 24 24, outlined strokes, no hidden layers. Avoid: emoji look, clip-art, cartoon faces, thin hairlines, 3D, glow, sparkles, halos, random dots, mixed stroke widths, filled blobs, illegible micro-detail, stock-icon clones."
13-status-states,Frontend + Backend,offline,Offline,Network,"cloud with slash, accent grey #8A7F70","Icon ""Offline"" (offline). Meaning: Network. Draw: cloud with slash, accent grey #8A7F70. Professional product UI icon, one consistent family. 24x24 grid, 2px live padding, 20x20 safe area, 1.75px stroke, round caps and joins, 2px corner radius. Duotone: primary outline #A97824 (antique gold), secondary flat fill #F1D592 at 100% placed only inside key shapes, the semantic colour given in the subject instead of red as accent for the meaning-carrying detail. Pixel-snapped, optically balanced, geometric, no gradients, no shadows, no texture, no text/letters unless specified. Must read clearly at 16px, 20px, 24px and 48px on cream #F3E9D6 and dark #0F0A06. Export a single clean SVG, viewBox 0 0 24 24, outlined strokes, no hidden layers. Avoid: emoji look, clip-art, cartoon faces, thin hairlines, 3D, glow, sparkles, halos, random dots, mixed stroke widths, filled blobs, illegible micro-detail, stock-icon clones."
13-status-states,Frontend + Backend,loading,Loading,Spinners,three-quarter ring,"Icon ""Loading"" (loading). Meaning: Spinners. Draw: three-quarter ring. Professional product UI icon, one consistent family. 24x24 grid, 2px live padding, 20x20 safe area, 1.75px stroke, round caps and joins, 2px corner radius. Duotone: primary outline #A97824 (antique gold), secondary flat fill #F1D592 at 100% placed only inside key shapes, the semantic colour given in the subject instead of red as accent for the meaning-carrying detail. Pixel-snapped, optically balanced, geometric, no gradients, no shadows, no texture, no text/letters unless specified. Must read clearly at 16px, 20px, 24px and 48px on cream #F3E9D6 and dark #0F0A06. Export a single clean SVG, viewBox 0 0 24 24, outlined strokes, no hidden layers. Avoid: emoji look, clip-art, cartoon faces, thin hairlines, 3D, glow, sparkles, halos, random dots, mixed stroke widths, filled blobs, illegible micro-detail, stock-icon clones."
